"","Date","TDa","Volatility","Volume","Roll"
"2",2013-07-16,-0.286087906130056,0.88047,403738,0
"3",2013-07-17,0.229389722928076,0.95238,411396,0
"4",2013-07-18,0.0565205747819169,1.38237,604849,0
"5",2013-07-19,0.232793171939166,1.58648,755453,0
"6",2013-07-22,-0.516204975088128,1.37157,802068,0
"7",2013-07-23,0.178537218354202,1.23392,577058,0
"8",2013-07-24,-0.0954981799347006,2.03209,899236,0
"9",2013-07-25,0.386807066849456,1.67642,650254,0
"10",2013-07-26,-0.235906389539529,1.20935,400043,0
"11",2013-07-29,-0.0666181843570428,1.02343,340094,0
"12",2013-07-30,0.171166807268881,1.11808,656291,0
"13",2013-07-31,-0.0083352760773352,2.19486,783179,0
"14",2013-08-01,-0.278129077969048,0.91455,1106474,0
"15",2013-08-02,0.0203814763693271,0.73801,550863,0
"16",2013-08-05,0.0713045024442849,1.11023,341017,0
"17",2013-08-06,0.208507177753386,1.44154,761324,0
"18",2013-08-07,-0.336033434470766,1.35099,741450,1
"19",2013-08-08,0.512959062556536,1.38436,1357261,1
"20",2013-08-09,-0.246590938949777,1.62277,906521,1
"21",2013-08-12,0.116380404965622,1.37712,538523,1
"22",2013-08-13,-0.458948192042114,1.31926,558796,0
"23",2013-08-14,0.351653491200202,1.29955,637520,0
"24",2013-08-15,-0.194879058339611,1.09833,569968,0
"25",2013-08-16,0.325912658246178,1.45573,667602,0
"26",2013-08-19,-0.193823547216085,0.96935,425155,0
"27",2013-08-20,-0.0645729150430785,2.1855,845895,0
"28",2013-08-21,0.270193879073126,1.42588,685761,0
"29",2013-08-22,-0.137682065025824,1.35855,563977,0
"30",2013-08-23,-0.226962147670279,2.45059,742907,0
"31",2013-08-26,0.502365245462611,0.79031,712570,0
"32",2013-08-27,-0.504965254957542,0.84898,1811795,0
"33",2013-08-28,-0.454561642549056,1.17707,1616705,0
"34",2013-08-29,-0.0983540523018267,2.17729,1017724,0
"35",2013-08-30,0.80678890554282,1.6632,1295702,0
"36",2013-09-03,-0.09375884579222,1.67183,990047,0
"37",2013-09-04,0.126355259912363,1.06938,536654,0
"38",2013-09-05,-0.147261048611043,1.21478,551911,0
"39",2013-09-06,-0.255259979240615,1.29573,1304135,0
"40",2013-09-09,-0.136141166113145,1.33539,989159,1
"41",2013-09-10,0.340612574463492,1.06952,1337609,1
"42",2013-09-11,0.23574016478978,0.96154,693301,1
"43",2013-09-12,-0.0368394308460676,1.15785,612214,0
"44",2013-09-13,0.158203211827844,1.33848,404274,0
"45",2013-09-16,-0.654783309054354,1.07583,773058,0
"46",2013-09-17,0.324914438884799,1.05988,845203,0
"47",2013-09-18,0.141748954007787,2.55946,993770,0
"48",2013-09-19,-0.229283020505915,1.52311,861456,0
"49",2013-09-20,0.238401376096062,1.40323,703801,0
"50",2013-09-23,-0.214055632181402,0.80494,738907,0
"51",2013-09-24,0.312764522934427,1.20903,729714,0
"52",2013-09-25,-0.459150506108618,1.43709,614199,0
"53",2013-09-26,0.182793180044079,0.75512,367836,0
"54",2013-09-27,-0.167148103051686,1.27165,522749,0
"55",2013-09-30,0.233653944474535,1.6825,666072,0
"56",2013-10-01,-0.176909170934489,1.03599,792381,0
"57",2013-10-02,-0.000169510407504347,2.56547,1378299,0
"58",2013-10-03,0.0123412682932125,1.42703,605307,0
"59",2013-10-04,-0.0531853125225643,0.85768,346532,0
"60",2013-10-07,0.33166255741606,1.77706,575824,0
"61",2013-10-08,0.0127894256178098,0.72367,431417,0
"62",2013-10-09,-0.220535305181214,1.39535,1374858,1
"63",2013-10-10,0.0978315824128413,2.04852,852290,1
"64",2013-10-11,-0.0955217075004721,1.14286,768351,1
"65",2013-10-14,-0.0784337189798482,1.27204,333170,0
"66",2013-10-15,-0.0394910864390783,1.15163,684405,0
"67",2013-10-16,0.16848801148463,1.62514,612823,0
"68",2013-10-17,0.121513709364825,1.20946,1219614,0
"69",2013-10-18,-0.0437990059032586,0.68587,519646,0
"70",2013-10-21,0.019794799141658,1.28269,615274,0
"71",2013-10-22,-0.0900413365425132,2.14629,1277056,0
"72",2013-10-23,0.169954389272297,1.30186,1559734,0
"73",2013-10-24,-0.141397035407122,1.31466,697889,0
"74",2013-10-25,0.181390595200599,0.96263,479114,0
"75",2013-10-28,-0.191091727775895,1.15331,537382,0
"76",2013-10-29,0.0945434773189266,0.56481,291636,0
"77",2013-10-30,-0.125355298927868,0.91822,741159,0
"78",2013-10-31,-0.0549429083481249,1.03776,637587,0
"79",2013-11-01,0.224458266102705,1.25993,1221920,0
"80",2013-11-04,-0.26730358172486,0.76381,571652,0
"81",2013-11-05,0.238603325849041,1.30235,820731,0
"82",2013-11-06,0.0114506860398287,1.49171,1249428,0
"83",2013-11-07,-0.00732052147073259,0.73624,594309,1
"84",2013-11-08,-0.30738288321159,0.99971,465295,1
"85",2013-11-11,0.18705238478151,1.07998,316694,1
"86",2013-11-12,0.240720756595444,2.37842,942448,0
"87",2013-11-13,-0.260721836081664,1.08171,495698,0
"88",2013-11-14,0.174975998344333,1.97465,791041,0
"89",2013-11-15,-0.230630155393642,0.61983,495562,0
"90",2013-11-18,0.0949968629819152,1.63593,666623,0
"91",2013-11-19,0.075230072125076,0.91934,496091,0
"92",2013-11-20,-0.223106251328548,1.18941,645997,0
"93",2013-11-21,-0.085574786717495,1.49254,686328,0
"94",2013-11-22,0.25106570390797,1.26322,717496,0
"95",2013-11-25,0.150041547882577,0.97575,653320,0
"96",2013-11-26,0.0530334677914352,0.83111,407883,0
"97",2013-11-27,-0.00967432418548775,0.85869,980922,0
"98",2013-11-29,0.360363614806771,1.13568,483756,0
"99",2013-12-02,-0.521021443446208,1.0095,537280,0
"100",2013-12-03,0.0975790122107933,2.11562,1752078,0
"101",2013-12-04,-0.132449994951375,1.29014,1193995,0
"102",2013-12-05,-0.0398886529617348,0.77326,612059,0
"103",2013-12-06,0.0657280241331893,0.59943,339271,1
"104",2013-12-09,-0.061240290199932,0.5729,712514,1
"105",2013-12-10,0.0030851127103837,0.82101,717937,1
"106",2013-12-11,0.0216042670609496,1.08348,912277,0
"107",2013-12-12,-0.12927998121048,0.5662,541010,0
"108",2013-12-13,-0.0324918021070909,0.80831,777207,0
"109",2013-12-16,0.00381130488842552,0.5727,496992,0
"110",2013-12-17,0.108129563341356,0.88902,278593,0
"111",2013-12-18,-0.144217896654686,0.82501,545122,0
"112",2013-12-19,-0.168476879984828,1.10419,775572,0
"113",2013-12-20,0.171575612106189,0.85964,403583,0
"114",2013-12-23,0.0798904125929934,0.50905,284235,0
"115",2013-12-24,0.0549856679503697,0.25359,114970,0
"116",2013-12-26,0.120673106965966,1.23422,357467,0
"117",2013-12-27,-0.237796224842067,0.69754,474131,0
"118",2013-12-30,0.167767988908186,0.95694,380238,0
"119",2013-12-31,0.288385023319279,0.6795,674915,0
"120",2014-01-02,-0.0571716584452395,1.63599,1342603,0
"121",2014-01-03,0.152307162933967,1.57037,1207432,0
"122",2014-01-06,0.0350105574046847,1.06941,568322,0
"123",2014-01-07,-0.225313237673829,0.83681,390850,0
"124",2014-01-08,0.176727840589416,1.56815,718990,1
"125",2014-01-09,0.463745422473329,1.57195,815718,1
"126",2014-01-10,-0.803461205446305,1.09973,682505,1
"127",2014-01-13,-0.128131779535203,1.03627,780941,0
"128",2014-01-14,-0.133224549423603,0.96852,495916,0
"129",2014-01-15,0.509130125928082,1.74711,911627,0
"130",2014-01-16,-0.08921585333369,0.71322,539673,0
"131",2014-01-17,-0.399240455357553,0.77174,859604,0
"132",2014-01-21,0.491621026967378,0.89732,490741,0
"133",2014-01-22,-0.171777556196843,1.21528,624456,0
"134",2014-01-23,-0.143155642563286,1.00806,709646,0
"135",2014-01-24,0.298869793123487,1.24378,616833,0
"136",2014-01-27,-0.0552861530477421,1.81128,690579,0
"137",2014-01-28,-0.413715768777144,0.74978,539175,0
"138",2014-01-29,0.168311401763373,1.38209,619113,0
"139",2014-01-30,-0.256298927880378,0.6867,409351,0
"140",2014-01-31,0.327454709016174,1.06322,618539,0
"141",2014-02-03,0.290514139951753,1.56431,1527834,0
"142",2014-02-04,-0.147559095373272,0.73402,329299,0
"143",2014-02-05,-0.280201984786848,1.15241,458960,0
"144",2014-02-06,0.0759855056372289,1.20344,275738,0
"145",2014-02-07,0.0369446271462057,2.10438,793422,1
"146",2014-02-10,-0.152614394555954,0.84199,367648,1
"147",2014-02-11,0.0610144039085056,0.6734,260606,1
"148",2014-02-12,-0.0293747733311555,1.14525,551000,0
"149",2014-02-13,0.0667861031412982,0.72484,273125,0
"150",2014-02-14,0.033513563991946,0.98858,219411,0
"151",2014-02-18,0.124724718911869,1.50055,594953,0
"152",2014-02-19,-0.0679830657750784,1.11111,585356,0
"153",2014-02-20,0.0343957628498933,0.59653,342258,0
"154",2014-02-21,0.0215506297405522,1.00845,535413,0
"155",2014-02-24,-0.328770778071845,1.27752,437395,0
"156",2014-02-25,0.423780719743638,1.06586,422395,0
"157",2014-02-26,-0.305860864241221,0.73469,253638,0
"158",2014-02-27,0.0231699098479328,0.79041,335956,0
"159",2014-02-28,-0.0477760239530014,1.00708,315661,0
"160",2014-03-03,-0.140359424532047,1.0661,934546,0
"161",2014-03-04,0.294953016523793,0.82299,465838,0
"162",2014-03-05,-0.399742754222052,2.26269,687571,0
"163",2014-03-06,0.799582464201514,1.88679,456057,0
"164",2014-03-07,-0.412844622245351,0.76128,277232,1
"165",2014-03-10,0.100494434224246,0.66116,401569,1
"166",2014-03-11,-0.335613679812534,1.36833,447619,1
"167",2014-03-12,0.647186254546882,1.44272,821770,0
"168",2014-03-13,-0.292151376115749,0.62252,276415,0
"169",2014-03-14,-0.0928447631314976,0.92879,450705,0
"170",2014-03-17,-0.111249469692612,1.25178,319112,0
"171",2014-03-18,-0.0646441853013744,1.29005,323245,0
"172",2014-03-19,0.073800107768093,0.92411,291678,0
"173",2014-03-20,-0.090183349992262,1.34907,286971,0
"174",2014-03-21,0.165538219982032,1.14397,338503,0
"175",2014-03-24,-0.191235689594538,1.03294,206070,0
"176",2014-03-25,0.274193234042241,1.45345,272985,0
"177",2014-03-26,-0.181021647495829,0.9698,242654,0
"178",2014-03-27,0.11895901613825,0.52055,260236,0
"179",2014-03-28,-0.0545437702080203,0.79192,250057,0
"180",2014-03-31,0.0114211421494325,1.03854,265501,0
"181",2014-04-01,-0.268955759794364,1.95367,586103,0
"182",2014-04-02,0.0379693100934419,0.87989,420777,0
"183",2014-04-03,0.276551311428587,1.16215,233470,0
"184",2014-04-04,-0.0431536450272613,0.63135,303451,0
"185",2014-04-07,0.286980590107262,1.37817,253805,0
"186",2014-04-08,-0.392897493294556,1.86992,562245,0
"187",2014-04-09,-0.0945865391855646,1.28963,558402,1
"188",2014-04-10,0.177887897792702,0.53763,371173,1
"189",2014-04-11,-0.308299808298681,0.96826,329793,1
"190",2014-04-14,-0.0302979604220294,0.70894,168559,0
"191",2014-04-15,0.232190178744143,0.52153,339396,0
"192",2014-04-16,0.212868569749405,1.49413,583692,0
"193",2014-04-17,0.151432397631402,0.90281,385482,0
"194",2014-04-21,-0.316914467873752,0.55685,169206,0
"195",2014-04-22,0.136991102414706,0.84054,389820,0
"196",2014-04-23,0.0629783421476363,0.7586,298702,0
"197",2014-04-24,-0.111130811243922,0.62051,172162,0
"198",2014-04-25,0.102975229636365,0.51913,248926,0
"199",2014-04-28,0.0664809544674547,0.73549,173935,0
"200",2014-04-29,-0.406619748047204,1.27996,174854,0
"201",2014-04-30,0.438853164286395,0.54791,451473,0
"202",2014-05-01,-0.118630197987097,0.94027,317475,0
"203",2014-05-02,0.0189556335304831,0.82667,230915,0
"204",2014-05-05,-0.128354003957716,0.83011,293001,0
"205",2014-05-06,0.119702793735852,0.93949,205293,0
"206",2014-05-07,-0.151260359353223,1.1612,242281,1
"207",2014-05-08,0.166405741627555,0.52069,162932,1
"208",2014-05-09,-0.00277477235468782,1.34615,194063,1
"209",2014-05-12,-0.104748474765933,0.53293,187291,0
"210",2014-05-13,0.119382276741861,0.99892,277739,0
"211",2014-05-14,-0.301642328856052,0.52448,323016,0
"212",2014-05-15,0.226206024320565,0.62095,167370,0
"213",2014-05-16,0.0691447765640316,0.47005,196901,0
"214",2014-05-19,-0.113393061518075,0.50829,205602,0
"215",2014-05-20,0.160662693493013,0.79957,168575,0
"216",2014-05-21,-0.465780067594262,1.13217,570326,0
"217",2014-05-22,0.398531991135293,0.63141,429568,0
"218",2014-05-23,-0.138427193042037,0.57622,318227,0
"219",2014-05-27,0.133183645244834,0.62926,144779,0
"220",2014-05-28,0.13250135731937,1.11465,235631,0
"221",2014-05-29,-0.223508907270166,1.02875,148697,0
"222",2014-05-30,0.238824284417328,0.63694,163877,0
"223",2014-06-02,-0.160928329367488,0.50626,388942,0
"224",2014-06-03,0.109135297537616,0.53135,145036,0
"225",2014-06-04,-0.324501950941645,1.253,213913,0
"226",2014-06-05,0.264431824249064,1.03862,159581,0
"227",2014-06-06,-0.0139969204858559,0.58495,129384,0
"228",2014-06-09,-0.158437585467838,0.75956,383908,1
"229",2014-06-10,0.341787259816206,1.01881,220535,1
"230",2014-06-11,-0.1809584605188,0.54902,146371,1
"231",2014-06-12,0.086439823083261,1.02329,726241,0
"232",2014-06-13,-0.264163293511121,0.66641,369423,0
"233",2014-06-16,0.0103619066466464,0.37018,227456,0
"234",2014-06-17,-0.0536957292185619,0.92331,270863,0
"235",2014-06-18,0.317538887756669,0.87157,280068,0
"236",2014-06-19,-0.125873086627096,1.1679,295095,0
"237",2014-06-20,-0.246675688358319,0.59766,336013,0
"238",2014-06-23,0.216604008275864,0.61287,273329,0
"239",2014-06-24,-0.0441277209335172,0.67229,238909,0
"240",2014-06-25,0.06962049242553,1.09443,257505,0
"241",2014-06-26,-0.194516682300658,1.02643,251944,0
"242",2014-06-27,0.121755513085079,0.74397,203422,0
"243",2014-06-30,0.0983820363242206,0.98431,228709,0
"244",2014-07-01,-0.0215689441877735,1.41534,296719,0
"245",2014-07-02,-0.369384439240063,1.35417,331962,0
"246",2014-07-03,0.0129737456394939,0.43111,180941,0
"247",2014-07-07,0.307544334676669,0.62877,178553,0
"248",2014-07-08,0.153776501172733,1.15244,302257,0
"249",2014-07-09,-0.22507045296144,0.75617,729759,1
"250",2014-07-10,-0.0714390206568392,1.05541,459065,1
"251",2014-07-11,0.100421086029877,1.64155,618401,1
"252",2014-07-14,0.256925375371695,1.04502,772788,0
"253",2014-07-15,-0.234475103292059,0.96258,553629,0
"254",2014-07-16,0.0912641231713511,0.85795,523007,0
"255",2014-07-17,-0.192501905142149,1.13666,809713,0
"256",2014-07-18,-0.044447189378377,0.60976,421076,0
"257",2014-07-21,0.118698024013326,1.02362,433604,0
"258",2014-07-22,0.0652292669728636,0.55336,185741,0
"259",2014-07-23,-0.157034878876228,0.81237,282181,0
"260",2014-07-24,0.130158586345153,1.18985,343316,0
"261",2014-07-25,-0.15018891443381,1.53296,340958,0
"262",2014-07-28,0.0726873665815234,1.11849,274292,0
"263",2014-07-29,0.0259707331846132,0.85584,338651,0
"264",2014-07-30,-0.568083436099632,2.2481,625687,0
"265",2014-07-31,0.465719435899102,1.87223,597335,0
"266",2014-08-01,-0.0474947302964688,0.87041,535507,0
"267",2014-08-04,0.384469586361135,1.00055,302700,0
"268",2014-08-05,0.0507529840521798,1.10619,411213,0
"269",2014-08-06,-0.107691444507617,1.44645,647341,0
"270",2014-08-07,0.144670628199105,1.06471,298667,1
"271",2014-08-08,-0.344107578633454,0.76827,281762,1
"272",2014-08-11,-0.113202544145709,0.74268,235773,1
"273",2014-08-12,0.119962380993268,0.88914,360690,0
"274",2014-08-13,-0.184314090674423,1.07968,305461,0
"275",2014-08-14,0.231824697340152,2.33552,987655,0
"276",2014-08-15,-0.372476658402729,1.3544,665205,0
"277",2014-08-18,0.5871312374537,0.72732,347273,0
"278",2014-08-19,-0.0476371671169331,1.38289,503570,0
"279",2014-08-20,-0.201008946099607,0.70252,397771,0
"280",2014-08-21,0.114854816513694,1.09718,486017,0
"281",2014-08-22,-0.0392250053352644,0.95795,488314,0
"282",2014-08-25,0.0676123161741221,0.61658,416920,0
"283",2014-08-26,-0.0570400511752368,1.0274,379373,0
"284",2014-08-27,-0.0485501953213503,0.9135,317561,0
"285",2014-08-28,0.114749301344838,0.84938,319361,0
"286",2014-08-29,-0.237474874826893,0.96477,397765,0
"287",2014-09-02,0.515086940970748,2.32826,754058,0
"288",2014-09-03,-0.661147320320957,2.1097,551875,0
"289",2014-09-04,0.443197685959447,1.16147,441692,0
"290",2014-09-05,0.0975662070631056,1.7765,568422,0
"291",2014-09-08,0.106805191341313,1.23919,356900,0
"292",2014-09-09,-0.257271084010002,0.90988,263700,1
"293",2014-09-10,0.118061802225302,1.19673,636803,1
"294",2014-09-11,0.0982414519616728,2.58634,1018837,1
"295",2014-09-12,-0.359907753001804,1.45433,514107,0
"296",2014-09-15,-0.149766167110321,1.35995,400170,0
"297",2014-09-16,0.0188797579527809,1.84397,647569,0
"298",2014-09-17,-0.0290223072766247,1.31391,644530,0
"299",2014-09-18,0.198764536737825,1.81976,539092,0
"300",2014-09-19,0.21623831964272,1.15707,425381,0
"301",2014-09-22,-0.246528610241742,1.25768,493551,0
"302",2014-09-23,-0.0266391998253934,1.39373,341585,0
"303",2014-09-24,0.268960239606453,2.28571,768899,0
"304",2014-09-25,-0.194434915234343,1.37812,533313,0
"305",2014-09-26,-0.141323583653822,1.36519,379327,0
"306",2014-09-29,-0.0724939788707755,1.8018,416682,0
"307",2014-09-30,0.498732727093968,3.71985,1449085,0
"308",2014-10-01,-0.284341301708999,2.72328,860783,0
"309",2014-10-02,0.335287646943799,2.26913,1058092,0
"310",2014-10-03,-0.354751543747514,1.83595,822906,0
"311",2014-10-06,0.134031685202561,2.17391,567674,0
"312",2014-10-07,-0.113996033348164,1.34569,540473,0
"313",2014-10-08,0.388444965788889,1.21212,932582,1
"314",2014-10-09,-0.944178686850863,2.24229,990113,1
"315",2014-10-10,0.153455409063624,2.3151,949908,1
"316",2014-10-13,-0.433361907556966,1.89278,635868,0
"317",2014-10-14,0.922614504302478,4.18152,1926086,0
"318",2014-10-15,-0.263131974881299,2.18455,1828534,0
"319",2014-10-16,0.15370302033572,5.49839,2384404,0
"320",2014-10-17,0.348565882194386,1.92,938850,0
"321",2014-10-20,-0.165942392132872,1.86256,756304,0
"322",2014-10-21,-0.191583234065887,2.01597,722343,0
"323",2014-10-22,-0.00673580645146288,3.42062,1075436,0
"324",2014-10-23,-0.273779614245939,1.57759,907522,0
"325",2014-10-24,0.744221983845826,1.26263,706228,0
"326",2014-10-27,-0.763778857858454,1.99086,650539,0
"327",2014-10-28,0.0700379161879333,1.13563,510417,0
"328",2014-10-29,0.369516711268433,1.44092,954148,0
"329",2014-10-30,-0.192227057431529,1.23537,750369,0
"330",2014-10-31,0.2955240546891,1.5018,585119,0
"331",2014-11-03,-0.668263380614377,3.57863,2362275,0
"332",2014-11-04,0.482280127195542,1.63823,1581837,0
"333",2014-11-05,0.283602160368686,2.57095,1731394,0
"334",2014-11-06,-0.190696461936048,1.4527,793964,0
"335",2014-11-07,-0.399784217713112,1.34409,823132,1
"336",2014-11-10,0.167525930996524,3.06748,937405,1
"337",2014-11-11,-0.371752872803551,1.93746,607452,1
"338",2014-11-12,-0.0240041692978854,1.68154,754071,0
"339",2014-11-13,0.993726737524796,3.1071,2205791,0
"340",2014-11-14,-0.321670880752254,2.28928,999857,0
"341",2014-11-17,-0.307784067163423,1.22041,723907,0
"342",2014-11-18,-0.325653952510774,1.2766,909075,0
"343",2014-11-19,0.36608977060218,1.84071,841645,0
"344",2014-11-20,-0.1091922565697,1.49669,903214,0
"345",2014-11-21,0.414613747993347,1.47766,1351004,0
"346",2014-11-24,-0.281814914683064,2.01809,1056591,0
"347",2014-11-25,-0.24476074321286,3.78166,3099280,0
"348",2014-11-26,0.0780652653445318,1.1828,1874172,0
"349",2014-11-28,2.1192743436597,3.75293,2532106,0
"350",2014-12-01,-1.38451817875325,4.29375,3248753,0
"351",2014-12-02,0.289067015907726,2.97107,2553268,0
"352",2014-12-03,-0.743571978015976,2.11102,1537942,0
"353",2014-12-04,-0.0916690342828824,1.57853,864740,0
"354",2014-12-05,-0.0468680587810946,2.04327,1438498,0
"355",2014-12-08,0.0215381183500538,2.80217,1912447,1
"356",2014-12-09,-0.00304800632046476,2.39669,1508378,1
"357",2014-12-10,0.663099855474345,3.15722,3276562,1
"358",2014-12-11,-1.00864889500439,3.26279,2695861,0
"359",2014-12-12,0.206938820740147,2.55358,3308579,0
"360",2014-12-15,-0.860559690899763,5.12821,3217964,0
"361",2014-12-16,1.13461275372894,5.6338,5962001,0
"362",2014-12-17,-0.7482020145865,7.40347,5928056,0
"363",2014-12-18,1.52390315382943,5.83414,4141295,0
"364",2014-12-19,0.746933206212517,5.32787,3480117,0
"365",2014-12-22,-1.5197673339554,2.53346,2572707,0
"366",2014-12-23,-0.295525716236886,3.859,2022329,0
"367",2014-12-24,-0.126249634405471,1.71021,1220322,0
"368",2014-12-26,0.720449035520579,2.83927,1569310,0
"369",2014-12-29,-0.264544573457896,4.58177,2700737,0
"370",2014-12-30,-0.980065731530049,1.87257,2138472,0
"371",2014-12-31,1.91410815222082,2.82367,3037665,0
"372",2015-01-02,-1.23804138949682,3.31825,2638311,0
"373",2015-01-05,-0.524539098373676,3.03353,3937443,0
"374",2015-01-06,0.291676414795921,3.87812,5279372,0
"375",2015-01-07,0.320436614669894,3.26637,3916571,1
"376",2015-01-08,0.638150533640611,2.85714,3338185,1
"377",2015-01-09,-0.797465676822342,3.50109,3312776,1
"378",2015-01-12,-0.209025773200731,2.12522,3845306,0
"379",2015-01-13,1.73642302918476,3.59251,4125962,0
"380",2015-01-14,-1.50975969310639,6.59551,5296166,0
"381",2015-01-15,0.0712062875044461,6.81948,6261590,0
"382",2015-01-16,-0.0867041559969834,4.0371,4717326,0
"383",2015-01-20,0.824518753514863,2.86041,3563369,0
"384",2015-01-21,-1.13302954541386,2.41981,2957983,0
"385",2015-01-22,1.07984064494108,4.48018,4722639,0
"386",2015-01-23,-0.814456260488227,3,4067657,0
"387",2015-01-26,0.206791502290583,2.90456,3548132,0
"388",2015-01-27,-0.366810746088795,2.96339,2901327,0
"389",2015-01-28,0.0780019858631631,3.5628,5010627,0
"390",2015-01-29,0.543688838050409,3.05755,3577385,0
"391",2015-01-30,-1.38872112002267,7.51964,5995182,0
"392",2015-02-02,1.67433219297213,4.13534,5189969,0
"393",2015-02-03,-1.55230471991957,7.28848,9557622,0
"394",2015-02-04,1.99752619837063,6.29103,8318592,0
"395",2015-02-05,-0.0821857147520433,5.25486,6273274,0
"396",2015-02-06,-0.0815592068628024,3.9548,5191267,0
"397",2015-02-09,-0.69384176931934,2.52908,4354897,1
"398",2015-02-10,1.09691123930483,4.91024,4217723,1
"399",2015-02-11,0.0177745782415464,3.78174,4519533,1
"400",2015-02-12,-1.1102778650326,3.44108,3990529,0
"401",2015-02-13,-0.584410965621036,2.59939,3862982,0
"402",2015-02-17,-0.280481683280209,6.06367,3811404,0
"403",2015-02-18,0.0316182258504627,3.42627,3145071,0
"404",2015-02-19,1.05920952022403,5.18325,6027517,0
"405",2015-02-20,-0.395120109923001,2.84182,3568042,0
"406",2015-02-23,-0.221047280652204,3.14743,6229329,0
"407",2015-02-24,-0.0416030773536641,2.49501,2277099,0
"408",2015-02-25,-0.0840304582585256,5.25469,4786510,0
"409",2015-02-26,2.30983096628596,4.71436,5014590,0
"410",2015-02-27,-2.85764035475706,2.92818,3558793,0
"411",2015-03-02,1.552887594424,4.03384,2988467,0
"412",2015-03-03,-0.932988188066978,2.65008,2859316,0
"413",2015-03-04,0.795253533311779,4.52446,4095292,0
"414",2015-03-05,-0.0837605043288165,2.61892,2845652,0
"415",2015-03-06,-0.251136525560464,3.17982,3431995,0
"416",2015-03-09,-0.071338555719087,2.69755,2466120,1
"417",2015-03-10,0.880668555086637,2.79174,3344226,1
"418",2015-03-11,-0.642769057122029,2.30726,3726269,1
"419",2015-03-12,-0.0746380836500755,2.69495,2975614,0
"420",2015-03-13,0.568011195002467,3.00593,5575760,0
"421",2015-03-16,-0.715641396486894,2.99694,4962718,0
"422",2015-03-17,-0.353760377381411,2.13033,3909250,0
"423",2015-03-18,1.71259094811781,6.98091,6803462,0
"424",2015-03-19,-1.71012631842437,2.67413,4052596,0
"425",2015-03-20,-0.103833199267194,2.5563,3674469,0
"426",2015-03-23,0.239901956444459,2.62217,2645054,0
"427",2015-03-24,-0.0653694277404963,1.78678,2656111,0
"428",2015-03-25,-0.175708258192595,4.26267,3994238,0
"429",2015-03-26,0.369451154037692,3.56947,5439214,0
"430",2015-03-27,-0.948077277858567,4.6091,3954142,0
"431",2015-03-30,0.918187230911323,3.13407,3259449,0
"432",2015-03-31,-0.0445288545893017,2.67221,2884622,0
"433",2015-04-01,-0.797212206020183,5.40387,4369240,0
"434",2015-04-02,1.80228072292316,3.53075,4674102,0
"435",2015-04-06,-1.08515223804153,4.44927,5161614,0
"436",2015-04-07,-0.105729552323087,5.24659,5493672,0
"437",2015-04-08,1.35662437291412,4.81461,4861588,1
"438",2015-04-09,-1.1768289171037,2.71769,2348746,1
"439",2015-04-10,0.231535190325444,1.84682,2039131,1
"440",2015-04-13,0.0657569537870203,2.45946,2315577,0
"441",2015-04-14,-0.364955750643179,2.07279,2729731,0
"442",2015-04-15,-0.389819320794294,4.94622,6516921,0
"443",2015-04-16,0.436088143320706,3.78636,4219193,0
"444",2015-04-17,0.867633778583624,2.59577,2723784,0
"445",2015-04-20,-0.716603724394472,2.81549,3107889,0
"446",2015-04-21,-0.0167728595580097,3.39332,2903989,0
"447",2015-04-22,0.335551021376446,2.06612,2161831,0
"448",2015-04-23,-0.728270847191742,3.08704,3176180,0
"449",2015-04-24,0.571937664198352,1.576,2414700,0
"450",2015-04-27,-0.481245088366932,2.35707,1974108,0
"451",2015-04-28,0.287561700084875,1.81122,2605850,0
"452",2015-04-29,-0.00928965476622379,3.82704,3916665,0
"453",2015-04-30,0.144518648457534,2.24281,2384364,0
"454",2015-05-01,0.271765934471447,1.78922,1818252,0
"455",2015-05-04,-0.212847795425662,1.0355,1754456,0
"456",2015-05-05,-0.123365114125886,1.30058,3483209,0
"457",2015-05-06,-0.565044460046639,3.29011,4421864,1
"458",2015-05-07,0.34741143668928,3.41584,3068038,1
"459",2015-05-08,0.360816589653429,2.49755,2185882,1
"460",2015-05-11,-0.0898733837664566,1.76644,1593679,0
"461",2015-05-12,-0.624458846454617,2.65188,2444174,0
"462",2015-05-13,-0.221752259733497,2.86269,2971680,0
"463",2015-05-14,0.675134204931845,2.38626,2141220,0
"464",2015-05-15,0.446927241889189,2.43665,2107348,0
"465",2015-05-18,0.109997160555683,1.58757,1969953,0
"466",2015-05-19,-0.23550763863205,2.24147,3565047,0
"467",2015-05-20,-0.627198159385111,1.563,2844483,0
"468",2015-05-21,0.366333140495644,1.90244,3321700,0
"469",2015-05-22,0.435274642813399,1.1358,1606779,0
"470",2015-05-26,0.0719035425400123,2.03149,2549415,0
"471",2015-05-27,-0.170803411151724,1.66581,2437097,0
"472",2015-05-28,0.11588776169674,2.39724,3356010,0
"473",2015-05-29,-0.675691291956486,4.43131,3994233,0
"474",2015-06-01,0.413505157595996,2.1611,1935475,0
"475",2015-06-02,-0.184624736529416,1.88588,2275820,0
"476",2015-06-03,0.184448830675274,3.42092,2090672,0
"477",2015-06-04,0.228625533734453,2.16124,2546885,0
"478",2015-06-05,-0.714848797418763,3.86935,2639273,0
"479",2015-06-08,0.73334075694446,1.72501,1432137,0
"480",2015-06-09,-0.866462052424958,1.23701,1962007,1
"481",2015-06-10,0.0598677147320679,1.81686,2833490,1
"482",2015-06-11,0.27629393590057,1.41532,1160639,1
"483",2015-06-12,0.273071483381768,1.06068,1211600,0
"484",2015-06-15,0.0745761439339546,1.29032,1256467,0
"485",2015-06-16,-0.201274106558726,1.03653,805247,0
"486",2015-06-17,-0.0470045553017858,3.76051,2466847,0
"487",2015-06-18,-0.0678306784515739,1.37525,1858017,0
"488",2015-06-19,-0.275298564210252,1.44855,1774218,0
"489",2015-06-22,0.0193075888844589,1.86756,1408365,0
"490",2015-06-23,0.489188259203321,2.97997,2267029,0
"491",2015-06-24,-0.0564838988302891,2.86987,2670690,0
"492",2015-06-25,-0.192994767499736,1.001,1508495,0
"493",2015-06-26,0.118648797768987,1.8018,1364361,0
"494",2015-06-29,-0.172286884627455,1.23014,2362300,0
"495",2015-06-30,-0.0548838062836097,1.76056,1841569,0
"496",2015-07-01,0.311111582354705,3.03665,3128242,0
"497",2015-07-02,-0.840072957492634,2.58848,2300307,0
"498",2015-07-06,1.50044019045716,4.23012,5214381,0
"499",2015-07-07,0.551825027358766,5.40541,5459004,0
"500",2015-07-08,-0.881554012679662,3.62486,2958593,1
"501",2015-07-09,-0.279352386793383,2.14568,2158292,1
"502",2015-07-10,-0.188638030306876,2.15054,2132975,1
"503",2015-07-13,0.0603131412040941,2.74129,2103157,0
"504",2015-07-14,-0.256842372552412,3.0474,2475304,0
"505",2015-07-15,0.408282420400766,3.19211,3573811,0
"506",2015-07-16,0.0187906629714447,2.32727,2428515,0
"507",2015-07-17,-0.292662516703437,1.58917,2976490,0
"508",2015-07-20,-0.262525738470307,1.67765,2055689,0
"509",2015-07-21,0.481664742144557,1.7741,1602141,0
"510",2015-07-22,-0.0889837373190181,3.12118,3386963,0
"511",2015-07-23,0.28562000258228,2.91202,2836522,0
"512",2015-07-24,-0.0406206844928297,1.99626,2905769,0
"513",2015-07-27,-0.824990714765661,1.66134,4755173,0
"514",2015-07-28,0.0341693542036867,2.83975,2749610,0
"515",2015-07-29,0.758384864077728,4.00246,4339960,0
"516",2015-07-30,-0.309353482508397,1.92547,1733941,0
"517",2015-07-31,-0.289741432359082,3.84862,3075246,0
"518",2015-08-03,1.03710247647008,3.21192,4349038,0
"519",2015-08-04,-0.461439240421611,1.70828,1817792,0
"520",2015-08-05,0.0434436593470073,4.09182,3325953,0
"521",2015-08-06,0.0224993448490172,1.47949,2991626,0
"522",2015-08-07,-0.354946224440409,1.78503,2475527,1
"523",2015-08-10,-0.423149622972652,3.39154,2560342,1
"524",2015-08-11,1.34917248572034,1.86335,3177361,1
"525",2015-08-12,-0.659263990745668,2.07756,2300670,0
"526",2015-08-13,-0.0841923121389478,2.12917,3308044,0
"527",2015-08-14,-1.01289131515299,2.07291,2085749,0
"528",2015-08-17,0.923544941803755,2.15983,2080840,0
"529",2015-08-18,-0.513777820607279,2.63345,1932507,0
"530",2015-08-19,-0.126655372404024,4.61653,4487395,0
"531",2015-08-20,-0.567357430974331,2.6178,3940029,0
"532",2015-08-21,1.07653150351335,3.81708,3927345,0
"533",2015-08-24,-0.133334802094462,4.56365,6165118,0
"534",2015-08-25,-0.855296204693917,2.67086,4038160,0
"535",2015-08-26,2.13764505016034,2.97572,4054947,0
"536",2015-08-27,-0.926631203000957,6.88172,7021272,0
"537",2015-08-28,0.393178871976128,8.06384,8598009,0
"538",2015-08-31,-1.8645390590701,11.76841,10985719,0
"539",2015-09-01,0.978887320852722,6.07698,7173325,0
"540",2015-09-02,0.0417812393910799,7.68721,7385075,0
"541",2015-09-03,0.569427713168607,5.21512,5712142,0
"542",2015-09-04,-0.199439657839691,2.38727,2765487,0
"543",2015-09-08,-0.154598018312024,4.12783,3644586,0
"544",2015-09-09,0.510605980338264,4.204,2731409,1
"545",2015-09-10,-0.905039395235156,3.8848,2436790,1
"546",2015-09-11,0.920621625190064,2.86689,3214239,1
"547",2015-09-14,-0.153690503999893,1.8763,2223892,0
"548",2015-09-15,-0.0304586080826486,2.29925,2153034,0
"549",2015-09-16,-0.146326611531543,4.03646,5533085,0
"550",2015-09-17,-0.193982123763837,2.65923,3551766,0
"551",2015-09-18,0.642339698129577,3.79617,3599753,0
"552",2015-09-21,-1.3166581703909,2.45847,2887370,0
"553",2015-09-22,0.41955211979534,2.41287,3544634,0
"554",2015-09-23,0.871067879297676,6.16343,4620523,0
"555",2015-09-24,0.0728019234320222,2.49486,3334299,0
"556",2015-09-25,-0.855312148434349,2.58152,2783441,0
"557",2015-09-28,0.485981954923486,2.29485,2541428,0
"558",2015-09-29,-0.196461124754369,2.12183,1837554,0
"559",2015-09-30,0.789456527258393,2.45232,3060840,0
"560",2015-10-01,0.0972894295015576,5.28121,4043958,0
"561",2015-10-02,-0.475797057093045,3.99458,3491458,0
"562",2015-10-05,-0.0193476290254029,1.86667,2897723,0
"563",2015-10-06,0.0265724876918947,4.25667,5568081,0
"564",2015-10-07,0.358076153802084,4.04624,5104097,1
"565",2015-10-08,-0.313663981218739,3.74127,3707567,1
"566",2015-10-09,-0.618228837018362,1.995,3722326,1
"567",2015-10-12,0.839393617237007,5.16003,3620139,0
"568",2015-10-13,-0.674007115556768,4.20983,3733813,0
"569",2015-10-14,-0.0863328602527173,2.0598,2345466,0
"570",2015-10-15,1.1485387157778,3.37079,4521071,0
"571",2015-10-16,-1.20272275950262,2.69382,2893051,0
"572",2015-10-19,0.472486850645674,1.67161,2648726,0
"573",2015-10-20,-0.696675448361827,2.57977,2532209,0
"574",2015-10-21,0.326670164832928,2.25225,3319378,0
"575",2015-10-22,0.15688731193643,2.61888,2078154,0
"576",2015-10-23,0.0672185835799164,1.822,3346845,0
"577",2015-10-26,-0.434712890377682,1.42755,2644315,0
"578",2015-10-27,0.425385075053675,1.73661,3298110,0
"579",2015-10-28,-0.0432169787139447,5.37781,6116984,0
"580",2015-10-29,-0.668739636282092,2.4607,2749212,0
"581",2015-10-30,0.0815595129884199,3.03781,2415291,0
"582",2015-11-02,0.567339081191934,1.86441,2009445,0
"583",2015-11-03,-0.211990836809363,3.3377,4542542,0
"584",2015-11-04,0.501093307355303,3.56902,3222873,0
"585",2015-11-05,-0.0740765476806047,2.90055,3267376,0
"586",2015-11-06,0.293485717784644,1.8974,2799958,0
"587",2015-11-09,-0.144223161854887,1.98864,2782214,1
"588",2015-11-10,-0.663375202197384,2.12917,1985974,1
"589",2015-11-11,0.444775343301985,3.25799,3019282,0
"590",2015-11-12,-0.337122631842489,2.84644,4195873,0
"591",2015-11-13,0.228155715889185,2.45023,4322937,0
"592",2015-11-16,0.635827589218879,4.63032,4723427,0
"593",2015-11-17,-0.321132957232433,2.15219,2872347,0
"594",2015-11-18,-0.265428781919337,2.83525,3094347,0
"595",2015-11-19,-0.140933262943452,1.31173,2807155,0
"596",2015-11-20,-0.660910069187546,3.24826,4722020,0
"597",2015-11-23,1.05622693598884,3.1874,3630652,0
"598",2015-11-24,-0.368102549841697,2.28979,3195022,0
"599",2015-11-25,0.129789022037581,3.4354,3389629,0
"600",2015-11-27,0.416477548083682,0.84421,1327445,0
"601",2015-11-30,-0.622473614373964,2.5522,2770029,0
"602",2015-12-01,-0.323178468961295,2.16216,2457339,0
"603",2015-12-02,0.975965727602211,5.20833,6567971,0
"604",2015-12-03,-0.515726269103246,4.07204,4499681,0
"605",2015-12-04,0.282965320132538,2.4077,5235564,0
"606",2015-12-07,-0.138788768601431,3.62628,6665798,0
"607",2015-12-08,0.128044316998606,4.40925,4946712,1
"608",2015-12-09,-0.185297354211555,5.44983,4858883,1
"609",2015-12-10,-0.817370857458431,2.11082,4218233,1
"610",2015-12-11,0.450614299456193,2.98103,5557615,0
"611",2015-12-14,-0.121586980707329,4.60573,4893520,0
"612",2015-12-15,-0.262418302701342,3.50877,4486513,0
"613",2015-12-16,1.01654520383739,4.14013,4548408,0
"614",2015-12-17,-0.985037311638392,2.23464,3758079,0
"615",2015-12-18,-0.165626303687484,3.47092,4639068,0
"616",2015-12-21,0.69946044955211,2.11069,3316548,0
"617",2015-12-22,0.110506145065372,2.04271,2742772,0
"618",2015-12-23,0.756241564787855,2.57549,4919259,0
"619",2015-12-24,-1.2315254026953,1.06195,2379767,0
"620",2015-12-28,0.120380241944638,1.46386,2561987,0
"621",2015-12-29,0.136537489643445,1.24334,2948144,0
"622",2015-12-30,0.437845050988781,1.46386,3099548,0
"623",2015-12-31,-0.555447307559227,3.81818,3795286,0
"624",2016-01-04,0.581518874219279,5.46448,4529589,0
"625",2016-01-05,-0.784241450371441,2.1576,4021702,0
"626",2016-01-06,0.423717572374868,4.10485,9135882,1
"627",2016-01-07,-0.0220032465633837,3.53535,6499718,1
"628",2016-01-08,-0.596673635007163,3.16327,5586047,1
"629",2016-01-11,-0.371375429268559,6.05405,10285045,0
"630",2016-01-12,2.2610982778604,6.32497,12760658,0
"631",2016-01-13,-0.461645259515296,5.06051,12569463,0
"632",2016-01-14,-0.738344717134804,3.25027,5953412,0
"633",2016-01-15,0.622235472921698,2.90102,11602613,0
"634",2016-01-19,-0.732492335059233,3.76914,7540324,0
"635",2016-01-20,1.2253783727139,5.46117,10401950,0
"636",2016-01-21,-0.266644094546263,7.35981,10902175,0
"637",2016-01-22,-0.655366179603053,3.452,7819526,0
"638",2016-01-25,-2.27967117932245,6.79157,6934880,0
"639",2016-01-26,1.32046076945344,6.35452,6430597,0
"640",2016-01-27,-0.351576386667356,6.91721,8928711,0
"641",2016-01-28,2.70235400338885,4.63918,8268882,0
"642",2016-01-29,-1.71247328702487,5.18135,5901219,0
"643",2016-02-01,-0.617511515023708,4.102,6111230,0
"644",2016-02-02,0.543537527958041,2.91715,5554689,0
"645",2016-02-03,0.878747913374879,8.67238,9030785,0
"646",2016-02-04,-0.632541568384447,6.4693,5623152,0
"647",2016-02-05,0.322936212168624,4.82604,4355950,0
"648",2016-02-08,0.888400617108331,3.47222,4787287,1
"649",2016-02-09,0.63937171005793,8.55746,7226552,1
"650",2016-02-10,-1.70323055925378,6.40704,8022853,1
"651",2016-02-11,3.69333715821374,4.50434,11998840,0
"652",2016-02-12,-6.00562068326249,6.12245,8488396,0
"653",2016-02-16,2.75398963599712,4.09146,6118756,0
"654",2016-02-17,-0.786316709910884,5.80866,7534179,0
"655",2016-02-18,-1.22355601422076,4.84988,6923760,0
"656",2016-02-19,2.37181574450192,2.8655,5945325,0
"657",2016-02-22,-0.909388141970497,1.90797,6746510,0
"658",2016-02-23,-0.286497830054303,3.89151,7803403,0
"659",2016-02-24,0.415013085935891,5.70431,6023732,0
"660",2016-02-25,-0.405233165509519,7.25682,4938338,0
"661",2016-02-26,0.654164382208179,5.23918,7349927,0
"662",2016-02-29,-0.438657913714956,2.88889,6325547,0
"663",2016-03-01,-0.254184995841596,3.98907,5950670,0
"664",2016-03-02,0.875202403715817,4.51613,6188485,0
"665",2016-03-03,-0.278280168873988,3.24324,4296735,0
"666",2016-03-04,0.403470197356,4.87047,6121727,0
"667",2016-03-07,-0.707220515493926,4.69832,8387155,1
"668",2016-03-08,-0.933442541082838,4.04145,5712568,1
"669",2016-03-09,0.55999548615668,3.5468,5498168,1
"670",2016-03-10,0.476178147363979,2.39044,4136206,0
"671",2016-03-11,-0.24775386332314,2.25711,3518001,0
"672",2016-03-14,0.0811093252319282,1.72065,4664589,0
"673",2016-03-15,0.138123986235903,1.5866,4433882,0
"674",2016-03-16,-0.0883242237008872,2.84872,4788968,0
"675",2016-03-17,-0.495295079108905,2.93839,5133832,0
"676",2016-03-18,0.591215790577578,3.53053,4864946,0
"677",2016-03-21,0.12727897189479,2.45515,4374413,0
"678",2016-03-22,-0.303981051955741,2.46679,3535921,0
"679",2016-03-23,-0.0771982694755753,2.86845,5024270,0
"680",2016-03-24,0.337840915169393,3.57853,6322041,0
"681",2016-03-28,-0.317530556626922,1.88811,3406009,0
"682",2016-03-29,0.73878991282594,1.93776,4371819,0
"683",2016-03-30,-0.820603857276652,4.41932,4619327,0
"684",2016-03-31,-0.360227696974044,2.57732,4086556,0
"685",2016-04-01,0.229962164831523,1.44707,5033257,0
"686",2016-04-04,0.302088096301006,4.51542,4840889,0
"687",2016-04-05,0.0187785157230517,2.19058,5333546,0
"688",2016-04-06,-0.0327907346166674,3.22917,5712074,1
"689",2016-04-07,0.359260059202013,2.28076,3525628,1
"690",2016-04-08,-1.01381311601074,1.79462,5894558,1
"691",2016-04-11,0.690989182316649,1.84825,3633467,0
"692",2016-04-12,-0.659703691096398,3.85338,7083087,0
"693",2016-04-13,-0.0956498345294305,2.47383,5366750,0
"694",2016-04-14,0.365312050240058,2.1978,3969684,0
"695",2016-04-15,0.200466746987961,1.95122,4372621,0
"696",2016-04-18,0.473395921114563,4.42478,4874692,0
"697",2016-04-19,-0.439157527279316,3.06513,4684982,0
"698",2016-04-20,-0.788088590760703,6.3109,5312650,0
"699",2016-04-21,1.68550064188015,2.2409,3392485,0
"700",2016-04-22,-0.79919859647213,2.23048,3745524,0
"701",2016-04-25,0.555333196392662,3.22275,2746975,0
"702",2016-04-26,-0.795560668918394,2.31267,2398776,0
"703",2016-04-27,0.120691591970556,4.08438,4740109,0
"704",2016-04-28,-0.816195268286827,2.13904,3116990,0
"705",2016-04-29,0.951386439420433,3.36283,4350264,0
"706",2016-05-02,0.278069545871111,2.71493,2701796,0
"707",2016-05-03,-0.289553245003672,2.09497,3551523,0
"708",2016-05-04,0.167202975924711,3.76552,3107028,0
"709",2016-05-05,-0.210968562820348,3.94495,4269870,0
"710",2016-05-06,-0.214638950997086,3.37591,3299585,1
"711",2016-05-09,0.217159504042643,2.52809,2767886,1
"712",2016-05-10,0.00348807016203079,2.72975,2631890,1
"713",2016-05-11,-0.420915759790858,5.02646,3667274,0
"714",2016-05-12,0.0379954338732238,2.70742,2993300,0
"715",2016-05-13,0.465444177950727,1.40721,1903755,0
"716",2016-05-16,0.184996359748207,1.36054,3339176,0
"717",2016-05-17,0.181477439412181,1.84564,2788866,0
"718",2016-05-18,-1.43266154790577,2.5641,3678183,0
"719",2016-05-19,0.992696774042763,3.04495,2737810,0
"720",2016-05-20,0.196441782028463,2.12766,2402505,0
"721",2016-05-23,-0.0828179200646199,1.7084,2035133,0
"722",2016-05-24,0.24659975251875,1.60745,2136608,0
"723",2016-05-25,-0.15328951406161,2.20283,3142441,0
"724",2016-05-26,-0.505055909919205,1.67364,2707217,0
"725",2016-05-27,0.555017702992928,1.58598,1761131,0
"726",2016-05-31,-0.452367290530682,2.61163,2106342,0
"727",2016-06-01,0.688201016306684,3.10142,3194140,0
"728",2016-06-02,-0.914164289018588,2.61383,2800262,0
"729",2016-06-03,0.78760287049753,1.60745,2396243,0
"730",2016-06-06,-0.330996421232474,1.49502,2926280,1
"731",2016-06-07,0.145106285010037,1.39116,2280962,1
"732",2016-06-08,-0.0247354004899145,1.40788,3312535,1
"733",2016-06-09,-0.195275277461089,1.06122,2253467,1
"734",2016-06-10,-0.170370038184262,2.27464,2627678,0
"735",2016-06-13,-0.523072900747837,2.04082,2270492,0
"736",2016-06-14,0.678185195874443,1.10742,1980302,0
"737",2016-06-15,-1.09290757328868,3.05144,2918805,0
"738",2016-06-16,0.777662373242644,2.74865,3883583,0
"739",2016-06-17,0.742672976547539,2.40137,4365224,0
"740",2016-06-20,-0.719221482907019,1.67926,3259656,0
"741",2016-06-21,0.0528530562833193,2.10261,2727881,0
"742",2016-06-22,0.18585888043139,3.91823,3257093,0
"743",2016-06-23,0.0490835444430846,1.83639,2368435,0
"744",2016-06-24,0.0928345942357378,1.92982,4098068,0
"745",2016-06-27,0.930609429778472,2.3235,3229664,0
"746",2016-06-28,-0.756213868470739,2.34525,2922877,0
"747",2016-06-29,-1.23320611198172,3.895,3102712,0
"748",2016-06-30,1.10428404033955,2.3293,2756090,0
"749",2016-07-01,0.443099387261258,2.37691,2570888,0
"750",2016-07-05,-0.223453602880642,2.50537,3770285,0
"751",2016-07-06,-0.432545264192311,3.50838,2179524,1
"752",2016-07-07,0.0560892232065582,7.46061,4539441,1
"753",2016-07-08,-0.228541003404805,2.21607,2692583,1
"754",2016-07-11,-0.328128440724968,2.9108,2100743,0
"755",2016-07-12,0.544804001420836,3.03843,3828093,0
"756",2016-07-13,0.570326565523777,4.65116,4293168,0
"757",2016-07-14,-1.02304653469057,1.74793,2683241,0
"758",2016-07-15,0.604228229906799,1.697,2957015,0
"759",2016-07-18,-0.0233927256385431,1.47874,2480280,0
"760",2016-07-19,-0.0423117528825823,1.30841,2223179,0
"761",2016-07-20,-0.37736581311282,3.16869,3318990,0
"762",2016-07-21,-0.051376854485766,2.47855,2542980,0
"763",2016-07-22,0.59032238068902,1.91939,2811778,0
"764",2016-07-25,-0.392696580930542,1.1846,3042163,0
"765",2016-07-26,-0.00623724353708066,1.46329,2977274,0
"766",2016-07-27,0.556372321108322,3.63636,3619341,0
"767",2016-07-28,-0.471818609445281,2.37849,3546301,0
"768",2016-07-29,-0.183305364798801,2.66393,3188434,0
"769",2016-08-01,0.120729055621466,2.83209,4745970,0
"770",2016-08-02,0.528896743544976,4.18006,3786734,0
"771",2016-08-03,0.500215899299888,4.74716,4553718,0
"772",2016-08-04,-1.12177453774143,3.76016,3780071,0
"773",2016-08-05,0.514190899516433,2.12982,3856123,0
"774",2016-08-08,-0.470122795250491,1.88119,3611362,1
"775",2016-08-09,0.292975601440406,2.28401,3217803,1
"776",2016-08-10,-0.555175226630308,4.70829,3878978,1
"777",2016-08-11,0.301759472079514,4.50539,3946306,0
"778",2016-08-12,0.679899285042509,2.28571,3991257,0
"779",2016-08-15,-0.216390894093311,2.04461,4245644,0
"780",2016-08-16,-0.275308279810307,2.38095,4274225,0
"781",2016-08-17,0.00634587119735985,2.41128,4175328,0
"782",2016-08-18,-0.0597222270719717,2.0354,7362925,0
"783",2016-08-19,-0.0947537132466496,1.27866,3873369,0
"784",2016-08-22,0.208046803633794,1.45852,3115509,0
"785",2016-08-23,-0.34918923066012,3.60659,5971807,0
"786",2016-08-24,0.332662043854055,2.68022,3725563,0
"787",2016-08-25,0.00444119187093683,1.96347,2966365,0
"788",2016-08-26,-0.652263511995822,3.28676,3285811,0
"789",2016-08-29,0.479403518349681,1.26452,3099068,0
"790",2016-08-30,0.238507153122374,2.60951,3436480,0
"791",2016-08-31,0.116356670098086,3.53089,3815005,0
"792",2016-09-01,0.568113454886392,3.18091,7381892,0
"793",2016-09-02,-1.14900674389129,1.80664,4647315,0
"794",2016-09-06,0.582712608950662,2.30991,4204763,1
"795",2016-09-07,-0.24173038049438,2.18631,4457101,1
"796",2016-09-08,-0.41100977249082,4.10584,6787154,1
"797",2016-09-09,0.35160186203202,2.26629,3610350,0
"798",2016-09-12,-0.337949090991607,3.43045,3353864,0
"799",2016-09-13,0.376799743300657,2.07329,4793319,0
"800",2016-09-14,0.231495994102517,3.86521,6737946,0
"801",2016-09-15,-0.339741879844899,2.44576,4776255,0
"802",2016-09-16,0.652760710249428,1.7,4880860,0
"803",2016-09-19,-0.747175984713855,2.20441,5723914,0
"804",2016-09-20,0.466146184859019,3.07845,5591242,0
"805",2016-09-21,0.338631014973841,1.92308,5514579,0
"806",2016-09-22,-0.895546198699757,1.23457,6683131,0
"807",2016-09-23,0.772027530071334,4.80864,6432347,0
"808",2016-09-26,-0.878117354056483,2.20518,5347266,0
"809",2016-09-27,0.0608485017346969,2.0197,6940457,0
"810",2016-09-28,-0.381555192766376,6.57277,11730203,0
"811",2016-09-29,0.401031570145661,2.85189,7906993,0
"812",2016-09-30,-0.302290429329763,1.23513,5452663,0
"813",2016-10-03,0.370561234637506,2.43243,4709058,0
"814",2016-10-04,0.156443737040049,1.44274,7292938,0
"815",2016-10-05,0.00361419710446986,1.4978,5825416,0
"816",2016-10-06,0.183867426880213,1.3901,5324845,1
"817",2016-10-07,-0.333749831555161,2.11827,6808756,1
"818",2016-10-10,-0.0182859588398276,2.14225,6527021,1
"819",2016-10-11,0.42051228839895,2.24525,7669703,0
"820",2016-10-12,-0.122289449281495,1.13736,5786293,0
"821",2016-10-13,0.110224591247965,2.34987,7672109,0
"822",2016-10-14,-0.238428386675335,1.39248,6650820,0
"823",2016-10-17,0.139636848290365,1.40633,4504236,0
"824",2016-10-18,0.20643893326638,1.57205,4800776,0
"825",2016-10-19,-0.525084307402327,2.05832,6027783,0
"826",2016-10-20,0.331708209148313,1.35608,5650649,0
"827",2016-10-21,0.00344997919051165,1.48084,4957167,0
"828",2016-10-24,0.21631887468236,2.09974,6367532,0
"829",2016-10-25,-0.560982603228579,1.77936,5826589,0
"830",2016-10-26,0.230779651259996,2.5248,7191438,0
"831",2016-10-27,-0.0152995586043962,1.56646,3084117,0
"832",2016-10-28,0.273205922657183,2.67938,3621301,0
"833",2016-10-31,-0.604471885650439,3.28205,5659542,0
"834",2016-11-01,0.785649110216701,2.45979,4287365,0
"835",2016-11-02,0.109616266793804,3.01556,6201280,0
"836",2016-11-03,-0.452874183578805,2.52976,4878829,0
"837",2016-11-04,0.33363353034803,2.80661,6995020,0
"838",2016-11-07,-0.0542728792138083,1.9685,4289833,1
"839",2016-11-08,-0.81510184715862,2.22772,3653680,1
"840",2016-11-09,1.08891746737413,3.21012,5021759,1
"841",2016-11-10,-1.06599484029973,1.64343,4254497,0
"842",2016-11-11,-0.0178807550244549,1.63767,6020098,0
"843",2016-11-14,1.49705293402871,3.24215,5609207,0
"844",2016-11-15,-0.773460172793404,3.09478,7735585,0
"845",2016-11-16,-0.441736406798731,2.98143,5161008,0
"846",2016-11-17,-0.721069079004508,3.5538,5044513,0
"847",2016-11-18,1.03578161273753,2.08915,3471235,0
"848",2016-11-21,0.294698798271962,2.13556,5342894,0
"849",2016-11-22,-0.871675990083892,3.01035,5539442,0
"850",2016-11-23,0.522065477819616,1.96813,3265148,0
"851",2016-11-25,0.805151630107904,2.61375,3716739,0
"852",2016-11-28,-1.12944845973047,2.34674,7272514,0
"853",2016-11-29,0.301398842181927,1.78926,8365476,0
"854",2016-11-30,-0.604809194136815,3.93413,13783207,0
"855",2016-12-01,0.370758580974881,2.29479,11358206,0
"856",2016-12-02,0.109447237974995,1.65505,4765286,0
"857",2016-12-05,-1.34957722138727,2.55507,5669461,0
"858",2016-12-06,1.14456999791818,1.50576,3787779,1
"859",2016-12-07,0.444636975448822,1.66817,5295645,1
"860",2016-12-08,-0.00984158388783629,2.07781,4089014,1
"861",2016-12-09,0.018614620620776,0.87413,4110952,0
"862",2016-12-12,-0.901602758210975,3.09811,6605017,0
"863",2016-12-13,0.589698469951268,1.61978,4160572,0
"864",2016-12-14,-0.0674023671926434,3.75442,5098328,0
"865",2016-12-15,0.583816085518578,2.46479,4573564,0
"866",2016-12-16,-0.209065399377032,1.60173,4373729,0
"867",2016-12-19,-0.639982332383134,1.21739,2404403,0
"868",2016-12-20,0.58701341869555,1.24785,2378992,0
"869",2016-12-21,-0.029416888987849,2.36014,2883784,0
"870",2016-12-22,-0.697546721530505,1.13438,2284896,0
"871",2016-12-23,0.737077991097741,1.14792,1325336,0
"872",2016-12-27,-0.184661140774417,1.27877,1767916,0
"873",2016-12-28,-0.125927636829038,0.85106,2217950,0
"874",2016-12-29,0.282654549493932,1.10922,2014639,0
"875",2016-12-30,0.0940142217714951,0.68259,1855532,0
"876",2017-01-03,0.204365771740322,5.59441,4522941,0
"877",2017-01-04,-0.545628073159173,2.28843,2258477,0
"878",2017-01-05,0.0967691420226158,2.4359,2668334,0
"879",2017-01-06,-0.597693420350764,1.62671,1909955,1
"880",2017-01-09,0.587708916339771,1.98939,2600952,1
"881",2017-01-10,0.0861609295548948,2.71003,2982703,1
"882",2017-01-11,0.0357278258641252,3.67546,4008380,1
"883",2017-01-12,0.0281193743254735,1.29983,3417327,0
"884",2017-01-13,0.15725516805628,1.40228,1976206,0
"885",2017-01-17,-0.0305418378291389,1.92476,2123714,0
"886",2017-01-18,0.215458870796085,2.59857,3819300,0
"887",2017-01-19,-0.352542344573818,1.70098,1967857,0
"888",2017-01-20,-0.137932170503418,1.14135,3325863,0
"889",2017-01-23,0.271482465970793,1.47968,1831339,0
"890",2017-01-24,-0.370828168271954,1.05541,1920899,0
"891",2017-01-25,0.283069162433315,1.63572,2386220,0
"892",2017-01-26,-0.00712074671055807,1.38768,2691937,0
"893",2017-01-27,0.00712656683082291,1.49123,2486913,0
"894",2017-01-30,-0.0367528536258199,1.10372,2055204,0
"895",2017-01-31,0.0125716675219328,1.76678,2398369,0
"896",2017-02-01,-0.602106155939338,1.91638,2516412,0
"897",2017-02-02,0.893860944914989,1.3901,2469948,0
"898",2017-02-03,-0.279683099889405,1.38648,2615421,0
"899",2017-02-06,0.138981469908065,1.75747,3050771,0
"900",2017-02-07,-0.086313084820661,1.07239,4761685,1
"901",2017-02-08,0.0544911768280166,2.13713,3436515,1
"902",2017-02-09,-0.0775286844564274,0.88106,2550859,1
"903",2017-02-10,-0.296891326543359,0.82609,3327855,1
"904",2017-02-13,0.096785124386406,0.88339,2562996,0
"905",2017-02-14,0.00593894803924611,1.23023,2317946,0
"906",2017-02-15,0.029243496875417,1.14437,2451973,0
"907",2017-02-16,0.159807120498455,1.57756,1721550,0
"908",2017-02-17,-0.231025859614401,0.94381,1726277,0
"909",2017-02-21,0.291506034332552,1.12652,3152678,0
"910",2017-02-22,-0.200409359747395,0.70423,2315923,0
"911",2017-02-23,-0.106512695497224,1.34432,2406822,0
"912",2017-02-24,0.23959972386722,0.61082,1415257,0
"913",2017-02-27,-0.0234293502338583,1.00262,1295308,0
"914",2017-02-28,-0.100358852719759,1.61572,2112064,0
"915",2017-03-01,-0.103754923071871,1.31579,1822317,0
"916",2017-03-02,0.253749610691117,1.29812,2716805,0
"917",2017-03-03,-0.290651907433553,1.32861,1803198,0
"918",2017-03-06,0.155296258192211,1.06206,1953804,0
"919",2017-03-07,0.0240827656364371,1.1535,1365942,1
"920",2017-03-08,0.00629664367524629,5.57638,8220145,1
"921",2017-03-09,0.680383127829509,2.5641,6027041,1
"922",2017-03-10,-0.684267695324848,2.62391,5452921,1
"923",2017-03-13,0.0898820078913527,1.16732,5135005,0
"924",2017-03-14,0.333861981216315,1.86457,5459867,0
"925",2017-03-15,-0.260158880288088,1.63776,4261844,0
"926",2017-03-16,0.0911765074902341,1.06178,2803627,0
"927",2017-03-17,-0.432019905407161,1.06486,2235461,0
"928",2017-03-20,0.232037627247944,1.36319,1720970,0
"929",2017-03-21,-0.191056271458127,2.57171,3113156,0
"930",2017-03-22,0.514299526618732,2.56917,2805354,0
"931",2017-03-23,-0.382839716168721,0.7992,2325138,0
"932",2017-03-24,0.231440495991566,1.1893,2014376,0
"933",2017-03-27,0.00511097608158712,1.64343,2813026,0
"934",2017-03-28,-0.242481689736595,1.37931,2226098,0
"935",2017-03-29,-0.185180847793685,2.21794,2894439,0
"936",2017-03-30,0.227830746808675,1.41911,3571351,0
"937",2017-03-31,0.164655541616593,1.40977,2428824,0
"938",2017-04-03,-0.135625494241124,1.04265,2099516,0
"939",2017-04-04,-0.0557658408102433,1.40056,3048204,0
"940",2017-04-05,-0.515482724159858,2.24719,3623497,0
"941",2017-04-06,0.601007720088487,0.73665,2740116,1
"942",2017-04-07,-0.103196353698475,0.91241,2401599,1
"943",2017-04-10,0.0428360538527481,0.89767,2770809,1
"944",2017-04-11,-0.312093006455726,1.34288,3068638,1
"945",2017-04-12,-0.0325031692555579,1.62016,3221624,0
"946",2017-04-13,0.030247793116262,0.89847,2171225,0
"947",2017-04-17,0.286560334832055,0.99458,1856672,0
"948",2017-04-18,0.309257951031454,1.44928,1812951,0
"949",2017-04-19,-0.0211101527070183,4.99058,6307877,0
"950",2017-04-20,-0.480737278507646,1.51803,3669785,0
"951",2017-04-21,0.0629911208372795,2.90698,4833106,0
"952",2017-04-24,0.107559703997919,0.97561,3479663,0
"953",2017-04-25,0.399142033409277,1.9305,2961783,0
"954",2017-04-26,-1.09105157109569,2.33918,3350834,0
"955",2017-04-27,1.12338019915075,2.14844,4250501,0
"956",2017-04-28,-0.732494521921043,1.5625,1991575,0
"957",2017-05-01,0.114460641128485,0.92611,2014541,0
"958",2017-05-02,0.152835059153414,3.125,5518287,0
"959",2017-05-03,-0.234918369924507,1.46022,4567546,0
"960",2017-05-04,0.0800041223174377,3.48837,8780437,0
"961",2017-05-05,0.566357255805837,2.58799,4447757,0
"962",2017-05-08,-0.350547581848584,2.27508,3817189,1
"963",2017-05-09,0.163803205978897,1.98537,2553771,1
"964",2017-05-10,-0.089063009648024,2.73834,4174706,1
"965",2017-05-11,-0.233450489642912,1.40845,2421522,1
"966",2017-05-12,0.165953994969654,1.30653,2429453,0
"967",2017-05-15,0.15208222179246,1.47493,4589065,0
"968",2017-05-16,-0.266234788839288,1.6815,2103112,0
"969",2017-05-17,-0.0453002092623718,1.91364,3381716,0
"970",2017-05-18,0.179655515356911,2.14425,2661466,0
"971",2017-05-19,0.107817155496776,1.04962,3096031,0
"972",2017-05-22,-0.333455063354996,0.94877,3061762,0
"973",2017-05-23,0.28121605362237,1.03383,3281371,0
"974",2017-05-24,-0.163022373024182,1.50943,4148641,0
"975",2017-05-25,-0.519667201931353,5.67729,10476620,0
"976",2017-05-26,0.538301186488185,2.09144,3928062,0
"977",2017-05-30,-0.109918407219949,1.63281,1993852,0
"978",2017-05-31,-0.0376828071319806,1.85743,4164268,0
"979",2017-06-01,-0.586184842490027,2.5227,3772664,0
"980",2017-06-02,0.95131088350128,2.0284,3842898,0
"981",2017-06-05,-0.0655315903799865,1.37755,3517088,0
"982",2017-06-06,0.0656759391104225,2.60782,3296013,1
"983",2017-06-07,-0.0509864277928882,4.65116,7337354,1
"984",2017-06-08,-0.129755607354952,1.69671,5105409,1
"985",2017-06-09,0.239217044776493,1.42255,3203089,1
"986",2017-06-12,-0.223201823187233,1.47059,3184850,0
"987",2017-06-13,0.0836449405037697,2.1875,3249593,0
"988",2017-06-14,-0.131257666565079,4.22535,7585975,0
"989",2017-06-15,0.0145297946056506,0.87146,3950817,0
"990",2017-06-16,0.00404175509888716,0.75758,2675476,0
"991",2017-06-19,-0.100363000787642,2.08333,3225290,0
"992",2017-06-20,0.209852398299485,1.56425,6079377,0
"993",2017-06-21,-0.440638069345025,5.05166,7649775,0
"994",2017-06-22,0.307252136132833,1.58314,3949257,0
"995",2017-06-23,0.2767050018589,1.57901,3878555,0
"996",2017-06-26,-0.0708942030633454,2.18253,4657871,0
"997",2017-06-27,-0.0780998896586702,1.75824,3642501,0
"998",2017-06-28,-0.0314434879743271,2.06522,3671002,0
"999",2017-06-29,-0.31576535712753,1.73724,3907374,0
"1000",2017-06-30,0.659150471241888,2.21053,4084854,0
"1001",2017-07-03,-0.956237116580566,0.93555,2525099,0
"1002",2017-07-05,0.28488942168842,3.78378,8522747,0
"1003",2017-07-06,-0.21537785992482,2.90118,5243976,1
"1004",2017-07-07,0.604144091765269,2.1978,5411410,1
"1005",2017-07-10,-0.0981073620235067,2.19058,3458051,1
"1006",2017-07-11,0.11486595769384,2.48112,3079808,1
"1007",2017-07-12,-0.298439433594557,3.00107,4775159,0
"1008",2017-07-13,0.204667386894462,1.52587,2572569,0
"1009",2017-07-14,0.183022234953654,1.35558,3102542,0
"1010",2017-07-17,-0.354619311650063,1.53439,3129067,0
"1011",2017-07-18,0.171357205598697,1.46751,3374098,0
"1012",2017-07-19,0.00448100060121659,1.54799,3197089,0
"1013",2017-07-20,0.0189075020121972,2.08117,2574187,0
"1014",2017-07-21,-0.36918712414609,2.67666,4846191,0
"1015",2017-07-24,0.457882086337677,0.78947,2467069,0
"1016",2017-07-25,-0.0799717809303186,1.73293,3451873,0
"1017",2017-07-26,-0.263141619981103,2.10843,4864782,0
"1018",2017-07-27,0.40504318615399,1.48807,3371370,0
"1019",2017-07-28,-0.270867178800519,1.17994,4163495,0
"1020",2017-07-31,0.151844911579604,2.40661,4068655,0
"1021",2017-08-01,0.167054530614576,2.77502,5192458,0
"1022",2017-08-02,-0.378765712760125,2.14398,3381206,0
"1023",2017-08-03,-0.0568185812359798,2.34531,2911001,0
"1024",2017-08-04,-0.0256007513334637,1.87562,2203292,0
"1025",2017-08-07,0.0829019279216255,1.78218,2478185,0
"1026",2017-08-08,0.0480397961254034,1.39165,2929421,1
"1027",2017-08-09,0.112694060828156,1.133,2168329,1
"1028",2017-08-10,-0.418430936873647,3.53179,3117074,1
"1029",2017-08-11,0.349513971912653,1.95195,1862525,1
"1030",2017-08-14,-0.176522228989922,3.60082,3157709,0
"1031",2017-08-15,0.368843557261187,1.33333,2484475,0
"1032",2017-08-16,-0.258762181420668,3.0303,4711206,0
"1033",2017-08-17,-0.117105472543891,1.50728,1996349,0
"1034",2017-08-18,0.610757961122118,3.96189,3808502,0
"1035",2017-08-21,-0.296407858523531,2.77961,3784874,0
"1036",2017-08-22,-0.0143605618050632,1.27943,1781074,0
"1037",2017-08-23,-0.0868678497373356,1.72065,2071544,0
"1038",2017-08-24,0.308178754408098,1.95675,2270839,0
"1039",2017-08-25,-0.513547780927878,0.92308,1898440,0
"1040",2017-08-28,0.46713718475495,2.93809,4060301,0
"1041",2017-08-29,-0.459292695713618,1.69133,2457627,0
"1042",2017-08-30,0.188733848109825,1.91898,2361331,0
"1043",2017-08-31,-0.0963906360277309,2.07684,3188714,0
"1044",2017-09-01,0.286726859656947,1.6546,2001542,0
"1045",2017-09-05,-0.308317100294855,1.10887,3080535,0
"1046",2017-09-06,0.17895582089604,1.29482,2578347,1
"1047",2017-09-07,0.0549831205883667,0.99701,2600595,1
"1048",2017-09-08,0.139345085461625,3.64851,3009783,1
"1049",2017-09-11,-0.256677665357334,2.51527,2051394,1
"1050",2017-09-12,0.243261237902008,0.91084,1771291,0
"1051",2017-09-13,-0.0255085395470411,1.78649,2818121,0
"1052",2017-09-14,-0.605806894296786,1.67818,3195130,0
"1053",2017-09-15,0.50921828215481,0.73529,2010551,0
"1054",2017-09-18,-0.119159071377763,1.57325,2366318,0
"1055",2017-09-19,0.304860624494953,1.87933,1903976,0
"1056",2017-09-20,-0.29404987325058,1.95312,2876940,0
"1057",2017-09-21,0.373007241278238,1.29951,1450416,0
"1058",2017-09-22,-0.31607356259138,0.80078,1635597,0
"1059",2017-09-25,-0.0536379419080855,2.08531,3731020,0
"1060",2017-09-26,0.0819481110673879,1.14395,1798996,0
"1061",2017-09-27,-0.215452018438357,1.14068,2003318,0
"1062",2017-09-28,0.258286587670485,2.87632,2335903,0
"1063",2017-09-29,-0.214844478638348,0.95877,1639652,0
"1064",2017-10-02,-0.00198913871456741,1.12341,2215120,0
"1065",2017-10-03,0.0215375837354224,0.88409,1409857,0
"1066",2017-10-04,-0.111889697692532,1.78571,1634753,0
"1067",2017-10-05,0.063819460359301,2.14634,1623424,0
"1068",2017-10-06,0.226888578024543,1.00201,2938706,1
"1069",2017-10-09,-0.279990827128343,1,1372032,1
"1070",2017-10-10,0.146329992020793,1.26459,1938323,1
"1071",2017-10-11,0.0499903143711746,1.43822,1738041,1
"1072",2017-10-12,0.0463399608181354,1.56403,1902312,0
"1073",2017-10-13,-0.20051131233889,1.06075,2301486,0
"1074",2017-10-16,0.0714180253860638,1.14723,2005711,0
"1075",2017-10-17,0.342961896235183,1.89704,2050643,0
"1076",2017-10-18,-0.383982001825205,1.19275,1682735,0
"1077",2017-10-19,0.196262814221944,0.95169,1447386,0
"1078",2017-10-20,0.130402676773727,1.4861,1498157,0
"1079",2017-10-23,-0.215173103570849,1.15163,1418269,0
"1080",2017-10-24,0.0516690560980715,1.51803,2296343,0
"1081",2017-10-25,-0.0179119021116133,0.9542,2154123,0
"1082",2017-10-26,-0.0239281911503387,1.46641,1918000,0
"1083",2017-10-27,0.15572251734621,2.76753,3087376,0
"1084",2017-10-30,-0.190135906642192,1.14995,1573296,0
"1085",2017-10-31,0.125213392771889,1.18939,1754144,0
"1086",2017-11-01,-0.12887088466599,2.20183,2644006,0
"1087",2017-11-02,0.379790168564257,1.21929,1259915,0
"1088",2017-11-03,-0.283946520883418,2.45975,2356402,0
"1089",2017-11-06,-0.121636921746246,3.44744,3844270,1
"1090",2017-11-07,0.0851548655403552,0.95735,2236851,1
"1091",2017-11-08,-0.0229221926548931,2.62927,4651823,1
"1092",2017-11-09,-0.164497454301151,1.3089,2460468,1
"1093",2017-11-10,0.368904161719723,1.40105,1464124,0
"1094",2017-11-13,-0.337189031736811,1.49385,1737319,0
"1095",2017-11-14,-0.308473752522843,2.51572,2690818,0
"1096",2017-11-15,0.302996267684119,1.17223,1722064,0
"1097",2017-11-16,0.124935211278977,1.26468,1529004,0
"1098",2017-11-17,0.0692612478275407,1.45374,2048403,0
"1099",2017-11-20,-0.109517509784424,1.24113,1429745,0
"1100",2017-11-21,0.332813616526464,1.27193,1529909,0
"1101",2017-11-22,-0.334314323468834,1.2931,2246159,0
"1102",2017-11-24,0.0319045009975041,0.76336,1174267,0
"1103",2017-11-27,-0.279387907725505,1.42364,1735756,0
"1104",2017-11-28,0.118869809168311,0.82038,1013689,0
"1105",2017-11-29,0.241099498334481,2.65911,2011713,0
"1106",2017-11-30,-0.175701478265496,1.82999,2227382,0
"1107",2017-12-01,0.0687967983369635,1.54242,1768145,0
"1108",2017-12-04,-0.0220672194386713,0.94082,1523460,0
"1109",2017-12-05,0.172183954929775,1.08319,1614296,1
"1110",2017-12-06,-0.0757875108808923,2.05357,2423628,1
"1111",2017-12-07,-0.130889458416666,0.89585,1137923,1
"1112",2017-12-08,0.203610973732979,1.30548,1178327,1
"1113",2017-12-11,-0.104804181228736,0.98276,1797862,0
"1114",2017-12-12,0.154570183334662,2.36014,3106860,0
"1115",2017-12-13,0.0345390997016425,1.56664,2276641,0
"1116",2017-12-14,0.0152755811493042,1.92476,1134148,0
"1117",2017-12-15,-0.176342455481339,0.82897,1201061,0
"1118",2017-12-18,0.012968547157768,1.3549,1633500,0
"1119",2017-12-19,0.0161615702874363,0.52129,856135,0
"1120",2017-12-20,-0.0529423347417657,1.20586,1264730,0
"1121",2017-12-21,-0.207138784205779,1.28866,1391953,0
"1122",2017-12-22,-0.0183724478763306,0.9434,823931,0
"1123",2017-12-26,-0.0826474309663836,2.22259,2199877,0
"1124",2017-12-27,0.298707049348337,0.75503,1033771,0
"1125",2017-12-28,0.0832157830403145,0.83542,1546013,0
"1126",2017-12-29,-0.635091353677507,0.9159,1475243,0
"1127",2018-01-02,0.577188647945722,0.74565,1497584,0
"1128",2018-01-03,0.144666175565691,1.49919,2156152,0
"1129",2018-01-04,-0.373647761383238,0.88925,1480984,0
"1130",2018-01-05,0.43538487401381,0.97482,1609891,0
"1131",2018-01-08,0.0909457506792022,0.92892,1229220,1
"1132",2018-01-09,-0.417031558565937,2.14797,2666147,1
"1133",2018-01-10,-0.0456602069206786,0.82808,1821546,1
"1134",2018-01-11,-0.23846306411275,1.73228,2579096,1
"1135",2018-01-12,0.470524044300268,1.85703,2850195,0
"1136",2018-01-16,0.0103732460121646,1.41066,2277845,0
"1137",2018-01-17,-0.23737867736066,1.01721,1993007,0
"1138",2018-01-18,-0.111526806653324,1.17476,2075708,0
"1139",2018-01-19,0.596073846102217,1.01808,2168170,0
"1140",2018-01-22,0.055447919383283,1.64319,1866225,0
"1141",2018-01-23,0.0680126349973589,1.24827,2077243,0
"1142",2018-01-24,0.154622657410654,2.42057,3267223,0
"1143",2018-01-25,-1.06694307542757,2.06738,2096797,0
"1144",2018-01-26,0.409867924999299,1.43505,3971992,0
"1145",2018-01-29,-0.111406341509966,1.06789,1978617,0
"1146",2018-01-30,0.0129913484279622,0.85271,4303672,0
"1147",2018-01-31,0.260485225031779,1.69492,2657823,0
"1148",2018-02-01,0.341910106475878,1.73716,2509276,0
"1149",2018-02-02,-0.990397119731712,1.95552,3594686,0
"1150",2018-02-05,-0.0916556546782594,2.66249,3841071,0
"1151",2018-02-06,0.640264332855338,1.65354,2954536,1
"1152",2018-02-07,-0.0890429293890436,4.28456,4613661,1
"1153",2018-02-08,-1.27032450665831,2.93631,3407439,1
"1154",2018-02-09,1.3292908485693,4.13997,5397894,1
"1155",2018-02-12,0.0972097958432439,1.9344,2039018,0
"1156",2018-02-13,-0.0854043366914972,1.84499,2372761,0
"1157",2018-02-14,0.100192012215111,4.39245,4469888,0
"1158",2018-02-15,0.137239056819737,3.00973,2406039,0
"1159",2018-02-16,-0.216650257824856,1.77706,2222812,0
"1160",2018-02-20,-0.316359685365072,1.69411,2719737,0
"1161",2018-02-21,-0.634072889593752,1.30187,1422544,0
"1162",2018-02-22,0.65788815593669,2.39714,2411834,0
"1163",2018-02-23,0.182549434814856,1.76194,2300131,0
"1164",2018-02-26,0.131089622949328,1.82193,1748421,0
"1165",2018-02-27,-0.23047503946911,1.88933,2128953,0
"1166",2018-02-28,-0.0423145657997694,3.39531,3475799,0
"1167",2018-03-01,0.895870929337854,2.18623,3238868,0
"1168",2018-03-02,-0.2656885559378,2.1827,2254716,0
"1169",2018-03-05,-0.376648336742718,2.47021,2458353,0
"1170",2018-03-06,-0.209178644829246,1.03421,2256982,1
"1171",2018-03-07,0.571351325622752,3.23887,3119717,1
"1172",2018-03-08,0.00969374822891234,2.05761,2881230,1
"1173",2018-03-09,-0.473245192430865,1.92462,2423105,1
"1174",2018-03-12,0.147513377181522,1.7785,2185134,0
"1175",2018-03-13,-0.108704364699808,2.85376,3024240,0
"1176",2018-03-14,-0.119609282250188,1.66938,2319625,0
"1177",2018-03-15,0.10885592729819,1.01297,1467356,0
"1178",2018-03-16,-0.191096987051286,2.39044,3485082,0
"1179",2018-03-19,0.442208060961055,1.50279,2855362,0
"1180",2018-03-20,-0.196169256858432,1.47775,2281837,0
"1181",2018-03-21,0.312126168976816,2.12443,2886028,0
"1182",2018-03-22,-0.418577298967185,0.92664,1966450,0
"1183",2018-03-23,0.0863591227283078,1.65663,2269887,0
"1184",2018-03-26,-0.0339230010785883,1.2112,3121832,0
"1185",2018-03-27,-0.533219400609558,1.94954,2577165,0
"1186",2018-03-28,1.03291097776306,2.14724,2372903,0
"1187",2018-03-29,-0.490930908901288,1.68067,2040579,0
"1188",2018-04-02,0.301247670604576,2.1978,2413919,0
"1189",2018-04-03,-0.245219723033497,1.09212,1146828,0
"1190",2018-04-04,0.296175360411196,2.4181,2538850,0
"1191",2018-04-05,-0.19246487467256,1.51988,2155790,0
"1192",2018-04-06,-0.171500143619129,2.9976,3147510,1
"1193",2018-04-09,-0.103463178996261,1.25294,1601759,1
"1194",2018-04-10,0.508653913385877,1.88679,2972674,1
"1195",2018-04-11,-0.471903238755164,2.53606,3085557,1
"1196",2018-04-12,0.204733608736455,1.77515,1859006,0
"1197",2018-04-13,-0.347100408864493,1.03321,1770344,0
"1198",2018-04-16,0.421673259783928,1.18685,1753078,0
"1199",2018-04-17,-0.245105218332372,1.49142,1644390,0
"1200",2018-04-18,0.537806544075295,1.8732,3322393,0
"1201",2018-04-19,-0.593689771271256,2.00581,2178551,0
"1202",2018-04-20,-0.250588760748444,1.6,1478880,0
"1203",2018-04-23,0.869830250812856,2.80172,2074094,0
"1204",2018-04-24,-0.363136290801541,2.70395,2510055,0
"1205",2018-04-25,-0.22649219539078,1.56706,1707313,0
"1206",2018-04-26,0.155404953689734,1.23457,2151707,0
"1207",2018-04-27,-0.161578298691679,0.92498,1601478,0
"1208",2018-04-30,-0.187250120510997,2.89855,3617162,0
"1209",2018-05-01,0.554387083020778,1.46951,2011511,0
"1210",2018-05-02,-0.569119478608539,1.79225,1727873,0
"1211",2018-05-03,0.35508662993238,1.9479,1519749,0
"1212",2018-05-04,0.0645637844796956,2.14478,2346757,0
"1213",2018-05-07,-1.37553181372311,1.91489,3598651,0
"1214",2018-05-08,2.10219429183289,4.0064,6607808,1
"1215",2018-05-09,-0.787822705193757,1.04384,2435308,1
"1216",2018-05-10,-0.059646700721283,1.31853,1953385,1
"1217",2018-05-11,-0.219338305567263,1.29895,1758750,1
"1218",2018-05-14,0.464247163601218,0.79972,2033307,0
"1219",2018-05-15,-0.398035907849382,1.31944,2236963,0
"1220",2018-05-16,0.146985230531195,1.24481,1683020,0
"1221",2018-05-17,0.190662714529928,1.62181,2149868,0
"1222",2018-05-18,-0.137641672551195,0.9009,1557264,0
"1223",2018-05-21,0.277501447041611,1.39741,1681883,0
"1224",2018-05-22,-0.547876803514622,1.30426,2459500,0
"1225",2018-05-23,0.153263698197043,1.30944,2011440,0
"1226",2018-05-24,0.0546460982582389,0.90973,1931740,0
"1227",2018-05-25,-0.28112753822324,2.04971,5070306,0
"1228",2018-05-29,0.445495576715784,1.99852,3289130,0
"1229",2018-05-30,0.143658096849948,1.95228,3015108,0
"1230",2018-05-31,-0.318559648881856,2.39852,3030751,0
"1231",2018-06-01,-0.390427104850283,2,2868512,0
"1232",2018-06-04,0.62776646818961,2.08994,2484442,0
"1233",2018-06-05,-0.426198856627027,1.96672,2788659,0
"1234",2018-06-06,0.754899435406484,1.8997,2116213,1
"1235",2018-06-07,-0.423228752395505,1.22846,1776827,1
"1236",2018-06-08,-0.275276186767786,1.61492,1979262,1
"1237",2018-06-11,0.122036952299397,2.02096,1836322,1
"1238",2018-06-12,-0.0798162050591633,1.15672,2434166,0
"1239",2018-06-13,0.156235202152902,1.41054,2182113,0
"1240",2018-06-14,0.111854135139062,1.19896,1667250,0
"1241",2018-06-15,-0.743831219312218,3.06513,3436807,0
"1242",2018-06-18,0.525468398943935,1.58014,2223116,0
"1243",2018-06-19,0.0712322976544109,1.52207,1999770,0
"1244",2018-06-20,-0.183785953239251,2.18373,2540238,0
"1245",2018-06-21,0.48125594377293,2.17881,2245380,0
"1246",2018-06-22,0.65958989003198,3.13124,4123494,0
"1247",2018-06-25,-1.07724148042754,2.32389,3099946,0
"1248",2018-06-26,0.0278207696009303,3.61388,4206998,0
"1249",2018-06-27,-0.488280110525348,2.1843,4305112,0
"1250",2018-06-28,0.476152598178944,2.01884,3882687,0
"1251",2018-06-29,0.382441513689081,1.06242,2701252,0
"1252",2018-07-02,-0.390497540522058,1.25936,2692019,0
"1253",2018-07-03,-0.541467996561952,3.48525,2636365,0
"1254",2018-07-05,0.681663461600487,2.36806,2737153,0
"1255",2018-07-06,0.0348616235411321,2.13904,2368135,1
"1256",2018-07-09,0.264799746977117,1.46374,1612272,1
"1257",2018-07-10,-0.312640452296283,1.26078,1926900,1
"1258",2018-07-11,0.0402527109587218,5.68274,4801040,1
"1259",2018-07-12,-0.153023483383156,2.15427,2938801,0
"1260",2018-07-13,-0.310326021243533,1.83207,2398042,0
"1261",2018-07-16,0.461655464661252,2.65423,3900275,0
"1262",2018-07-17,-0.0666205155490949,2.07885,6807061,0
"1263",2018-07-18,0.191314217280323,2.34043,2784428,0
"1264",2018-07-19,-0.511520329953239,1.84006,2766292,0
"1265",2018-07-20,0.108584649267316,1.09541,2851186,0
"1266",2018-07-23,0.108053037593866,2.48403,2936998,0
"1267",2018-07-24,0.0611449611638606,1.68658,2495564,0
"1268",2018-07-25,0.190828062679085,2.14979,2686585,0
"1269",2018-07-26,-0.103785637397197,1.38217,1978292,0
"1270",2018-07-27,0.284719576603876,2.15084,1882916,0
"1271",2018-07-30,-0.560842716634953,0.82531,2155037,0
"1272",2018-07-31,0.164503185926341,1.12045,2030491,0
"1273",2018-08-01,0.269376055600183,1.63236,2264226,0
"1274",2018-08-02,-0.00983048756353511,3.06407,2169659,0
"1275",2018-08-03,0.0523349581844558,1.65172,2062802,0
"1276",2018-08-06,-0.488002341629886,1.67715,2556026,0
"1277",2018-08-07,0.113316149849658,0.99652,1672352,1
"1278",2018-08-08,-0.0266110129860966,2.80576,3610016,1
"1279",2018-08-09,0.0349708183064549,1.15274,2018683,1
"1280",2018-08-10,0.222756467478492,0.89773,2255277,1
"1281",2018-08-13,0.0467843638579257,2.6374,3423044,0
"1282",2018-08-14,0.214295912993168,2.43031,2367782,0
"1283",2018-08-15,-0.6355135220413,2.59067,5946032,0
"1284",2018-08-16,0.230939425772676,0.95378,2308626,0
"1285",2018-08-17,-0.0718375608760614,1.53397,2552366,0
"1286",2018-08-20,0.177386190030637,1.05378,2190329,0
"1287",2018-08-21,-0.136622346309512,1.22921,1340447,0
"1288",2018-08-22,0.106138313383283,1.85704,2537694,0
"1289",2018-08-23,0.0403027548357648,1.08619,1441387,0
"1290",2018-08-24,-0.192448926956773,1.5246,1787910,0
"1291",2018-08-27,0.253841593079155,0.65517,1358447,0
"1292",2018-08-28,0.00701845021767067,1.1088,1341259,0
"1293",2018-08-29,0.157378544809431,1.33015,2214942,0
"1294",2018-08-30,-0.450761866323618,1.28814,1791734,0
"1295",2018-08-31,0.367139122015341,0.88375,1375350,0
"1296",2018-09-04,-1.00339343234099,2.33196,1879480,0
"1297",2018-09-05,1.03660507997848,1.41477,1609201,0
"1298",2018-09-06,0.0680079783606009,2.72727,1942388,1
"1299",2018-09-07,-0.130630406683616,1.53221,1718588,1
"1300",2018-09-10,-0.242179161131373,1.74243,1242658,1
"1301",2018-09-11,0.28909873110277,2.73973,1551404,1
"1302",2018-09-12,-0.385625671459647,1.55616,2331057,0
"1303",2018-09-13,0.540026631105193,1.93237,2303343,0
"1304",2018-09-14,-0.459991845246805,2.75862,2044781,0
"1305",2018-09-17,-0.0881993492899592,1.6586,1802908,0
"1306",2018-09-18,0.188752383261501,1.53165,1835955,0
"1307",2018-09-19,0.00228052779527732,1.47189,2182924,0
"1308",2018-09-20,-0.307579837495152,1.79054,1846080,0
"1309",2018-09-21,0.419206732542515,2.48329,3544984,0
"1310",2018-09-24,0.0882160254518749,1.2177,3086345,0
"1311",2018-09-25,-0.15001732188433,1.17878,2287983,0
"1312",2018-09-26,-0.0700520437944092,0.99272,1383155,0
"1313",2018-09-27,0.218166777250777,0.78637,1472736,0
"1314",2018-09-28,0.123132852921233,2.19072,2314641,0
"1315",2018-10-01,-0.0306873812376045,3.51097,3279414,0
"1316",2018-10-02,-0.413944796132558,0.78765,1999752,0
"1317",2018-10-03,-0.245881573940716,3.54478,3278019,0
"1318",2018-10-04,0.618768138264298,2.66836,3300207,0
"1319",2018-10-05,-0.335680764904048,1.78458,3253287,0
"1320",2018-10-08,-0.00916775073515137,1.11607,2473343,1
"1321",2018-10-09,-0.000968663624625221,1.64349,2912577,1
"1322",2018-10-10,-0.409960464829848,2.60078,2259738,1
"1323",2018-10-11,0.240856590290964,2.50836,3723564,1
"1324",2018-10-12,0.606535013465807,1.5873,3340894,0
"1325",2018-10-15,-0.548284617181082,1.32849,2797253,0
"1326",2018-10-16,0.182323808831772,1.44832,2308704,0
"1327",2018-10-17,0.442599446436424,2.48988,3950951,0
"1328",2018-10-18,-0.342489139914117,1.71703,2988333,0
"1329",2018-10-19,0.262499812462832,1.15489,2574554,0
"1330",2018-10-22,0.00733145061974111,1.69607,2182722,0
"1331",2018-10-23,-0.553937908086321,3.27635,5841743,0
"1332",2018-10-24,-0.518423306959952,2.13523,3376749,0
"1333",2018-10-25,0.367961741354282,1.19634,1922628,0
"1334",2018-10-26,0.451365070215866,2.19819,2714951,0
"1335",2018-10-29,-0.742747594217332,1.70092,2657918,0
"1336",2018-10-30,0.717557203289532,2.067,2458201,0
"1337",2018-10-31,-0.406895172537487,2.56708,3998849,0
"1338",2018-11-01,0.0849588407348199,3.64042,4506739,0
"1339",2018-11-02,-0.257593867076707,1.80316,3595178,0
"1340",2018-11-05,-0.0231905033803844,2.25564,2456172,1
"1341",2018-11-06,0.50365169372838,3.24507,3702320,1
"1342",2018-11-07,-0.061715180417766,2.56508,3240038,1
"1343",2018-11-08,-0.118262615412851,1.86916,3425127,1
"1344",2018-11-09,-0.273474467658977,2.12598,3858088,0
"1345",2018-11-12,-1.29546736458676,4.24679,4355879,0
"1346",2018-11-13,0.774639368749748,7.39949,10619466,0
"1347",2018-11-14,1.12650324808871,2.42678,6936099,0
"1348",2018-11-15,-0.177516810561636,1.87813,4923987,0
"1349",2018-11-16,0.74361418695615,3.56255,3793374,0
"1350",2018-11-19,-0.348750382479985,3.99506,4316194,0
"1351",2018-11-20,-0.623824089478012,6.53771,9022216,0
"1352",2018-11-21,-0.0315303821123702,3.42882,4777603,0
"1353",2018-11-23,1.83406823884801,2.3084,6942045,0
"1354",2018-11-26,-1.37400751495272,1.64534,4877696,0
"1355",2018-11-27,0.222741761429341,3.98082,4510757,0
"1356",2018-11-28,-0.194664456338221,4.12758,6097719,0
"1357",2018-11-29,-0.333981503513601,2.5759,4139982,0
"1358",2018-11-30,-0.285135494660422,3.86766,5852474,0
"1359",2018-12-03,1.00896923376028,2.21828,4044548,0
"1360",2018-12-04,-1.37088050657404,1.7907,3399303,0
"1361",2018-12-06,1.18332758479649,3.65539,5738675,1
"1362",2018-12-07,-0.603628210172322,3.60576,5410952,1
"1363",2018-12-10,-0.20160477591842,3.04651,3925260,1
"1364",2018-12-11,0.593029724663058,2.28219,2606042,1
"1365",2018-12-12,-0.265480017768137,3.14233,3284498,0
"1366",2018-12-13,0.714512247554954,4.95094,6635336,0
"1367",2018-12-14,-0.937609128608706,2.94824,4474004,0
"1368",2018-12-17,-0.995127021484524,4.78469,5016203,0
"1369",2018-12-18,0.912636988963719,6.94586,7047744,0
"1370",2018-12-19,-0.995972498910044,2.79441,4808566,0
"1371",2018-12-20,1.82628954776592,3.29218,5516571,0
"1372",2018-12-21,-0.925857751851105,2.50784,4862655,0
"1373",2018-12-24,3.96343659884236,2.58342,2699773,0
"1374",2018-12-26,-1.96911778861705,6.9697,5122350,0
"1375",2018-12-27,0.670990599395784,2.8763,4572334,0
"1376",2018-12-28,-2.54526074051986,2.83316,2850421,0
"1377",2018-12-31,1.16561040811622,2.74327,3552177,0
"1378",2019-01-02,-0.519154546679768,7.34518,4137855,0
"1379",2019-01-03,-0.169676745986353,3.56784,4027375,0
"1380",2019-01-04,0.447928757095351,3.24165,4864510,0
"1381",2019-01-07,-0.100079767478789,2.80272,4031141,0
"1382",2019-01-08,-0.548124102799457,1.80857,3644150,1
"1383",2019-01-09,0.0590396350115894,3.71041,6148536,1
"1384",2019-01-10,0.0229497566428978,2.61261,2647249,1
"1385",2019-01-11,0.091105912628165,2.24771,3576688,1
"1386",2019-01-14,0.204686856956577,2.80636,3882536,0
"1387",2019-01-15,-0.228081066110271,1.72727,2989482,0
"1388",2019-01-16,0.120184162999495,2.24955,4094159,0
"1389",2019-01-17,0.19997405585221,2.99184,4481596,0
"1390",2019-01-18,-0.655203842377778,2.88859,5105031,0
"1391",2019-01-22,0.212176837136024,2.10522,4597172,0
"1392",2019-01-23,0.101715041287516,2.71493,3630601,0
"1393",2019-01-24,0.110563971954814,1.79051,2748365,0
"1394",2019-01-25,-0.339655980851181,1.24444,2220977,0
"1395",2019-01-28,0.500661147093336,1.71416,3613907,0
"1396",2019-01-29,-0.612622475248299,1.83692,2847829,0
"1397",2019-01-30,0.412002844342137,2.19298,2582504,0
"1398",2019-01-31,0.370345175859147,3.25463,3443349,0
"1399",2019-02-01,-0.264006430813107,2.57954,2362478,0
"1400",2019-02-04,0.136337289547206,2.78261,2478473,0
"1401",2019-02-05,-0.185406536510258,2.1488,2743159,0
"1402",2019-02-06,-0.389561138108056,2.45583,2399106,1
"1403",2019-02-07,0.316160158618783,3.68744,2777824,1
"1404",2019-02-08,-0.0723461826648522,1.44404,1734604,1
"1405",2019-02-11,-0.0585715238146395,2.63397,2945869,1
"1406",2019-02-12,0.0528797386450939,1.88172,2233892,0
"1407",2019-02-13,0.0349242657521176,1.56261,2597723,0
"1408",2019-02-14,0.341990998374423,2.70035,3395522,0
"1409",2019-02-15,-0.16988637596907,1.34073,2346180,0
"1410",2019-02-19,-0.258919625888103,1.44312,2636742,0
"1411",2019-02-20,0.0107055194511061,2.51467,2125911,0
"1412",2019-02-21,-0.0745150695126815,0.92593,1654337,0
"1413",2019-02-22,0.0588549270431543,1.08787,1635109,0
"1414",2019-02-25,-0.0879813223846888,2.33362,3565645,0
"1415",2019-02-26,0.475922194854638,1.37575,2493223,0
"1416",2019-02-27,-0.355375209243774,1.9344,2688472,0
"1417",2019-02-28,0.00797747484693079,1.19665,1783633,0
"1418",2019-03-01,0.051368544826341,3.60206,3959204,0
"1419",2019-03-04,-0.227498657896506,1.94915,2754205,0
"1420",2019-03-05,0.218220245573759,1.43824,2590208,0
"1421",2019-03-06,0.0039701149599175,1.77872,3225271,1
"1422",2019-03-07,-0.257769938062535,0.91787,2221279,1
"1423",2019-03-08,0.370345368706538,2.9838,3694683,1
"1424",2019-03-11,-0.140077223169793,1.09612,2811998,1
"1425",2019-03-12,0.110689846373223,1.42977,2052432,0
"1426",2019-03-13,0.0860126751950636,1.47662,3626701,0
"1427",2019-03-14,-0.303892011540634,1.09902,2648074,0
"1428",2019-03-15,-0.0159917711266791,1.47541,2030775,0
"1429",2019-03-18,-0.0644344782327897,1.34037,2304933,0
"1430",2019-03-19,-0.0970598923296271,1.4202,1948515,0
"1431",2019-03-20,0.197782569821013,2.16,2446095,0
"1432",2019-03-21,-0.0701990094637068,1.28617,1866703,0
"1433",2019-03-22,-0.127891316180603,1.71709,2842485,0
"1434",2019-03-25,0.521989649400991,2.04082,2457836,0
"1435",2019-03-26,-0.111296496753703,1.12269,2047624,0
"1436",2019-03-27,-0.164856565872177,2.35008,2391096,0
"1437",2019-03-28,0.261282899002473,1.7004,2587634,0
"1438",2019-03-29,-0.214174782707358,1.12,2203940,0
"1439",2019-04-01,0.140264062790347,1.95008,2856934,0
"1440",2019-04-02,-0.128942157973638,1.46042,2901423,0
"1441",2019-04-03,0.0326890062857574,1.23172,3037745,0
"1442",2019-04-04,0.0325385039848338,1.39319,2172126,0
"1443",2019-04-05,0.19354979830856,1.52091,2344917,0
"1444",2019-04-08,-0.201887258156165,1.34328,2982435,1
"1445",2019-04-09,0.108893709335375,1.04951,3424220,1
"1446",2019-04-10,-0.430532272249675,0.96943,2108259,1
"1447",2019-04-11,0.495971696924983,1.50716,2359751,1
"1448",2019-04-12,-0.324690807357327,0.86466,2317663,0
"1449",2019-04-15,0.254540969577338,1.12538,1979565,0
"1450",2019-04-16,-0.0142914256944083,1.86986,1681164,0
"1451",2019-04-17,-0.180607877791196,0.97892,1932466,0
"1452",2019-04-18,-0.0170255175277356,0.82583,1549136,0
"1453",2019-04-22,0.289824730635055,0.87783,2547716,0
"1454",2019-04-23,-0.268531449844033,1.08774,2315431,0
"1455",2019-04-24,-0.185415854491888,1.16959,1879183,0
"1456",2019-04-25,-0.0700158229764742,1.66297,2195307,0
"1457",2019-04-26,-0.338358038489882,3.28495,5269260,0
"1458",2019-04-29,0.734546901705904,1.47846,2926274,0
"1459",2019-04-30,-0.195981279853895,1.3544,2096427,0
"1460",2019-05-01,-0.0468469355398018,1.85325,3221471,0
"1461",2019-05-02,-0.222668277892,1.95008,5288614,0
"1462",2019-05-03,0.173996869507218,1.2432,3274225,0
"1463",2019-05-06,1.0284202799397,2.41546,4741503,0
"1464",2019-05-07,-1.26596709501672,1.7282,3743117,1
"1465",2019-05-08,0.0853323754158715,1.78433,2893745,1
"1466",2019-05-09,0.0448127782804161,1.44887,2399019,1
"1467",2019-05-10,0.259962895945037,1.0771,2353611,1
"1468",2019-05-13,-0.30692252771179,4.34621,4848842,0
"1469",2019-05-14,0.264340781457089,1.04895,2536021,0
"1470",2019-05-15,0.318220534754912,1.88897,2752536,0
"1471",2019-05-16,-0.0115222848336323,1.21766,2457741,0
"1472",2019-05-17,-0.24014224897043,1.70795,2948458,0
"1473",2019-05-20,0.0596458476135444,1.44487,2682615,0
"1474",2019-05-21,-0.0307089561529282,0.91394,1840012,0
"1475",2019-05-22,-0.274159381842487,2.85714,3444327,0
"1476",2019-05-23,0.642897068449114,3.72208,5696452,0
"1477",2019-05-24,-0.0888196965812151,2.34178,2690882,0
"1478",2019-05-28,-0.884239351740578,1.39002,2925529,0
"1479",2019-05-29,0.636098992499611,3.67647,4513234,0
"1480",2019-05-30,-0.157593881244136,4.84694,3688590,0
"1481",2019-05-31,-0.165965411082394,4.45946,5039956,0
"1482",2019-06-03,-0.542696846253217,3.27934,4144102,0
"1483",2019-06-04,1.09919879081871,2.15054,2809361,0
"1484",2019-06-05,-0.138079896823162,4.54968,5199918,0
"1485",2019-06-06,0.907618410494479,3.9783,3949347,1
"1486",2019-06-07,-1.11552396748813,3.11665,3269396,1
"1487",2019-06-10,0.227667803612256,2.75068,2936625,1
"1488",2019-06-11,-0.062734481640543,1.66517,2360615,1
"1489",2019-06-12,-0.22373762552287,3.1015,4382647,0
"1490",2019-06-13,-0.0261913330064747,2.48162,4366046,0
"1491",2019-06-14,0.108493850886098,1.64534,3216363,0
"1492",2019-06-17,-0.0659890010381288,1.80389,3940363,0
"1493",2019-06-18,0.333560793532636,3.11111,4511600,0
"1494",2019-06-19,0.963018789536695,2.11827,5144683,0
"1495",2019-06-20,-1.10241973644264,2.27848,5822444,0
"1496",2019-06-21,0.374542853944306,1.08605,3071972,0
"1497",2019-06-24,-0.495407912120672,2.24813,3329024,0
"1498",2019-06-25,0.0329683298528937,1.41667,2896216,0
"1499",2019-06-26,-0.261672662352469,1.46461,4382434,0
"1500",2019-06-27,-0.0891608533655501,1.0415,3304889,0
"1501",2019-06-28,-0.439692870943447,3.0598,3607098,0
"1502",2019-07-01,0.912646668517191,2.76059,3918918,0
"1503",2019-07-02,0.082491211096686,4.87179,6164291,0
"1504",2019-07-03,-1.32958656348592,1.76041,2461279,0
"1505",2019-07-05,1.21400781570731,1.42259,2838280,0
"1506",2019-07-08,-0.441593369604664,1.84493,3144796,1
"1507",2019-07-09,0.617139172032819,1.11379,1831983,1
"1508",2019-07-10,-0.390740968228189,2.11492,4188493,1
"1509",2019-07-11,0.550799185477235,1.15618,2230186,1
"1510",2019-07-12,-0.274620699562947,1.11821,1864222,0
"1511",2019-07-15,-0.753956821417732,2.60163,2717272,0
"1512",2019-07-16,1.41216184817382,5.05385,4500138,0
"1513",2019-07-17,-1.26155493735382,3.14894,3774623,0
"1514",2019-07-18,1.03564360955605,3.71972,4825066,0
"1515",2019-07-19,0.330717732655247,2.22708,3138532,0
"1516",2019-07-22,-0.749585016514339,1.10959,3000223,0
"1517",2019-07-23,0.128733586663786,1.9475,2235122,0
"1518",2019-07-24,-0.305159264771061,4.12856,4365505,0
"1519",2019-07-25,-0.16868379806972,1.63793,2486520,0
"1520",2019-07-26,0.104726056532091,1.37339,2157044,0
"1521",2019-07-29,0.250163809095298,2.1489,2837455,0
"1522",2019-07-30,0.117330114464578,2.27649,2717495,0
"1523",2019-07-31,-1.24528386550913,1.66113,3487515,0
"1524",2019-08-01,1.97438150126688,6.71972,7204322,0
"1525",2019-08-02,-1.63356062290769,1.42247,4697245,0
"1526",2019-08-05,0.782930942451001,2.19877,5893976,0
"1527",2019-08-06,-0.0903007432286964,3.14183,3784239,1
"1528",2019-08-07,2.13117522621666,3.69004,6763022,1
"1529",2019-08-08,-1.68097493007197,1.82482,2943329,1
"1530",2019-08-09,-0.720814870852178,1.59574,3621720,1
"1531",2019-08-12,-0.182687024924062,1.58451,3017348,0
"1532",2019-08-13,0.366891049459152,5.22325,5984431,0
"1533",2019-08-14,-0.400681260689158,2.53497,5230790,0
"1534",2019-08-15,0.719300115276663,1.76211,3768831,0
"1535",2019-08-16,-0.27918516314296,1.40351,2934803,0
"1536",2019-08-19,-0.155676487369841,1.80103,3050403,0
"1537",2019-08-20,-0.244143633688112,2.3577,3081748,0
"1538",2019-08-21,0.62841353024141,2.75624,3012189,0
"1539",2019-08-22,-0.101319167609294,2.51518,2724057,0
"1540",2019-08-23,-0.842739171416763,2.81501,4257204,0
"1541",2019-08-26,0.880793501431265,3.13059,3261006,0
"1542",2019-08-27,-0.256893795530772,2.5394,3071538,0
"1543",2019-08-28,0.368073914216831,2.06186,3798728,0
"1544",2019-08-29,-0.462339275392044,1.57131,2845681,0
"1545",2019-08-30,0.117042252567266,3.57766,3818589,0
"1546",2019-09-03,-0.00176233523329472,2.49554,3508324,0
"1547",2019-09-04,0.059312940364145,2.13664,3644308,0
"1548",2019-09-05,-0.160843258107516,3.07692,3411113,0
"1549",2019-09-06,0.202238937091554,3.73832,2792520,1
"1550",2019-09-09,0.276287088797494,1.69702,2925376,1
"1551",2019-09-10,-0.0595950731645677,2.71285,3195703,1
"1552",2019-09-11,0.343255009033547,4.02397,4790672,1
"1553",2019-09-12,-0.695581798405101,2.09241,4467405,0
"1554",2019-09-13,0.189493750496513,1.23864,1759294,0
"1555",2019-09-16,-1.96412356343596,5.5339,10127498,0
"1556",2019-09-17,1.56133551723752,6.34662,12375256,0
"1557",2019-09-18,0.247559240637416,2.13223,4342795,0
"1558",2019-09-19,0.478966126261544,1.4356,3822516,0
"1559",2019-09-20,0.25002824242845,1.93115,3016473,0
"1560",2019-09-23,-0.871296510448906,1.638,2698017,0
"1561",2019-09-24,-0.246830283362277,2.43529,3699162,0
"1562",2019-09-25,0.558164211276132,1.86441,2705956,0
"1563",2019-09-26,0.137753241209593,2.16102,2632501,0
"1564",2019-09-27,-0.306754157793907,2.48628,3222683,0
"1565",2019-09-30,0.552541722460879,2.99824,3176761,0
"1566",2019-10-01,-0.500386143525695,3.21716,3315106,0
"1567",2019-10-02,-0.054266055364685,2.86885,3566985,0
"1568",2019-10-03,-0.0993324592262171,3.1107,3676880,0
"1569",2019-10-04,0.313464721760558,2.53623,3501458,0
"1570",2019-10-07,0.101762732198207,2.71739,2515126,0
"1571",2019-10-08,-1.1442625185894,1.83655,3059399,1
"1572",2019-10-09,0.974870089345522,2.54777,2999427,1
"1573",2019-10-10,0.00337461588301169,1.51921,2662384,1
"1574",2019-10-11,-0.186854985212574,1.92732,4610519,1
"1575",2019-10-14,-0.0483901189490652,1.65474,2974474,0
"1576",2019-10-15,0.362309669289842,1.98915,3116883,0
"1577",2019-10-16,-0.35537559006595,1.97487,2560411,0
"1578",2019-10-17,0.165857644929862,2.69504,2209639,0
"1579",2019-10-18,-0.240472067711918,2.09447,2495216,0
"1580",2019-10-21,0.570168693227483,1.60571,2206605,0
"1581",2019-10-22,-0.647698029402069,1.76367,2782349,0
"1582",2019-10-23,-0.00517476970877873,3.69099,3237419,0
"1583",2019-10-24,0.217150798136075,0.93862,2023332,0
"1584",2019-10-25,0.0832966664157859,1.97126,2064118,0
"1585",2019-10-28,-0.0331748497924436,2.40343,2371637,0
"1586",2019-10-29,-0.121670288938538,2.15889,2198252,0
"1587",2019-10-30,-0.0904019213588588,1.83086,2995104,0
"1588",2019-10-31,0.114097871537414,1.68142,2764131,0
"1589",2019-11-01,-0.271218681552767,2.73738,3279478,0
"1590",2019-11-04,0.407036831320912,1.77815,3043047,0
"1591",2019-11-05,-0.205687800002145,0.79631,2096386,0
"1592",2019-11-06,0.534921394685823,3.02625,4253383,1
"1593",2019-11-07,-0.806148904509335,1.85185,3258344,1
"1594",2019-11-08,0.746030843641693,3.0025,3008853,1
"1595",2019-11-11,-0.20590386201852,1.72414,2231189,1
"1596",2019-11-12,-0.0811821957775994,1.76917,2174317,0
"1597",2019-11-13,0.137897536291772,1.83946,2815161,0
"1598",2019-11-14,-0.418936515527699,1.76322,2548215,0
"1599",2019-11-15,0.314805269478288,2.15232,2205185,0
"1600",2019-11-18,-0.311694429082608,1.51261,3133965,0
"1601",2019-11-19,0.36680542232174,1.90147,3606876,0
"1602",2019-11-20,-0.146524056488917,3.02353,4796600,0
"1603",2019-11-21,-0.230260674610824,1.7623,3373872,0
"1604",2019-11-22,0.648526856706509,1.65153,2237292,0
"1605",2019-11-25,-0.425266549993491,1.40462,2349316,0
"1606",2019-11-26,-0.0322338190118253,1.26907,2056807,0
"1607",2019-11-27,0.100477884179588,1.68863,1884605,0
"1608",2019-11-29,0.804229467747934,3.42083,3345292,0
"1609",2019-12-02,-0.999120926194074,1.62811,1742016,0
"1610",2019-12-03,0.514938045225014,2.29592,2917850,0
"1611",2019-12-04,-0.481508365716484,1.64069,3671403,0
"1612",2019-12-05,-0.00312973813293091,1.68171,2976256,1
"1613",2019-12-06,-0.231897500410044,3.04383,2626823,1
"1614",2019-12-09,0.378378754671244,1.01379,1718813,1
"1615",2019-12-10,0.112312873676595,1.29136,1284198,1
"1616",2019-12-11,0.102438594723384,1.82927,1918329,0
"1617",2019-12-12,-0.132392053340348,1.37429,2787551,0
"1618",2019-12-13,-0.583558112012564,1.92154,2137636,0
"1619",2019-12-16,0.522082155531064,0.46068,801840,0
"1620",2019-12-17,-0.182234751255449,0.86478,1494179,0
"1621",2019-12-18,0.18685868140276,1.33124,1483655,0
"1622",2019-12-19,-0.23043968115259,1.09233,959589,0
"1623",2019-12-20,0.0331198818525609,1.26683,1429481,0
"1624",2019-12-23,0.411005576692446,1.02362,931688,0
"1625",2019-12-24,-0.423924127222956,0.50901,431742,0
"1626",2019-12-26,0.000816117320724619,0.93095,881688,0
"1627",2019-12-27,0.0869826773651883,1.08443,1137992,0
"1628",2019-12-30,-0.0991494620812156,1.78433,1121459,0
"1629",2019-12-31,0.38467027257816,2.0687,1450665,0
"1630",2020-01-02,-0.202609516762184,1.17096,1562401,0
"1631",2020-01-03,-0.166342423285621,2.17223,4326415,0
"1632",2020-01-06,-0.508593615904771,1.51976,2599289,0
"1633",2020-01-07,0.673935317558944,1.29474,1859810,1
"1634",2020-01-08,1.39538974315527,5.37125,6927560,1
"1635",2020-01-09,-1.29346638922135,2.0016,3439673,1
"1636",2020-01-10,0.144839771915343,1.16841,2016753,1
"1637",2020-01-13,-0.157255732621483,1.22951,2858833,0
"1638",2020-01-14,0.341132873461823,0.9772,2338576,0
"1639",2020-01-15,-0.0971913353321237,1.39573,1881759,0
"1640",2020-01-16,-0.289734959669346,1.30187,1960807,0
"1641",2020-01-17,0.236743515575967,1.05434,2220763,0
"1642",2020-01-21,-0.401934921345457,1.06209,1709633,0
"1643",2020-01-22,0.0293602274284357,1.38655,3196459,0
"1644",2020-01-23,0.00693842227630626,1.80103,3858529,0
"1645",2020-01-24,0.555076794498063,1.66229,3051030,0
"1646",2020-01-27,-0.981589766110813,1.98198,3142594,0
"1647",2020-01-28,0.701468096376735,1.85422,3048704,0
"1648",2020-01-29,-0.525382023975185,1.74731,2724537,0
"1649",2020-01-30,1.53469438314518,2.16606,3689645,0
