Business Date,RB-02,RB-03
2012-01-03,5750,5500
2012-01-04,5750,5500
2012-01-05,5750,5500
2012-01-06,5750,5500
2012-01-09,5750,5500
2012-01-10,5750,5500
2012-01-11,5750,5500
2012-01-12,5750,5500
2012-01-13,5750,5500
2012-01-17,5750,5500
2012-01-18,5750,5500
2012-01-19,5750,5500
2012-01-20,5750,5500
2012-01-23,5750,5500
2012-01-24,5750,5500
2012-01-25,5750,5500
2012-01-26,5750,5500
2012-01-27,5750,5500
2012-01-30,5750,5500
2012-01-31,6000,5750
2012-02-01,5750,5500
2012-02-02,5750,5500
2012-02-03,5750,5500
2012-02-06,5750,5500
2012-02-07,5750,5500
2012-02-08,5750,5500
2012-02-09,5750,5500
2012-02-10,5750,5500
2012-02-13,5750,5500
2012-02-14,5750,5500
2012-02-15,5750,5500
2012-02-16,5750,5500
2012-02-17,5750,5500
2012-02-20,5750,5500
2012-02-21,5750,5500
2012-02-22,5750,5500
2012-02-23,5750,5500
2012-02-24,5750,5500
2012-02-27,5750,5500
2012-02-28,5750,5500
2012-02-29,6000,5750
2012-03-01,5750,5500
2012-03-02,5750,5500
2012-03-05,5750,5500
2012-03-06,5750,5500
2012-03-07,5500,5500
2012-03-08,5750,5500
2012-03-09,5750,5500
2012-03-12,5750,5500
2012-03-13,5750,5500
2012-03-14,5750,5500
2012-03-15,5750,5500
2012-03-16,5750,5500
2012-03-19,5750,5500
2012-03-20,5750,5500
2012-03-21,5750,5500
2012-03-22,5750,5500
2012-03-23,5750,5500
2012-03-26,5750,5500
2012-03-27,5750,5500
2012-03-28,5750,5500
2012-03-29,5750,5500
2012-03-30,6000,5750
2012-04-02,5750,5500
2012-04-03,5750,5500
2012-04-04,5750,5500
2012-04-05,5750,5500
2012-04-06,5750,5500
2012-04-09,5750,5500
2012-04-10,5750,5500
2012-04-11,5750,5500
2012-04-12,5750,5500
2012-04-13,5750,5500
2012-04-16,5750,5500
2012-04-17,5750,5500
2012-04-18,5750,5500
2012-04-19,5750,5500
2012-04-20,5750,5500
2012-04-23,5750,5500
2012-04-24,5750,5500
2012-04-25,5750,5500
2012-04-26,5750,5500
2012-04-27,5750,5500
2012-04-30,6000,5750
2012-05-01,5750,5500
2012-05-02,5750,5500
2012-05-03,5750,5500
2012-05-04,5750,5500
2012-05-07,5750,5500
2012-05-08,5750,5500
2012-05-09,5750,5500
2012-05-10,5750,5500
2012-05-11,5750,5500
2012-05-14,5750,5500
2012-05-15,5750,5500
2012-05-16,5750,5500
2012-05-17,5750,5500
2012-05-18,5750,5500
2012-05-21,5750,5500
2012-05-22,5750,5500
2012-05-23,5750,5500
2012-05-24,5750,5500
2012-05-25,5750,5500
2012-05-28,5750,5500
2012-05-29,5250,5000
2012-05-30,5250,5000
2012-05-31,5500,5250
2012-06-01,5250,5000
2012-06-04,5250,5000
2012-06-05,5250,5000
2012-06-06,5250,5000
2012-06-07,5250,5000
2012-06-08,5250,5000
2012-06-11,5250,5000
2012-06-12,5250,5000
2012-06-13,5250,5000
2012-06-14,5250,5000
2012-06-15,5250,5000
2012-06-18,5250,5000
2012-06-19,5250,5000
2012-06-20,5250,5000
2012-06-21,5250,5000
2012-06-22,5250,5000
2012-06-25,5250,5000
2012-06-26,5250,5000
2012-06-27,5250,5000
2012-06-28,5250,5000
2012-06-29,5500,5250
2012-07-02,5250,5000
2012-07-03,5250,5000
2012-07-05,5250,5000
2012-07-06,5250,5000
2012-07-09,5250,5000
2012-07-10,5250,5000
2012-07-11,5250,5000
2012-07-12,5250,5000
2012-07-13,5250,5000
2012-07-16,5250,5000
2012-07-17,5250,5000
2012-07-18,5250,5000
2012-07-19,5250,5000
2012-07-20,5250,5000
2012-07-23,5250,5000
2012-07-24,5250,5000
2012-07-25,5250,5000
2012-07-26,5250,5000
2012-07-27,5250,5000
2012-07-30,5250,5000
2012-07-31,5500,5250
2012-08-01,5250,5000
2012-08-02,5250,5000
2012-08-03,5250,5000
2012-08-06,5250,5000
2012-08-07,5250,5000
2012-08-08,5250,5000
2012-08-09,5250,5000
2012-08-10,5250,5000
2012-08-13,5250,5000
2012-08-14,5250,5000
2012-08-15,5250,5000
2012-08-16,5250,5000
2012-08-17,5250,5000
2012-08-20,5250,5000
2012-08-21,5250,5000
2012-08-22,5250,5000
2012-08-23,5250,5000
2012-08-24,5250,5000
2012-08-27,5250,5000
2012-08-28,5250,5000
2012-08-29,5250,5000
2012-08-30,5250,5000
2012-08-31,5500,5250
2012-09-04,5250,5000
2012-09-05,5250,5000
2012-09-06,5250,5000
2012-09-07,5250,5000
2012-09-10,5250,5000
2012-09-11,5250,5000
2012-09-12,5250,5000
2012-09-13,5250,5000
2012-09-14,5250,5000
2012-09-17,5250,5000
2012-09-18,5250,5000
2012-09-19,5250,5000
2012-09-20,5250,5000
2012-09-21,5250,5000
2012-09-24,5250,5000
2012-09-25,5250,5000
2012-09-26,5250,5000
2012-09-27,5250,5000
2012-09-28,5500,5250
2012-10-01,5250,5000
2012-10-02,5250,5000
2012-10-03,5250,5000
2012-10-04,5250,5000
2012-10-05,5250,5000
2012-10-08,5250,5000
2012-10-09,5250,5000
2012-10-10,5250,5000
2012-10-11,5250,5000
2012-10-12,5250,5000
2012-10-15,5250,5000
2012-10-16,5250,5000
2012-10-17,5250,5000
2012-10-18,5250,5000
2012-10-19,5250,5000
2012-10-22,5250,5000
2012-10-23,5250,5000
2012-10-24,5250,5000
2012-10-25,5250,5000
2012-10-26,5250,5000
2012-10-29,5250,5000
2012-10-30,5250,5000
2012-10-31,5500,5250
2012-11-01,5250,5000
2012-11-02,5250,5000
2012-11-05,5250,5000
2012-11-06,5250,5000
2012-11-07,5250,5000
2012-11-08,5250,5000
2012-11-09,5250,5000
2012-11-12,5250,5000
2012-11-13,5250,5000
2012-11-14,5250,5000
2012-11-15,5250,5000
2012-11-16,5250,5000
2012-11-19,5250,5000
2012-11-20,5250,5000
2012-11-21,5250,5000
2012-11-23,5250,5000
2012-11-26,5250,5000
2012-11-27,5250,5000
2012-11-28,5250,5000
2012-11-29,5250,5000
2012-11-30,5500,5250
2012-12-03,5250,5000
2012-12-04,5250,5000
2012-12-05,5250,5000
2012-12-06,5250,5000
2012-12-07,5250,5000
2012-12-10,5250,5000
2012-12-11,5250,5000
2012-12-12,5250,5000
2012-12-13,5250,5000
2012-12-14,5250,5000
2012-12-17,5250,5000
2012-12-18,5250,5000
2012-12-19,5250,5000
2012-12-20,5250,5000
2012-12-21,5250,5000
2012-12-24,5250,5000
2012-12-26,5250,5000
2012-12-27,5250,5000
2012-12-28,5250,5000
2012-12-31,5500,5250
2013-01-02,5250,5000
2013-01-03,5250,5000
2013-01-04,5250,5000
2013-01-07,5250,5000
2013-01-08,5250,5000
2013-01-09,5250,5000
2013-01-10,5250,5000
2013-01-11,5250,5000
2013-01-14,5250,5000
2013-01-15,5250,5000
2013-01-16,5250,5000
2013-01-17,5250,5000
2013-01-18,5250,5000
2013-01-21,5250,5000
2013-01-22,5250,5000
2013-01-23,5250,5000
2013-01-24,5250,5000
2013-01-25,5250,5000
2013-01-28,5250,5000
2013-01-29,5250,5000
2013-01-30,5250,5000
2013-01-31,5500,5250
2013-02-01,5250,5000
2013-02-04,5250,5000
2013-02-05,5250,5000
2013-02-06,5250,5000
2013-02-07,5250,5000
2013-02-08,5250,5000
2013-02-11,5250,5000
2013-02-12,4750,4500
2013-02-13,4750,4500
2013-02-14,4750,4500
2013-02-15,4750,4500
2013-02-18,4750,4500
2013-02-19,4750,4500
2013-02-20,4750,4500
2013-02-21,4750,4500
2013-02-22,4750,4500
2013-02-25,4750,4500
2013-02-26,4750,4500
2013-02-27,4750,4500
2013-02-28,5000,4750
2013-03-01,4750,4500
2013-03-04,4750,4500
2013-03-05,4750,4500
2013-03-06,4750,4500
2013-03-07,4750,4500
2013-03-08,4750,4500
2013-03-11,4750,4500
2013-03-12,4750,4500
2013-03-13,4750,4500
2013-03-14,4750,4500
2013-03-15,4750,4500
2013-03-18,4750,4500
2013-03-19,4750,4500
2013-03-20,4750,4500
2013-03-21,4750,4500
2013-03-22,4750,4500
2013-03-25,4750,4500
2013-03-26,4750,4500
2013-03-27,4750,4500
2013-03-28,5000,4750
2013-03-29,4750,4500
2013-04-01,4750,4500
2013-04-02,4750,4500
2013-04-03,4750,4500
2013-04-04,4750,4500
2013-04-05,4750,4500
2013-04-08,4750,4500
2013-04-09,4750,4500
2013-04-10,4750,4500
2013-04-11,4750,4500
2013-04-12,4750,4500
2013-04-15,4750,4500
2013-04-16,4750,4500
2013-04-17,4750,4500
2013-04-18,4750,4500
2013-04-19,4750,4500
2013-04-22,4750,4500
2013-04-23,4750,4500
2013-04-24,4750,4500
2013-04-25,4750,4500
2013-04-26,4750,4500
2013-04-29,4750,4500
2013-04-30,5000,4750
2013-05-01,4750,4500
2013-05-02,4750,4500
2013-05-03,4750,4500
2013-05-06,4750,4500
2013-05-07,4750,4500
2013-05-08,4750,4500
2013-05-09,4750,4500
2013-05-10,4750,4500
2013-05-13,4750,4500
2013-05-14,4750,4500
2013-05-15,4750,4500
2013-05-16,4750,4500
2013-05-17,4750,4500
2013-05-20,4750,4500
2013-05-21,4750,4500
2013-05-22,4750,4500
2013-05-23,4750,4500
2013-05-24,4750,4500
2013-05-27,4750,4500
2013-05-28,4750,4500
2013-05-29,4750,4500
2013-05-30,4750,4500
2013-05-31,5000,4750
2013-06-03,4750,4500
2013-06-04,4750,4500
2013-06-05,4750,4500
2013-06-06,4750,4500
2013-06-07,4750,4500
2013-06-10,4750,4500
2013-06-11,4750,4500
2013-06-12,4750,4500
2013-06-13,4750,4500
2013-06-14,4750,4500
2013-06-17,4750,4500
2013-06-18,4750,4500
2013-06-19,4750,4500
2013-06-20,4750,4500
2013-06-21,4750,4500
2013-06-24,4750,4500
2013-06-25,4750,4500
2013-06-26,4750,4500
2013-06-27,4750,4500
2013-06-28,5000,4750
2013-07-01,4750,4500
2013-07-02,4750,4500
2013-07-03,4750,4500
2013-07-04,4750,4500
2013-07-05,4750,4500
2013-07-08,4750,4500
2013-07-09,4750,4500
2013-07-10,4750,4500
2013-07-11,4750,4500
2013-07-12,4750,4500
2013-07-15,4750,4500
2013-07-16,4750,4500
2013-07-17,4750,4500
2013-07-18,4750,4500
2013-07-19,4750,4500
2013-07-22,4750,4500
2013-07-23,4750,4500
2013-07-24,4750,4500
2013-07-25,4750,4500
2013-07-26,4750,4500
2013-07-29,4750,4500
2013-07-30,4750,4500
2013-07-31,5000,4750
2013-08-01,4750,4500
2013-08-02,4750,4500
2013-08-05,4750,4500
2013-08-06,4750,4500
2013-08-07,4750,4500
2013-08-08,4750,4500
2013-08-09,4750,4500
2013-08-12,4750,4500
2013-08-13,4750,4500
2013-08-14,4750,4500
2013-08-15,4750,4500
2013-08-16,4750,4500
2013-08-19,4750,4500
2013-08-20,4750,4500
2013-08-21,4750,4500
2013-08-22,4750,4500
2013-08-23,4750,4500
2013-08-26,4750,4500
2013-08-27,4750,4500
2013-08-28,4750,4500
2013-08-29,4750,4500
2013-08-30,5000,4750
2013-09-02,4750,4500
2013-09-03,4750,4500
2013-09-04,4750,4500
2013-09-05,4750,4500
2013-09-06,4750,4500
2013-09-09,4750,4500
2013-09-10,4750,4500
2013-09-11,4750,4500
2013-09-12,4750,4500
2013-09-13,4750,4500
2013-09-16,4750,4500
2013-09-17,4750,4500
2013-09-18,4750,4500
2013-09-19,4750,4500
2013-09-20,4750,4500
2013-09-23,4750,4500
2013-09-24,4750,4500
2013-09-25,4750,4500
2013-09-26,4750,4500
2013-09-27,4750,4500
2013-09-30,5000,4750
2013-10-01,4750,4500
2013-10-02,4750,4500
2013-10-03,4750,4500
2013-10-04,4750,4500
2013-10-07,4750,4500
2013-10-08,4750,4500
2013-10-09,4750,4500
2013-10-10,4750,4500
2013-10-11,4750,4500
2013-10-14,4750,4500
2013-10-15,4250,4000
2013-10-16,4250,4000
2013-10-17,4250,4000
2013-10-18,4250,4000
2013-10-21,4250,4000
2013-10-22,4250,4000
2013-10-23,4250,4000
2013-10-24,4250,4000
2013-10-25,4250,4000
2013-10-28,4250,4000
2013-10-29,4250,4000
2013-10-30,4250,4000
2013-10-31,4500,4250
2013-11-01,4250,4000
2013-11-04,4250,4000
2013-11-05,4250,4000
2013-11-06,4250,4000
2013-11-07,4250,4000
2013-11-08,4250,4000
2013-11-11,4250,4000
2013-11-12,4250,4000
2013-11-13,4250,4000
2013-11-14,4250,4000
2013-11-15,4250,4000
2013-11-18,4250,4000
2013-11-19,4250,4000
2013-11-20,4250,4000
2013-11-21,4250,4000
2013-11-22,4000,3750
2013-11-25,4000,3750
2013-11-26,4000,3750
2013-11-27,4000,3750
2013-11-28,4000,3750
2013-11-29,4250,4000
2013-12-02,4000,3750
2013-12-03,4000,3750
2013-12-04,4000,3750
2013-12-05,4000,3750
2013-12-06,4000,3750
2013-12-09,4000,3750
2013-12-10,4000,3750
2013-12-11,4000,3750
2013-12-12,4000,3750
2013-12-13,4000,3750
2013-12-16,4000,3750
2013-12-17,4000,3750
2013-12-18,4000,3750
2013-12-19,4000,3750
2013-12-20,4000,3750
2013-12-23,4000,3750
2013-12-24,4000,3750
2013-12-26,4000,3750
2013-12-27,4000,3750
2013-12-30,4000,3750
2013-12-31,4250,4000
2014-01-02,4000,3750
2014-01-03,4000,3750
2014-01-06,4000,3750
2014-01-07,4000,3750
2014-01-08,4000,3750
2014-01-09,4000,3750
2014-01-10,4000,3750
2014-01-13,4000,3750
2014-01-14,4000,3750
2014-01-15,4000,3750
2014-01-16,4000,3750
2014-01-17,4000,3750
2014-01-20,4000,3750
2014-01-21,4000,3750
2014-01-22,4000,3750
2014-01-23,4000,3750
2014-01-24,4000,3750
2014-01-27,4000,3750
2014-01-28,4000,3750
2014-01-29,4000,3750
2014-01-30,4000,3750
2014-01-31,4250,4000
2014-02-03,4000,3750
2014-02-04,4000,3750
2014-02-05,4000,3750
2014-02-06,4000,3750
2014-02-07,4000,3750
2014-02-10,4000,3750
2014-02-11,4000,3750
2014-02-12,4000,3750
2014-02-13,4000,3750
2014-02-14,4000,3750
2014-02-17,4000,3750
2014-02-18,4000,3750
2014-02-19,4000,3750
2014-02-20,4000,3750
2014-02-21,4000,3750
2014-02-24,4000,3750
2014-02-25,4000,3750
2014-02-26,4000,3750
2014-02-27,4000,3750
2014-02-28,4250,4000
2014-03-03,4000,3750
2014-03-04,4000,3750
2014-03-05,4000,3750
2014-03-06,4000,3750
2014-03-07,4000,3750
2014-03-10,4000,3750
2014-03-11,4000,3750
2014-03-12,4000,3750
2014-03-13,4000,3750
2014-03-14,3800,3500
2014-03-17,3800,3500
2014-03-18,3800,3500
2014-03-19,3800,3500
2014-03-20,3800,3500
2014-03-21,3800,3500
2014-03-24,3800,3500
2014-03-25,3800,3500
2014-03-26,3800,3500
2014-03-27,3800,3500
2014-03-28,3800,3500
2014-03-31,4000,3800
2014-04-01,3800,3500
2014-04-02,3800,3500
2014-04-03,3800,3500
2014-04-04,3800,3500
2014-04-07,3800,3500
2014-04-08,3800,3500
2014-04-09,3800,3500
2014-04-10,3800,3500
2014-04-11,3800,3500
2014-04-14,3800,3500
2014-04-15,3800,3500
2014-04-16,3800,3500
2014-04-17,3800,3500
2014-04-18,3800,3500
2014-04-21,3300,3000
2014-04-22,3300,3000
2014-04-23,3300,3000
2014-04-24,3300,3000
2014-04-25,3300,3000
2014-04-28,3300,3000
2014-04-29,3300,3000
2014-04-30,3500,3300
2014-05-01,3300,3000
2014-05-02,3300,3000
2014-05-05,3300,3000
2014-05-06,3300,3000
2014-05-07,3300,3000
2014-05-08,3300,3000
2014-05-09,3300,3000
2014-05-12,3300,3000
2014-05-13,3300,3000
2014-05-14,3300,3000
2014-05-15,3300,3000
2014-05-16,3300,3000
2014-05-19,3300,3000
2014-05-20,3300,3000
2014-05-21,3300,3000
2014-05-22,3300,3000
2014-05-23,3300,3000
2014-05-26,3300,3000
2014-05-27,3300,3000
2014-05-28,3300,3000
2014-05-29,3300,3000
2014-05-30,3500,3300
2014-06-02,3300,3000
2014-06-03,3300,3000
2014-06-04,3300,3000
2014-06-05,3300,3000
2014-06-06,3300,3000
2014-06-09,3300,3000
2014-06-10,3300,3000
2014-06-11,3300,3000
2014-06-12,3300,3000
2014-06-13,3300,3000
2014-06-16,3300,3000
2014-06-17,3300,3000
2014-06-18,3300,3000
2014-06-19,3300,3000
2014-06-20,3300,3000
2014-06-23,3300,3000
2014-06-24,3300,3000
2014-06-25,3300,3000
2014-06-26,3300,3000
2014-06-27,3300,3000
2014-06-30,3500,3300
2014-07-01,3300,3000
2014-07-02,3300,3000
2014-07-03,3300,3000
2014-07-04,3300,3000
2014-07-07,3300,3000
2014-07-08,3300,3000
2014-07-09,3300,3000
2014-07-10,3300,3000
2014-07-11,3300,3000
2014-07-14,3300,3000
2014-07-15,3300,3000
2014-07-16,3300,3000
2014-07-17,3300,3000
2014-07-18,3300,3000
2014-07-21,3300,3000
2014-07-22,3300,3000
2014-07-23,3300,3000
2014-07-24,3300,3000
2014-07-25,3300,3000
2014-07-28,3300,3000
2014-07-29,2600,2600
2014-07-30,3300,3000
2014-07-31,3500,3300
2014-08-01,3300,2600
2014-08-04,3300,2600
2014-08-05,3300,2600
2014-08-06,3300,2600
2014-08-07,3300,2600
2014-08-08,3300,2600
2014-08-11,3300,2600
2014-08-12,3300,2600
2014-08-13,3300,2600
2014-08-14,3300,2600
2014-08-15,3300,2600
2014-08-18,3300,2600
2014-08-19,3300,2600
2014-08-20,3300,2600
2014-08-21,3300,2600
2014-08-22,3300,2600
2014-08-25,3300,2600
2014-08-26,3300,2600
2014-08-27,3300,2600
2014-08-28,3300,2600
2014-08-29,3500,3300
2014-09-01,3300,2600
2014-09-02,3300,2600
2014-09-03,3300,2600
2014-09-04,3300,2600
2014-09-05,3300,3100
2014-09-08,3300,3100
2014-09-09,3300,3100
2014-09-10,3300,3100
2014-09-11,3300,3100
2014-09-12,3300,3100
2014-09-15,3300,3100
2014-09-16,3300,3100
2014-09-17,3300,3100
2014-09-18,3300,3100
2014-09-19,3300,3100
2014-09-22,3300,3100
2014-09-23,3300,3100
2014-09-24,3300,3100
2014-09-25,3300,3100
2014-09-26,3300,3100
2014-09-29,3300,3100
2014-09-30,3500,3300
2014-10-01,3300,3100
2014-10-02,3300,3100
2014-10-03,3300,3100
2014-10-06,3300,3100
2014-10-07,3300,3100
2014-10-08,3300,3100
2014-10-09,3300,3100
2014-10-10,3300,3100
2014-10-13,3300,3100
2014-10-14,3300,3100
2014-10-15,3300,3100
2014-10-16,3300,3100
2014-10-17,3600,3300
2014-10-20,3600,3300
2014-10-21,3600,3300
2014-10-22,3600,3300
2014-10-23,3600,3300
2014-10-24,3600,3300
2014-10-27,3600,3300
2014-10-28,3600,3300
2014-10-29,3600,3300
2014-10-30,3600,3300
2014-10-31,3700,3600
2014-11-03,3600,3300
2014-11-04,3600,3300
2014-11-05,3600,3300
2014-11-06,3600,3300
2014-11-07,3600,3300
2014-11-10,3600,3300
2014-11-11,3600,3300
2014-11-12,3600,3300
2014-11-13,3600,3300
2014-11-14,3600,3300
2014-11-17,3800,3600
2014-11-18,3800,3600
2014-11-19,3800,3600
2014-11-20,3800,3600
2014-11-21,3800,3600
2014-11-24,3800,3600
2014-11-25,3800,3600
2014-11-26,3800,3600
2014-11-27,3800,3600
2014-11-28,4100,3800
2014-12-01,3800,3600
2014-12-02,4400,4200
2014-12-03,4400,4200
2014-12-04,4400,4200
2014-12-05,4400,4200
2014-12-08,4400,4200
2014-12-09,4400,4200
2014-12-10,4400,4200
2014-12-11,4400,4200
2014-12-12,4400,4200
2014-12-15,4400,4200
2014-12-16,4400,4200
2014-12-17,4400,4200
2014-12-18,4400,4200
2014-12-19,4400,4200
2014-12-22,4400,4200
2014-12-23,4400,4200
2014-12-24,4400,4200
2014-12-25,4400,4200
2014-12-26,4400,4200
2014-12-29,4400,4200
2014-12-30,4400,4200
2014-12-31,4700,4400
2015-01-02,4400,3900
2015-01-05,4400,3900
2015-01-06,4400,3900
2015-01-07,4400,3900
2015-01-08,4400,3900
2015-01-09,4400,4200
2015-01-12,4400,4200
2015-01-13,4400,4200
2015-01-14,4400,4200
2015-01-15,4400,4200
2015-01-16,4400,4200
2015-01-19,4400,4200
2015-01-20,4400,4200
2015-01-21,4400,4200
2015-01-22,4400,4200
2015-01-23,4400,4200
2015-01-26,4400,4200
2015-01-27,4400,4200
2015-01-28,4400,4200
2015-01-29,4400,4200
2015-01-30,4700,4400
2015-02-02,4400,4200
2015-02-03,4400,4200
2015-02-04,4400,4200
2015-02-05,4400,4200
2015-02-06,4800,4500
2015-02-09,4800,4500
2015-02-10,4800,4500
2015-02-11,4800,4500
2015-02-12,4800,4500
2015-02-13,4800,4500
2015-02-16,4800,4500
2015-02-17,4800,4500
2015-02-18,4800,4500
2015-02-19,5000,4750
2015-02-20,5000,4750
2015-02-23,5000,4750
2015-02-24,5000,4750
2015-02-25,5000,4750
2015-02-26,5000,4750
2015-02-27,5200,5000
2015-03-02,5000,4750
2015-03-03,5000,4750
2015-03-04,5500,5000
2015-03-05,5500,5000
2015-03-06,5500,5000
2015-03-09,5500,5000
2015-03-10,5500,5000
2015-03-11,5500,5000
2015-03-12,5500,5000
2015-03-13,5500,5000
2015-03-16,5500,5000
2015-03-17,5500,5000
2015-03-18,5500,5000
2015-03-19,5500,5000
2015-03-20,5500,5000
2015-03-23,5500,5000
2015-03-24,5500,5000
2015-03-25,5500,5000
2015-03-26,5500,5000
2015-03-27,5500,5000
2015-03-30,5500,5000
2015-03-31,6000,5500
2015-04-01,5500,5000
2015-04-02,5500,5000
2015-04-03,5500,5000
2015-04-06,5500,5000
2015-04-07,5500,5000
2015-04-08,5500,5000
2015-04-09,5500,5000
2015-04-10,5500,5000
2015-04-13,5500,5000
2015-04-14,5500,5000
2015-04-15,5500,5000
2015-04-16,5500,5000
2015-04-17,5500,5000
2015-04-20,5500,5000
2015-04-21,5500,5000
2015-04-22,5500,5000
2015-04-23,5500,5000
2015-04-24,5500,5000
2015-04-27,5500,5000
2015-04-28,5500,5000
2015-04-29,5500,5000
2015-04-30,6000,5500
2015-05-01,5500,5000
2015-05-04,5500,5000
2015-05-05,5500,5000
2015-05-06,5500,5000
2015-05-07,5500,5000
2015-05-08,5200,4700
2015-05-11,5200,4700
2015-05-12,5200,4700
2015-05-13,5200,4700
2015-05-14,5200,4700
2015-05-15,5200,4700
2015-05-18,5200,4700
2015-05-19,5200,4700
2015-05-20,5200,4700
2015-05-21,5200,4700
2015-05-22,5200,4700
2015-05-25,5200,4700
2015-05-26,5200,4700
2015-05-27,5200,4700
2015-05-28,5200,4700
2015-05-29,5700,5200
2015-06-01,5200,4700
2015-06-02,5200,4700
2015-06-03,5200,4700
2015-06-04,5200,4700
2015-06-05,5200,4700
2015-06-08,5200,4700
2015-06-09,5200,4700
2015-06-10,5200,4700
2015-06-11,5200,4700
2015-06-12,5200,4700
2015-06-15,5200,4700
2015-06-16,5200,4700
2015-06-17,5200,4700
2015-06-18,5200,4700
2015-06-19,4700,4400
2015-06-22,4700,4400
2015-06-23,4700,4400
2015-06-24,4700,4400
2015-06-25,4700,4400
2015-06-26,4700,4400
2015-06-29,4700,4400
2015-06-30,5100,4700
2015-07-01,4700,4400
2015-07-02,4700,4400
2015-07-03,4700,4400
2015-07-06,4700,4400
2015-07-07,4700,4400
2015-07-08,4900,4800
2015-07-09,4900,4800
2015-07-10,4900,4800
2015-07-13,4900,4800
2015-07-14,4900,4800
2015-07-15,4900,4800
2015-07-16,4900,4800
2015-07-17,4900,4800
2015-07-20,4900,4800
2015-07-21,4900,4800
2015-07-22,4900,4800
2015-07-23,4900,4800
2015-07-24,4900,4800
2015-07-27,4900,4800
2015-07-28,4900,4800
2015-07-29,4900,4800
2015-07-30,4900,4800
2015-07-31,5300,4900
2015-08-03,4900,4400
2015-08-04,4900,4400
2015-08-05,4900,4400
2015-08-06,4900,4400
2015-08-07,4900,4400
2015-08-10,4900,4400
2015-08-11,4900,4400
2015-08-12,4900,4400
2015-08-13,4900,4400
2015-08-14,4900,4400
2015-08-17,4900,4400
2015-08-18,4900,4400
2015-08-19,4900,4400
2015-08-20,4900,4400
2015-08-21,4900,4400
2015-08-24,4900,4400
2015-08-25,4900,4400
2015-08-26,4900,4400
2015-08-27,4900,4400
2015-08-28,4900,4400
2015-08-31,5300,4900
2015-09-01,4900,4400
2015-09-02,4900,4400
2015-09-03,4900,4700
2015-09-04,4900,4700
2015-09-07,4900,4700
2015-09-08,4900,4700
2015-09-09,4900,4700
2015-09-10,4900,4700
2015-09-11,4900,4700
2015-09-14,4900,4700
2015-09-15,4900,4700
2015-09-16,4900,4700
2015-09-17,4900,4700
2015-09-18,4900,4700
2015-09-21,4900,4700
2015-09-22,4900,4700
2015-09-23,4900,4700
2015-09-24,4900,4700
2015-09-25,4900,4700
2015-09-28,4900,4700
2015-09-29,4900,4700
2015-09-30,5300,4900
2015-10-01,4900,4700
2015-10-02,4900,4700
2015-10-05,4900,4700
2015-10-06,4900,4700
2015-10-07,4900,4700
2015-10-08,4900,4700
2015-10-09,4900,4700
2015-10-12,4900,4700
2015-10-13,4900,4700
2015-10-14,4900,4700
2015-10-15,4900,4700
2015-10-16,4900,4700
2015-10-19,4900,4700
2015-10-20,4900,4700
2015-10-21,4900,4700
2015-10-22,4900,4700
2015-10-23,4900,4700
2015-10-26,4900,4700
2015-10-27,4900,4700
2015-10-28,4900,4700
2015-10-29,5300,4900
2015-10-30,5300,4900
2015-11-02,4900,4700
2015-11-03,4900,4700
2015-11-04,4900,4700
2015-11-05,4900,4700
2015-11-06,4900,4700
2015-11-09,4900,4700
2015-11-10,4900,4700
2015-11-11,4900,4700
2015-11-12,4900,4700
2015-11-13,4900,4700
2015-11-16,4900,4700
2015-11-17,4900,4700
2015-11-18,4900,4700
2015-11-19,4900,4700
2015-11-20,4900,4700
2015-11-23,4900,4700
2015-11-24,4900,4700
2015-11-25,4900,4700
2015-11-26,4900,4700
2015-11-27,4900,4700
2015-11-30,5300,4900
2015-12-01,4900,4700
2015-12-02,4900,4700
2015-12-03,4900,4700
2015-12-04,4900,4700
2015-12-07,4900,4700
2015-12-08,4900,4700
2015-12-09,4900,4700
2015-12-10,4900,4700
2015-12-11,4900,4700
2015-12-14,4900,4700
2015-12-15,4900,4700
2015-12-16,4900,4700
2015-12-17,4900,4700
2015-12-18,4900,4700
2015-12-21,4900,4700
2015-12-22,4900,4700
2015-12-23,4900,4700
2015-12-24,4900,4700
2015-12-25,4900,4700
2015-12-28,4900,4700
2015-12-29,4900,4700
2015-12-30,4900,4700
2015-12-31,5300,4900
2016-01-04,4900,4700
2016-01-05,4900,4700
2016-01-06,4900,4700
2016-01-07,4900,4700
2016-01-08,4900,4700
2016-01-11,4900,4700
2016-01-12,4900,4700
2016-01-13,4900,4700
2016-01-14,4060,4000
2016-01-15,4060,4000
2016-01-18,4060,4000
2016-01-19,4060,4000
2016-01-20,4060,4000
2016-01-21,4060,4000
2016-01-22,4060,4000
2016-01-25,4060,4000
2016-01-26,4060,4000
2016-01-27,4060,4000
2016-01-28,4060,4000
2016-01-29,4500,4060
2016-02-01,4060,4000
2016-02-02,4060,4000
2016-02-03,4060,4000
2016-02-04,4060,4000
2016-02-05,4060,4000
2016-02-08,4060,4000
2016-02-09,4060,4000
2016-02-10,4060,4000
2016-02-11,4060,4000
2016-02-12,4060,4000
2016-02-15,4060,4000
2016-02-16,4060,4000
2016-02-17,4060,4000
2016-02-18,4450,4400
2016-02-19,4450,4400
2016-02-22,4450,4400
2016-02-23,4450,4400
2016-02-24,4450,4400
2016-02-25,4450,4400
2016-02-26,4450,4400
2016-02-29,4500,4450
2016-03-01,4450,4400
2016-03-02,4450,4400
2016-03-03,4450,4400
2016-03-04,4450,4400
2016-03-07,4450,4400
2016-03-08,4450,4400
2016-03-09,4450,4400
2016-03-10,4450,4400
2016-03-11,4450,4400
2016-03-14,4450,4400
2016-03-15,4450,4400
2016-03-16,4450,4400
2016-03-17,4450,4400
2016-03-18,4450,4400
2016-03-21,4450,4400
2016-03-22,4450,4400
2016-03-23,4450,4400
2016-03-24,4450,4400
2016-03-25,4450,4400
2016-03-28,4450,4400
2016-03-29,4450,4400
2016-03-30,4450,4400
2016-03-31,4500,4450
2016-04-01,4450,4400
2016-04-04,4450,4400
2016-04-05,4450,4400
2016-04-06,4450,4400
2016-04-07,4450,4400
2016-04-08,4450,4400
2016-04-11,4450,4400
2016-04-12,4450,4400
2016-04-13,4450,4400
2016-04-14,4450,4400
2016-04-15,4450,4400
2016-04-18,4450,4400
2016-04-19,4450,4400
2016-04-20,4450,4400
2016-04-21,4450,4400
2016-04-22,4450,4400
2016-04-25,4450,4400
2016-04-26,4450,4400
2016-04-27,4450,4400
2016-04-28,4450,4400
2016-04-29,4500,4450
2016-05-02,4450,4400
2016-05-03,4450,4400
2016-05-04,4450,4400
2016-05-05,4450,4400
2016-05-06,4450,4400
2016-05-09,4450,4400
2016-05-10,4450,4400
2016-05-11,4450,4400
2016-05-12,4450,4400
2016-05-13,4450,4400
2016-05-16,4450,4400
2016-05-17,4450,4400
2016-05-18,4450,4400
2016-05-19,4450,4400
2016-05-20,4450,4400
2016-05-23,4450,4400
2016-05-24,4450,4400
2016-05-25,4450,4400
2016-05-26,4450,4400
2016-05-27,4450,4400
2016-05-30,4450,4400
2016-05-31,4500,4450
2016-06-01,4450,4400
2016-06-02,4450,4400
2016-06-03,4450,4400
2016-06-06,4450,4400
2016-06-07,4450,4400
2016-06-08,4450,4400
2016-06-09,4450,4400
2016-06-10,4450,4400
2016-06-13,4450,4400
2016-06-14,4450,4400
2016-06-15,4450,4400
2016-06-16,4450,4400
2016-06-17,4450,4400
2016-06-20,4450,4400
2016-06-21,4450,4400
2016-06-22,4450,4400
2016-06-23,4450,4400
2016-06-24,4450,4400
2016-06-27,4450,4400
2016-06-28,4450,4400
2016-06-29,4450,4400
2016-06-30,4500,4450
2016-07-01,4450,4400
2016-07-04,4450,4400
2016-07-05,4450,4400
2016-07-06,4450,4400
2016-07-07,4450,4400
2016-07-08,4450,4400
2016-07-11,4450,4400
2016-07-12,4450,4400
2016-07-13,4450,4400
2016-07-14,4450,4400
2016-07-15,4450,4400
2016-07-18,4450,4400
2016-07-19,4450,4400
2016-07-20,4450,4400
2016-07-21,4450,4400
2016-07-22,4450,4400
2016-07-25,4450,4400
2016-07-26,4450,4400
2016-07-27,4450,4400
2016-07-28,4450,4400
2016-07-29,4500,4450
2016-08-01,4450,4400
2016-08-02,4450,4400
2016-08-03,4450,4400
2016-08-04,4450,4400
2016-08-05,4450,4400
2016-08-08,4450,4400
2016-08-09,4450,4400
2016-08-10,4450,4400
2016-08-11,4450,4400
2016-08-12,4450,4400
2016-08-15,4450,4400
2016-08-16,4450,4400
2016-08-17,4450,4400
2016-08-18,4450,4400
2016-08-19,4450,4400
2016-08-22,4450,4400
2016-08-23,4450,4400
2016-08-24,4450,4400
2016-08-25,4150,4100
2016-08-26,4150,4100
2016-08-29,4150,4100
2016-08-30,4150,4100
2016-08-31,4200,4150
2016-09-01,4150,4100
2016-09-02,4150,4100
2016-09-05,4150,4100
2016-09-06,4150,4100
2016-09-07,4150,4100
2016-09-08,4150,4100
2016-09-09,4150,4100
2016-09-12,4150,4100
2016-09-13,4150,4100
2016-09-14,4150,4100
2016-09-15,4150,4100
2016-09-16,4150,4100
2016-09-19,4150,4100
2016-09-20,4150,4100
2016-09-21,4150,4100
2016-09-22,4150,4100
2016-09-23,4150,4100
2016-09-26,4150,4100
2016-09-27,4150,4100
2016-09-28,4150,4100
2016-09-29,4150,4100
2016-09-30,4200,4150
2016-10-03,4150,4100
2016-10-04,4150,4100
2016-10-05,4150,4100
2016-10-06,4150,4100
2016-10-07,4150,4100
2016-10-10,4150,4100
2016-10-11,4150,4100
2016-10-12,4150,4100
2016-10-13,4150,4100
2016-10-14,4150,4100
2016-10-17,4150,4100
2016-10-18,4150,4100
2016-10-19,4150,4100
2016-10-20,4150,4100
2016-10-21,4150,4100
2016-10-24,4150,4100
2016-10-25,4150,4100
2016-10-26,4150,4100
2016-10-27,4150,4100
2016-10-28,4150,4100
2016-10-31,4200,4150
2016-11-01,4150,4100
2016-11-02,4150,4100
2016-11-03,4150,4100
2016-11-04,4150,4100
2016-11-07,4150,4100
2016-11-08,4150,4100
2016-11-09,4150,4100
2016-11-10,4150,4100
2016-11-11,4150,4100
2016-11-14,4150,4100
2016-11-15,4150,4100
2016-11-16,4150,4100
2016-11-17,4150,4100
2016-11-18,4150,4100
2016-11-21,4150,4100
2016-11-22,4150,4100
2016-11-23,4150,4100
2016-11-24,4150,4100
2016-11-25,4150,4100
2016-11-28,4150,4100
2016-11-29,4150,4100
2016-11-30,4200,4150
2016-12-01,4150,4100
2016-12-02,4150,4100
2016-12-05,4150,4100
2016-12-06,4150,4100
2016-12-07,4150,4100
2016-12-08,4150,4100
2016-12-09,4150,4100
2016-12-12,4150,4100
2016-12-13,4150,4100
2016-12-14,4600,4550
2016-12-15,4600,4550
2016-12-16,4600,4550
2016-12-19,4600,4550
2016-12-20,4600,4550
2016-12-21,4600,4550
2016-12-22,4600,4550
2016-12-23,4600,4550
2016-12-26,4600,4550
2016-12-27,4600,4550
2016-12-28,4600,4550
2016-12-29,4600,4550
2016-12-30,4650,4600
2017-01-02,4600,4550
2017-01-03,4600,4550
2017-01-04,4600,4550
2017-01-05,4600,4550
2017-01-06,4600,4550
2017-01-09,4600,4550
2017-01-10,4600,4550
2017-01-11,4600,4550
2017-01-12,4600,4550
2017-01-13,4600,4550
2017-01-16,4600,4550
2017-01-17,4600,4550
2017-01-18,4600,4550
2017-01-19,4600,4550
2017-01-20,4600,4550
2017-01-23,4600,4550
2017-01-24,4600,4550
2017-01-25,4600,4550
2017-01-26,4600,4550
2017-01-27,4600,4550
2017-01-30,4600,4550
2017-01-31,4650,4600
2017-02-01,4600,4550
2017-02-02,4600,4550
2017-02-03,4600,4550
2017-02-06,4600,4550
2017-02-07,4600,4550
2017-02-08,4600,4550
2017-02-09,4600,4550
2017-02-10,4600,4550
2017-02-13,4600,4550
2017-02-14,4600,4550
2017-02-15,4600,4550
2017-02-16,4600,4550
2017-02-17,4600,4550
2017-02-20,4600,4550
2017-02-21,4600,4550
2017-02-22,4600,4550
2017-02-23,4600,4550
2017-02-24,4600,4550
2017-02-27,4600,4550
2017-02-28,4650,4600
2017-03-01,4600,4550
2017-03-02,4600,4550
2017-03-03,4600,4550
2017-03-06,4600,4550
2017-03-07,4600,4550
2017-03-08,4600,4550
2017-03-09,4600,4550
2017-03-10,4600,4550
2017-03-13,4600,4550
2017-03-14,4600,4550
2017-03-15,4600,4550
2017-03-16,4600,4550
2017-03-17,4600,4550
2017-03-20,4600,4550
2017-03-21,4600,4550
2017-03-22,4200,4150
2017-03-23,4200,4150
2017-03-24,4200,4150
2017-03-27,4200,4150
2017-03-28,4200,4150
2017-03-29,4200,4150
2017-03-30,4200,4150
2017-03-31,4250,4200
2017-04-03,4200,4150
2017-04-04,4200,4150
2017-04-05,4200,4150
2017-04-06,4200,4150
2017-04-07,4200,4150
2017-04-10,4200,4150
2017-04-11,4200,4150
2017-04-12,4200,4150
2017-04-13,4200,4150
2017-04-14,4200,4150
2017-04-17,4200,4150
2017-04-18,4200,4150
2017-04-19,4200,4150
2017-04-20,4200,4150
2017-04-21,4200,4150
2017-04-24,4200,4150
2017-04-25,4200,4150
2017-04-26,4200,4150
2017-04-27,4200,4150
2017-04-28,4250,4200
2017-05-01,4200,4150
2017-05-02,4200,4150
2017-05-03,4200,4150
2017-05-04,3850,3800
2017-05-05,3850,3800
2017-05-08,3850,3800
2017-05-09,3850,3800
2017-05-10,3850,3800
2017-05-11,3850,3800
2017-05-12,3850,3800
2017-05-15,3850,3800
2017-05-16,3850,3800
2017-05-17,3850,3800
2017-05-18,3850,3800
2017-05-19,3850,3800
2017-05-22,3850,3800
2017-05-23,3850,3800
2017-05-24,3850,3800
2017-05-25,3850,3800
2017-05-26,3850,3800
2017-05-29,3850,3800
2017-05-30,3850,3800
2017-05-31,3900,3850
2017-06-01,3500,3450
2017-06-02,3500,3450
2017-06-05,3500,3450
2017-06-06,3500,3450
2017-06-07,3150,3100
2017-06-08,3150,3100
2017-06-09,3150,3100
2017-06-12,3150,3100
2017-06-13,3150,3100
2017-06-14,3150,3100
2017-06-15,3150,3100
2017-06-16,3150,3100
2017-06-19,3150,3100
2017-06-20,3150,3100
2017-06-21,3150,3100
2017-06-22,3150,3100
2017-06-23,3150,3100
2017-06-26,3150,3100
2017-06-27,3150,3100
2017-06-28,3150,3100
2017-06-29,3150,3100
2017-06-30,3200,3150
2017-07-03,3150,3100
2017-07-04,3150,3100
2017-07-05,3150,3100
2017-07-06,3150,3100
2017-07-07,3150,3100
2017-07-10,3150,3100
2017-07-11,2900,2850
2017-07-12,2900,2850
2017-07-13,2900,2850
2017-07-14,2900,2850
2017-07-17,2900,2850
2017-07-18,2900,2850
2017-07-19,2900,2850
2017-07-20,2900,2850
2017-07-21,2900,2850
2017-07-24,2900,2850
2017-07-25,2900,2850
2017-07-26,2900,2850
2017-07-27,2900,2850
2017-07-28,2900,2850
2017-07-31,3000,2900
2017-08-01,2900,2850
2017-08-02,2900,2850
2017-08-03,2900,2850
2017-08-04,2900,2850
2017-08-07,2900,2850
2017-08-08,2900,2850
2017-08-09,2900,2850
2017-08-10,2900,2850
2017-08-11,2650,2600
2017-08-14,2650,2600
2017-08-15,2650,2600
2017-08-16,2650,2600
2017-08-17,2650,2600
2017-08-18,2650,2600
2017-08-21,2650,2600
2017-08-22,2650,2600
2017-08-23,2650,2600
2017-08-24,2650,2600
2017-08-25,2650,2600
2017-08-28,2650,2600
2017-08-29,2650,2600
2017-08-30,2950,2850
2017-08-31,3200,2950
2017-09-01,3400,3200
2017-09-04,3400,3200
2017-09-05,3400,3200
2017-09-06,3600,3200
2017-09-07,3600,3200
2017-09-08,3600,3200
2017-09-11,3600,3200
2017-09-12,3600,3200
2017-09-13,3600,3200
2017-09-14,3600,3200
2017-09-15,3600,3200
2017-09-18,3600,3200
2017-09-19,3600,3200
2017-09-20,3600,3200
2017-09-21,3600,3200
2017-09-22,3600,3200
2017-09-25,3600,3200
2017-09-26,3600,3200
2017-09-27,3600,3200
2017-09-28,3600,3200
2017-09-29,4250,3600
2017-10-02,3600,3200
2017-10-03,3600,3200
2017-10-04,3600,3200
2017-10-05,3600,3200
2017-10-06,3600,3200
2017-10-09,3600,3200
2017-10-10,3600,3200
2017-10-11,3600,3200
2017-10-12,3200,3000
2017-10-13,3200,3000
2017-10-16,3200,3000
2017-10-17,3200,3000
2017-10-18,3200,3000
2017-10-19,3200,3000
2017-10-20,3200,3000
2017-10-23,3200,3000
2017-10-24,3200,3000
2017-10-25,3200,3000
2017-10-26,3200,3000
2017-10-27,3200,3000
2017-10-30,3200,3000
2017-10-31,3750,3200
2017-11-01,3200,3000
2017-11-02,3200,3000
2017-11-03,3200,3000
2017-11-06,3200,3000
2017-11-07,3200,3000
2017-11-08,3200,3000
2017-11-09,3200,3000
2017-11-10,3200,3000
2017-11-13,3200,3000
2017-11-14,3200,3000
2017-11-15,3200,3000
2017-11-16,3000,2800
2017-11-17,3000,2800
2017-11-20,3000,2800
2017-11-21,3000,2800
2017-11-22,3000,2800
2017-11-23,3000,2800
2017-11-24,3000,2800
2017-11-27,3000,2800
2017-11-28,3000,2800
2017-11-29,3000,2800
2017-11-30,3750,3000
2017-12-01,3000,2800
2017-12-04,3000,2800
2017-12-05,3000,2800
2017-12-06,3000,2800
2017-12-07,3000,2800
2017-12-08,3000,2800
2017-12-11,3000,2800
2017-12-12,3000,2800
2017-12-13,3000,2800
2017-12-14,3000,2800
2017-12-15,3000,2800
2017-12-18,3000,2800
2017-12-19,3000,2800
2017-12-20,3000,2800
2017-12-21,3000,2800
2017-12-22,3000,2800
2017-12-25,3000,2800
2017-12-26,3000,2800
2017-12-27,3000,2800
2017-12-28,3000,2800
2017-12-29,3750,3000
2018-01-02,3000,2800
2018-01-03,3000,2800
2018-01-04,3000,2800
2018-01-05,2700,2700
2018-01-08,2700,2700
2018-01-09,2700,2700
2018-01-10,2700,2700
2018-01-11,2700,2700
2018-01-12,2700,2700
2018-01-15,2700,2700
2018-01-16,2700,2700
2018-01-17,2700,2700
2018-01-18,2700,2700
2018-01-19,2700,2700
2018-01-22,2700,2700
2018-01-23,2700,2700
2018-01-24,2700,2700
2018-01-25,2700,2700
2018-01-26,2700,2700
2018-01-29,2700,2700
2018-01-30,2700,2700
2018-01-31,2800,2700
2018-02-01,2700,2700
2018-02-02,2700,2700
2018-02-05,2700,2700
2018-02-06,2700,2700
2018-02-07,2700,2700
2018-02-08,2700,2700
2018-02-09,2700,2700
2018-02-12,2700,2700
2018-02-13,2700,2700
2018-02-14,2700,2700
2018-02-15,2700,2700
2018-02-16,2700,2700
2018-02-19,2700,2700
2018-02-20,2700,2700
2018-02-21,2700,2700
2018-02-22,2700,2700
2018-02-23,2700,2700
2018-02-26,2700,2700
2018-02-27,2700,2700
2018-02-28,2800,2700
2018-03-01,2700,2700
2018-03-02,2700,2700
2018-03-05,2700,2700
2018-03-06,2700,2700
2018-03-07,2700,2700
2018-03-08,2700,2700
2018-03-09,2700,2700
2018-03-12,2700,2700
2018-03-13,2700,2700
2018-03-14,2700,2700
2018-03-15,2700,2700
2018-03-16,2700,2700
2018-03-19,2700,2700
2018-03-20,2700,2700
2018-03-21,2700,2700
2018-03-22,2700,2700
2018-03-23,2700,2700
2018-03-26,2700,2700
2018-03-27,2700,2700
2018-03-28,2700,2700
2018-03-29,2800,2700
2018-03-30,2700,2700
2018-04-02,2700,2700
2018-04-03,2700,2700
2018-04-04,2700,2700
2018-04-05,2700,2700
2018-04-06,2700,2700
2018-04-09,2700,2700
2018-04-10,2700,2700
2018-04-11,2700,2700
2018-04-12,2700,2700
2018-04-13,2700,2700
2018-04-16,2700,2700
2018-04-17,2700,2700
2018-04-18,2700,2700
2018-04-19,2700,2700
2018-04-20,2700,2700
2018-04-23,2700,2700
2018-04-24,2700,2700
2018-04-25,2700,2700
2018-04-26,2700,2700
2018-04-27,2700,2700
2018-04-30,2800,2700
2018-05-01,2700,2700
2018-05-02,2700,2700
2018-05-03,2700,2700
2018-05-04,2700,2700
2018-05-07,2700,2700
2018-05-08,2700,2700
2018-05-09,2700,2700
2018-05-10,2700,2700
2018-05-11,2700,2700
2018-05-14,2700,2700
2018-05-15,2700,2700
2018-05-16,3000,2950
2018-05-17,3000,2950
2018-05-18,3000,2950
2018-05-21,3000,2950
2018-05-22,3000,2950
2018-05-23,3000,2950
2018-05-24,3300,3100
2018-05-25,3300,3100
2018-05-28,3300,3100
2018-05-29,3300,3100
2018-05-30,3300,3100
2018-05-31,3450,3300
2018-06-01,3300,3100
2018-06-04,3300,3100
2018-06-05,3300,3100
2018-06-06,3300,3100
2018-06-07,3300,3100
2018-06-08,3300,3100
2018-06-11,3300,3100
2018-06-12,3300,3100
2018-06-13,3300,3100
2018-06-14,3300,3100
2018-06-15,3300,3100
2018-06-18,3300,3100
2018-06-19,3300,3100
2018-06-20,3300,3100
2018-06-21,3300,3100
2018-06-22,3300,3100
2018-06-25,3300,3100
2018-06-26,3300,3200
2018-06-27,3300,3200
2018-06-28,3300,3200
2018-06-29,3450,3300
2018-07-02,3300,3200
2018-07-03,3300,3200
2018-07-04,3300,3200
2018-07-05,3300,3200
2018-07-06,3300,3200
2018-07-09,3300,3200
2018-07-10,3300,3200
2018-07-11,3300,3200
2018-07-12,3300,3200
2018-07-13,3850,3750
2018-07-16,3850,3750
2018-07-17,3850,3750
2018-07-18,4250,4150
2018-07-19,4250,4150
2018-07-20,4250,4150
2018-07-23,4250,4150
2018-07-24,4250,4150
2018-07-25,4250,4150
2018-07-26,4250,4150
2018-07-27,4250,4150
2018-07-30,4250,4150
2018-07-31,4400,4250
2018-08-01,4250,4150
2018-08-02,4250,4150
2018-08-03,4250,4150
2018-08-06,4250,4150
2018-08-07,4250,4150
2018-08-08,4250,4150
2018-08-09,4250,4150
2018-08-10,4250,4150
2018-08-13,4250,4150
2018-08-14,4250,4150
2018-08-15,4250,4150
2018-08-16,4250,4150
2018-08-17,4250,4150
2018-08-20,4250,4150
2018-08-21,4250,4150
2018-08-22,4250,4150
2018-08-23,4250,4150
2018-08-24,4250,4150
2018-08-27,4250,4150
2018-08-28,4250,4150
2018-08-29,4250,4150
2018-08-30,4250,4150
2018-08-31,4400,4250
2018-09-03,4250,4150
2018-09-04,4250,4150
2018-09-05,4250,4150
2018-09-06,4250,4150
2018-09-07,4250,4150
2018-09-10,4250,4150
2018-09-11,4250,4150
2018-09-12,3850,3750
2018-09-13,3850,3750
2018-09-14,3850,3750
2018-09-17,3850,3750
2018-09-18,3850,3750
2018-09-19,3850,3750
2018-09-20,3850,3750
2018-09-21,3850,3750
2018-09-24,3850,3750
2018-09-25,3850,3750
2018-09-26,3850,3750
2018-09-27,3850,3750
2018-09-28,3600,3500
2018-10-01,3500,3425
2018-10-02,3500,3425
2018-10-03,3500,3425
2018-10-04,3500,3425
2018-10-05,3500,3425
2018-10-08,3500,3425
2018-10-09,3500,3425
2018-10-10,3500,3425
2018-10-11,3500,3425
2018-10-12,3700,3625
2018-10-15,3700,3625
2018-10-16,3700,3625
2018-10-17,3700,3625
2018-10-18,3700,3625
2018-10-19,3700,3625
2018-10-22,3700,3625
2018-10-23,3700,3625
2018-10-24,3700,3625
2018-10-25,3700,3625
2018-10-26,3700,3625
2018-10-29,3700,3625
2018-10-30,3700,3625
2018-10-31,3800,3700
2018-11-01,3700,3625
2018-11-02,3700,3625
2018-11-05,3700,3625
2018-11-06,3700,3625
2018-11-07,3700,3625
2018-11-08,3700,3625
2018-11-09,3700,3625
2018-11-12,3700,3625
2018-11-13,3700,3625
2018-11-14,3700,3625
2018-11-15,4100,4025
2018-11-16,4100,4025
2018-11-19,4100,4025
2018-11-20,4100,4025
2018-11-21,4100,4025
2018-11-22,4100,4025
2018-11-23,4200,4125
2018-11-26,4200,4125
2018-11-27,4500,4450
2018-11-28,4500,4450
2018-11-29,4500,4450
2018-11-30,4600,4500
2018-12-03,4500,4450
2018-12-04,4500,4450
2018-12-05,4500,4450
2018-12-06,4500,4450
2018-12-07,4500,4450
2018-12-10,4500,4450
2018-12-11,4500,4450
2018-12-12,4500,4450
2018-12-13,4500,4450
2018-12-14,4500,4450
2018-12-17,4500,4450
2018-12-18,4500,4450
2018-12-19,4500,4450
2018-12-20,4500,4450
2018-12-21,4500,4450
2018-12-24,4500,4450
2018-12-25,4500,4450
2018-12-26,4500,4450
2018-12-27,4500,4450
2018-12-28,4500,4450
2018-12-31,4600,4500
2019-01-02,4500,4450
2019-01-03,4500,4450
2019-01-04,4500,4450
2019-01-07,4500,4450
2019-01-08,4500,4450
2019-01-09,4500,4450
2019-01-10,4500,4450
2019-01-11,4500,4450
2019-01-14,4500,4450
2019-01-15,4500,4450
2019-01-16,4500,4450
2019-01-17,4500,4450
2019-01-18,4500,4450
2019-01-21,4500,4450
2019-01-22,4500,4450
2019-01-23,4500,4450
2019-01-24,4500,4450
2019-01-25,4500,4450
2019-01-28,4500,4450
2019-01-29,4500,4450
2019-01-30,4500,4450
2019-01-31,4600,4500
2019-02-01,4500,4450
2019-02-04,4500,4450
2019-02-05,4500,4450
2019-02-06,4500,4450
2019-02-07,4100,4050
2019-02-08,4100,4050
2019-02-11,4100,4050
2019-02-12,4100,4050
2019-02-13,4100,4050
2019-02-14,4100,4050
2019-02-15,4100,4050
2019-02-18,4100,4050
2019-02-19,4100,4050
2019-02-20,4100,4050
2019-02-21,4100,4050
2019-02-22,4100,4050
2019-02-25,4100,4050
2019-02-26,4100,4050
2019-02-27,4100,4050
2019-02-28,4200,4100
2019-03-01,4100,4050
2019-03-04,4100,4050
2019-03-05,4100,4050
2019-03-06,4100,4050
2019-03-07,4100,4050
2019-03-08,4100,4050
2019-03-11,4100,4050
2019-03-12,4100,4050
2019-03-13,4100,4050
2019-03-14,4100,4050
2019-03-15,4100,4050
2019-03-18,4100,4050
2019-03-19,4100,4050
2019-03-20,4100,4050
2019-03-21,4100,4050
2019-03-22,4100,4050
2019-03-25,4100,4050
2019-03-26,4100,4050
2019-03-27,4100,4050
2019-03-28,4100,4050
2019-03-29,4200,4100
2019-04-01,4100,4050
2019-04-02,4100,4050
2019-04-03,4100,4050
2019-04-04,4100,4050
2019-04-05,4100,4050
2019-04-08,4100,4050
2019-04-09,4100,4050
2019-04-10,4100,4050
2019-04-11,4100,4050
2019-04-12,4100,4050
2019-04-15,4100,4050
2019-04-16,4100,4050
2019-04-17,4100,4050
2019-04-18,4100,4050
2019-04-19,4100,4050
2019-04-22,4100,4050
2019-04-23,4100,4050
2019-04-24,4100,4050
2019-04-25,4100,4050
2019-04-26,4100,4050
2019-04-29,4100,4050
2019-04-30,4200,4100
2019-05-01,4100,4050
2019-05-02,4100,4050
2019-05-03,4100,4050
2019-05-06,4100,4050
2019-05-07,4100,4050
2019-05-08,4100,4050
2019-05-09,4100,4050
2019-05-10,4100,4050
2019-05-13,4100,4050
2019-05-14,4100,4050
2019-05-15,4100,4050
2019-05-16,4100,4050
2019-05-17,4100,4050
2019-05-20,4100,4050
2019-05-21,4100,4050
2019-05-22,4100,4050
2019-05-23,4100,4050
2019-05-24,4100,4050
2019-05-27,4100,4050
2019-05-28,4100,4050
2019-05-29,4100,4050
2019-05-30,4100,4050
2019-05-31,4200,4100
2019-06-03,4100,4050
2019-06-04,4100,4050
2019-06-05,4100,4050
2019-06-06,4100,4050
2019-06-07,4100,4050
2019-06-10,4100,4050
2019-06-11,4100,4050
2019-06-12,4100,4050
2019-06-13,4100,4050
2019-06-14,4100,4050
2019-06-17,4100,4050
2019-06-18,4100,4050
2019-06-19,4100,4050
2019-06-20,4100,4050
2019-06-21,4100,4050
2019-06-24,4100,4050
2019-06-25,4100,4050
2019-06-26,4100,4050
2019-06-27,4100,4050
2019-06-28,4200,4100
2019-07-01,4100,4050
2019-07-02,4100,4050
2019-07-03,4100,4050
2019-07-04,4100,4050
2019-07-05,4100,4050
2019-07-08,4400,4350
2019-07-09,4400,4350
2019-07-10,4400,4350
2019-07-11,4400,4350
2019-07-12,4400,4350
2019-07-15,4400,4350
2019-07-16,4400,4350
2019-07-17,4400,4350
2019-07-18,4400,4350
2019-07-19,4400,4350
2019-07-22,4400,4350
2019-07-23,4400,4350
2019-07-24,4400,4350
2019-07-25,4400,4350
2019-07-26,4400,4350
2019-07-29,4400,4350
2019-07-30,4400,4350
2019-07-31,4500,4400
2019-08-01,4400,4350
2019-08-02,4400,4350
2019-08-05,4400,4350
2019-08-06,4400,4350
2019-08-07,4400,4350
2019-08-08,4400,4350
2019-08-09,4400,4350
2019-08-12,4400,4350
2019-08-13,4400,4350
2019-08-14,4400,4350
2019-08-15,4400,4350
2019-08-16,4400,4350
2019-08-19,4400,4350
2019-08-20,4400,4350
2019-08-21,4400,4350
2019-08-22,4400,4350
2019-08-23,4400,4350
2019-08-26,4400,4350
2019-08-27,4400,4350
2019-08-28,4400,4350
2019-08-29,4400,4350
2019-08-30,4500,4400
2019-09-02,4400,4350
2019-09-03,4400,4350
2019-09-04,4400,4350
2019-09-05,4400,4350
2019-09-06,4400,4350
2019-09-09,4400,4350
2019-09-10,4400,4350
2019-09-11,3950,3900
2019-09-12,3950,3900
2019-09-13,3950,3900
2019-09-16,3950,3900
2019-09-17,4650,4500
2019-09-18,4650,4500
2019-09-19,4650,4500
2019-09-20,4650,4500
2019-09-23,4650,4500
2019-09-24,4650,4500
2019-09-25,4650,4500
2019-09-26,4650,4500
2019-09-27,4650,4500
2019-09-30,4750,4650
2019-10-01,4650,4500
2019-10-02,4650,4500
2019-10-03,4650,4500
2019-10-04,4650,4500
2019-10-07,4650,4500
2019-10-08,4650,4500
2019-10-09,4650,4500
2019-10-10,4650,4500
2019-10-11,4650,4500
2019-10-14,4650,4500
2019-10-15,4650,4500
2019-10-16,4650,4500
2019-10-17,4650,4500
2019-10-18,4650,4500
2019-10-21,4650,4500
2019-10-22,4650,4500
2019-10-23,4650,4500
2019-10-24,4650,4500
2019-10-25,4650,4500
2019-10-28,4650,4500
2019-10-29,4650,4500
2019-10-30,4650,4500
2019-10-31,4750,4650
2019-11-01,4650,4500
2019-11-04,4650,4500
2019-11-05,4650,4500
2019-11-06,4650,4500
2019-11-07,4650,4500
2019-11-08,4650,4500
2019-11-11,4650,4500
2019-11-12,4650,4500
2019-11-13,4300,4250
2019-11-14,4300,4250
2019-11-15,4300,4250
2019-11-18,4300,4250
2019-11-19,4300,4250
2019-11-20,4300,4250
2019-11-21,4300,4250
2019-11-22,4300,4250
2019-11-25,4300,4250
2019-11-26,4300,4250
2019-11-27,4300,4250
2019-11-28,4300,4250
2019-11-29,4400,4300
2019-12-02,4300,4250
2019-12-03,4300,4250
2019-12-04,4300,4250
2019-12-05,4300,4250
2019-12-06,4300,4250
2019-12-09,4300,4250
2019-12-10,4300,4250
2019-12-11,4300,4250
2019-12-12,4300,4250
2019-12-13,4300,4250
2019-12-16,4300,4250
2019-12-17,4300,4250
2019-12-18,4300,4250
2019-12-19,4300,4250
2019-12-20,4300,4250
2019-12-23,4300,4250
2019-12-24,4300,4250
2019-12-25,4300,4250
2019-12-26,4300,4250
2019-12-27,4300,4250
2019-12-30,4300,4250
2019-12-31,4400,4300
2020-01-02,4300,4250
2020-01-03,4300,4250
2020-01-06,4300,4250
2020-01-07,4300,4250
2020-01-08,4300,4250
2020-01-09,4300,4250
2020-01-10,4300,4250
2020-01-13,4300,4250
2020-01-14,4300,4250
2020-01-15,4300,4250
2020-01-16,4300,4250
2020-01-17,4300,4250
2020-01-20,4300,4250
2020-01-21,4300,4250
2020-01-22,4300,4250
2020-01-23,4300,4250
2020-01-24,4300,4250
2020-01-27,4300,4250
2020-01-28,4300,4250
2020-01-29,4000,3950
2020-01-30,4000,3950
2020-01-31,4100,4000
2020-02-03,4000,3950
2020-02-04,4000,3950
2020-02-05,4000,3950
2020-02-06,4000,3950
2020-02-07,4000,3950
2020-02-10,4000,3950
2020-02-11,4000,3950
2020-02-12,4000,3950
2020-02-13,4000,3950
2020-02-14,4000,3950
2020-02-17,4000,3950
2020-02-18,4000,3950
2020-02-19,4000,3950
2020-02-20,4000,3950
2020-02-21,4000,3950
2020-02-24,4000,3950
2020-02-25,4000,3950
2020-02-26,4000,3950
2020-02-27,4000,3950
2020-02-28,4100,4000
2020-03-02,4000,3950
2020-03-03,4000,3950
2020-03-04,4000,3950
2020-03-05,4000,3950
2020-03-06,4000,3950
2020-03-09,4000,3950
2020-03-10,4500,4450
2020-03-11,4500,4450
2020-03-12,4600,4450
2020-03-13,4600,4450
2020-03-16,5500,5350
2020-03-17,5500,5350
2020-03-18,6950,6500
2020-03-19,6950,6500
2020-03-20,6950,6500
2020-03-23,6950,6500
2020-03-24,6950,6500
2020-03-25,6950,6500
2020-03-26,6950,6500
2020-03-27,6950,6500
2020-03-30,6950,6500
2020-03-31,7100,6950
2020-04-01,6950,6500
2020-04-02,6950,6500
2020-04-03,6950,6500
2020-04-06,6950,6500
2020-04-07,6950,6500
2020-04-08,6950,6500
2020-04-09,6950,6500
2020-04-10,6950,6500
2020-04-13,6950,6500
2020-04-14,6950,6500
2020-04-15,6950,6500
2020-04-16,6950,6500
2020-04-17,6950,6500
2020-04-20,6950,6500
2020-04-21,6950,6500
2020-04-22,7600,7000
2020-04-23,7600,7000
2020-04-24,8500,8000
2020-04-27,8500,8000
2020-04-28,9000,8500
2020-04-29,9000,8500
2020-04-30,9500,9000
2020-05-01,9000,8500
2020-05-04,9000,8500
2020-05-05,9000,8500
2020-05-06,9000,8500
2020-05-07,9000,8500
2020-05-08,9000,8500
2020-05-11,9000,8500
2020-05-12,9000,8500
2020-05-13,9000,8500
2020-05-14,9000,8500
2020-05-15,9000,8500
2020-05-18,9000,8500
2020-05-19,9000,8500
2020-05-20,9000,8500
2020-05-21,9000,8500
2020-05-22,9000,8500
2020-05-25,9000,8500
2020-05-26,9000,8500
2020-05-27,9000,8500
2020-05-28,9000,8500
2020-05-29,9500,9000
2020-06-01,9000,8500
2020-06-02,9000,8500
2020-06-03,9000,8500
2020-06-04,9000,8500
2020-06-05,7900,7600
2020-06-08,7900,7600
2020-06-09,7900,7600
2020-06-10,7900,7600
2020-06-11,7900,7600
2020-06-12,7900,7600
2020-06-15,7900,7600
2020-06-16,7900,7600
2020-06-17,7900,7600
2020-06-18,7900,7600
2020-06-19,7900,7600
2020-06-22,7900,7600
2020-06-23,7900,7600
2020-06-24,7900,7600
2020-06-25,7900,7600
2020-06-26,7900,7600
2020-06-29,7900,7600
2020-06-30,8150,7900
2020-07-01,7900,7600
2020-07-02,7900,7600
2020-07-03,7900,7600
2020-07-06,7900,7600
2020-07-07,7900,7600
2020-07-08,7900,7600
2020-07-09,7900,7600
2020-07-10,6800,6500
2020-07-13,6800,6500
2020-07-14,6800,6500
2020-07-15,6800,6500
2020-07-16,6800,6500
2020-07-17,6800,6500
2020-07-20,6800,6500
2020-07-21,6800,6500
2020-07-22,6800,6500
2020-07-23,6800,6500
2020-07-24,6800,6500
2020-07-27,6800,6500
2020-07-28,6800,6500
2020-07-29,6800,6500
2020-07-30,6800,6500
2020-07-31,7150,6800
