"DATE","Price","NAV","Futures","ROLL","BEFORE_ROLL","AFTER_ROLL"
"1/29/2020",11.16,11.1972,53.33,0,0,0
"1/28/2020",11.25,11.2283,53.48,0,0,0
"1/27/2020",11.1,11.1566,53.14,0,0,0
"1/24/2020",11.43,11.3761,54.19,0,0,0
"1/23/2020",11.66,11.6696,55.59,0,0,0
"1/22/2020",11.9,11.9106,56.74,0,0,0
"1/21/2020",12.24,12.2545,58.38,0,0,0
"1/17/2020",12.33,12.2951,58.58,0,0,0
"1/16/2020",12.29,12.2843,58.53,0,0,0
"1/15/2020",12.18,12.1391,57.84,0,0,0
"1/14/2020",12.28,12.2269,58.26,0,0,0
"1/13/2020",12.2,12.1887,58.08,0,0,1
"1/10/2020",12.41,12.3791,58.99,1,,
"1/6/2020",13.16,13.2486,63.27,0,1,0
"1/3/2020",13.18,13.2014,63.05,0,0,0
"1/2/2020",12.81,12.8095,61.18,0,0,0
"12/31/2019",12.81,12.7836,61.06,0,0,0
"12/30/2019",12.89,12.913,61.68,0,0,0
"12/27/2019",12.91,12.9202,61.72,0,0,0
"12/26/2019",12.89,12.9114,61.68,0,0,0
"12/24/2019",12.77,12.7913,61.11,0,0,0
"12/23/2019",12.7,12.6674,60.52,0,0,0
"12/20/2019",12.63,12.6495,60.44,0,0,0
"12/19/2019",12.78,12.8039,61.18,0,0,0
"12/18/2019",12.74,12.7345,60.85,0,0,0
"12/17/2019",12.72,12.7383,60.87,0,0,0
"12/16/2019",12.59,12.5851,60.14,0,0,0
"12/13/2019",12.49,12.5505,59.98,0,0,0
"12/12/2019",12.37,12.3576,59.06,0,0,0
"12/11/2019",12.3,12.2714,58.65,0,0,1
"12/10/2019",12.39,12.3739,59.14,1,,
"12/4/2019",12.19,12.2053,58.43,0,1,0
"12/3/2019",11.76,11.7182,56.1,0,0,0
"12/2/2019",11.67,11.6886,55.96,0,0,0
"11/29/2019",11.62,11.5228,55.17,0,0,0
"11/27/2019",12.14,12.1356,58.11,0,0,0
"11/26/2019",12.19,12.1979,58.41,0,0,0
"11/25/2019",12.11,12.1139,58.01,0,0,0
"11/22/2019",12.11,12.0625,57.77,0,0,0
"11/21/2019",12.2,12.2312,58.58,0,0,0
"11/20/2019",11.9,11.903,57.01,0,0,0
"11/19/2019",11.57,11.556,55.35,0,0,0
"11/18/2019",11.9,11.9293,57.14,0,0,0
"11/15/2019",12.08,12.072,57.83,0,0,0
"11/13/2019",11.96,11.9396,57.2,0,0,0
"11/12/2019",11.87,11.8662,56.85,0,0,1
"11/11/2019",11.89,11.8765,56.9,1,,
"11/5/2019",11.93,11.9485,57.23,0,1,0
"11/4/2019",11.81,11.8041,56.54,0,0,0
"11/1/2019",11.69,11.7318,56.2,0,0,0
"10/31/2019",11.3,11.3097,54.18,0,0,0
"10/30/2019",11.47,11.4929,55.06,0,0,0
"10/29/2019",11.58,11.5926,55.54,0,0,0
"10/28/2019",11.65,11.6485,55.81,0,0,0
"10/25/2019",11.83,11.8246,56.66,0,0,0
"10/24/2019",11.73,11.7344,56.23,0,0,0
"10/23/2019",11.65,11.6797,55.97,0,0,0
"10/22/2019",11.34,11.3683,54.48,0,0,0
"10/21/2019",11.21,11.1655,53.51,0,0,0
"10/18/2019",11.22,11.2393,53.87,0,0,0
"10/17/2019",11.28,11.2723,54.03,0,0,0
"10/16/2019",11.14,11.1509,53.45,0,0,0
"10/15/2019",11.06,11.0315,52.88,0,0,0
"10/14/2019",11.18,11.1917,53.65,0,0,1
"10/11/2019",11.42,11.4264,54.78,1,,
"10/7/2019",11.04,11.0073,52.75,0,1,0
"10/4/2019",11.04,11.0185,52.81,0,0,0
"10/3/2019",10.93,10.9429,52.45,0,0,0
"10/2/2019",10.98,10.9821,52.64,0,0,0
"10/1/2019",11.19,11.1861,53.62,0,0,0
"9/30/2019",11.34,11.2794,54.07,0,0,0
"9/27/2019",11.66,11.662,55.91,0,0,0
"9/26/2019",11.8,11.7658,56.41,0,0,0
"9/25/2019",11.8,11.7821,56.49,0,0,0
"9/24/2019",11.9,11.9484,57.29,0,0,0
"9/23/2019",12.21,12.2295,58.64,0,0,0
"9/20/2019",12.2,12.1134,58.09,0,0,0
"9/19/2019",12.19,12.1338,58.19,0,0,0
"9/18/2019",12.1,12.102,58.04,0,0,0
"9/17/2019",12.29,12.3225,59.1,0,0,0
"9/16/2019",12.83,13.0664,62.67,0,0,0
"9/13/2019",11.44,11.4242,54.8,0,0,0
"9/12/2019",11.47,11.4759,55.05,0,0,1
"9/11/2019",11.68,11.605,55.67,1,,
"9/5/2019",11.7,11.7138,56.3,0,1,0
"9/4/2019",11.71,11.705,56.26,0,0,0
"9/3/2019",11.22,11.2218,53.94,0,0,0
"8/30/2019",11.46,11.4617,55.1,0,0,0
"8/29/2019",11.78,11.7955,56.71,0,0,0
"8/28/2019",11.64,11.6016,55.78,0,0,0
"8/27/2019",11.42,11.4243,54.93,0,0,0
"8/26/2019",11.18,11.1555,53.64,0,0,0
"8/23/2019",11.19,11.2642,54.17,0,0,0
"8/22/2019",11.53,11.5091,55.35,0,0,0
"8/21/2019",11.61,11.5772,55.68,0,0,0
"8/20/2019",11.63,11.6703,56.13,0,0,0
"8/19/2019",11.66,11.6718,56.14,0,0,0
"8/16/2019",11.4,11.3938,54.81,0,0,0
"8/15/2019",11.35,11.3122,54.42,0,0,0
"8/14/2019",11.44,11.4842,55.25,0,0,0
"8/13/2019",11.87,11.8682,57.1,0,0,0
"8/12/2019",11.36,11.4001,54.85,0,0,1
"8/9/2019",11.28,11.2991,54.37,1,,
"8/5/2019",11.37,11.3482,54.69,0,1,0
"8/2/2019",11.48,11.5481,55.66,0,0,0
"8/1/2019",11.31,11.1927,53.95,0,0,0
"7/31/2019",12.04,12.1528,58.58,0,0,0
"7/30/2019",12.08,12.0422,58.05,0,0,0
"7/29/2019",11.82,11.7969,56.87,0,0,0
"7/26/2019",11.65,11.6563,56.2,0,0,0
"7/25/2019",11.6,11.6185,56.02,0,0,0
"7/24/2019",11.59,11.5889,55.88,0,0,0
"7/23/2019",11.81,11.7729,56.77,0,0,0
"7/22/2019",11.68,11.6583,56.22,0,0,0
"7/19/2019",11.67,11.5613,55.76,0,0,0
"7/18/2019",11.56,11.4903,55.42,0,0,0
"7/17/2019",11.75,11.8007,56.92,0,0,0
"7/16/2019",12.07,11.9701,57.74,0,0,0
"7/15/2019",12.3,12.3717,59.68,0,0,0
"7/12/2019",12.52,12.4984,60.3,0,0,1
"7/11/2019",12.55,12.494,60.28,1,,
"7/5/2019",11.95,11.9367,57.51,0,1,0
"7/3/2019",11.77,11.9005,57.34,0,0,0
"7/2/2019",11.7,11.6735,56.25,0,0,0
"7/1/2019",12.28,12.2622,59.09,0,0,0
"6/28/2019",12.04,12.1328,58.47,0,0,0
"6/27/2019",12.29,12.3304,59.43,0,0,0
"6/26/2019",12.29,12.3194,59.38,0,0,0
"6/25/2019",12,11.9973,57.83,0,0,0
"6/24/2019",12.01,12.0113,57.9,0,0,0
"6/21/2019",11.97,11.9121,57.43,0,0,0
"6/20/2019",11.85,11.8369,57.07,0,0,0
"6/19/2019",11.33,11.1934,53.97,0,0,0
"6/18/2019",11.25,11.2219,54.11,0,0,0
"6/17/2019",10.81,10.8191,52.17,0,0,0
"6/14/2019",10.94,10.9419,52.77,0,0,0
"6/13/2019",10.88,10.8937,52.54,0,0,0
"6/12/2019",10.64,10.6506,51.37,0,0,1
"6/11/2019",11.11,11.0963,53.52,1,,
"6/5/2019",10.77,10.7521,51.68,0,1,0
"6/4/2019",11.16,11.126,53.48,0,0,0
"6/3/2019",10.99,11.0777,53.25,0,0,0
"5/31/2019",11.1,11.128,53.5,0,0,0
"5/30/2019",11.76,11.7701,56.59,0,0,0
"5/29/2019",12.24,12.2312,58.81,0,0,0
"5/28/2019",12.23,12.2992,59.14,0,0,0
"5/24/2019",12.23,12.1909,58.63,0,0,0
"5/23/2019",12.09,12.0407,57.91,0,0,0
"5/22/2019",12.74,12.7699,61.42,0,0,0
"5/21/2019",13.13,13.1247,63.13,0,0,0
"5/20/2019",13.15,13.1407,63.21,0,0,0
"5/17/2019",13.08,13.0785,62.92,0,0,0
"5/16/2019",13.14,13.107,63.06,0,0,0
"5/15/2019",12.97,12.936,62.24,0,0,0
"5/14/2019",12.87,12.8771,61.96,0,0,0
"5/13/2019",12.68,12.7206,61.21,0,0,1
"5/10/2019",12.84,12.8417,61.8,1,,
"5/6/2019",13.07,12.9577,62.25,0,1,0
"5/3/2019",12.87,12.8913,61.94,0,0,0
"5/2/2019",12.82,12.8636,61.81,0,0,0
"5/1/2019",13.22,13.2354,63.6,0,0,0
"4/30/2019",13.29,13.2993,63.91,0,0,0
"4/29/2019",13.23,13.2133,63.5,0,0,0
"4/26/2019",13.09,13.1699,63.3,0,0,0
"4/25/2019",13.53,13.5666,65.21,0,0,0
"4/24/2019",13.68,13.7074,65.89,0,0,0
"4/23/2019",13.79,13.792,66.3,0,0,0
"4/22/2019",13.67,13.6353,65.55,0,0,0
"4/18/2019",13.32,13.3248,64.07,0,0,0
"4/17/2019",13.28,13.2825,63.87,0,0,0
"4/16/2019",13.37,13.3484,64.19,0,0,0
"4/15/2019",13.24,13.2167,63.56,0,0,0
"4/12/2019",13.3,13.3105,64.02,0,0,1
"4/11/2019",13.27,13.2374,63.67,1,,
"4/5/2019",13.15,13.1141,63.08,0,1,0
"4/4/2019",12.92,12.9097,62.1,0,0,0
"4/3/2019",12.99,12.9838,62.46,0,0,0
"4/2/2019",13.01,13.0081,62.58,0,0,0
"4/1/2019",12.82,12.8016,61.59,0,0,0
"3/29/2019",12.5,12.4996,60.14,0,0,0
"3/28/2019",12.35,12.3231,59.3,0,0,0
"3/27/2019",12.34,12.3454,59.41,0,0,0
"3/26/2019",12.47,12.4549,59.94,0,0,0
"3/25/2019",12.25,12.2215,58.82,0,0,0
"3/22/2019",12.23,12.2654,59.04,0,0,0
"3/21/2019",12.44,12.4601,59.98,0,0,0
"3/20/2019",12.5,12.5114,60.23,0,0,0
"3/19/2019",12.28,12.3156,59.29,0,0,0
"3/18/2019",12.31,12.3337,59.38,0,0,0
"3/15/2019",12.2,12.2156,58.82,0,0,0
"3/14/2019",12.22,12.2336,58.91,0,0,0
"3/13/2019",12.19,12.1666,58.59,0,0,0
"3/12/2019",11.89,11.8774,57.2,0,0,1
"3/11/2019",11.86,11.8605,57.12,1,,
"3/5/2019",11.82,11.8177,56.56,0,1,0
"3/4/2019",11.8,11.8235,56.59,0,0,0
"3/1/2019",11.66,11.6567,55.8,0,0,0
"2/28/2019",11.95,11.9527,57.22,0,0,0
"2/27/2019",11.89,11.8937,56.94,0,0,0
"2/26/2019",11.63,11.5923,55.5,0,0,0
"2/25/2019",11.57,11.5875,55.48,0,0,0
"2/22/2019",11.95,11.9576,57.26,0,0,0
"2/21/2019",11.88,11.8945,56.96,0,0,0
"2/20/2019",11.93,11.9357,57.16,0,0,0
"2/19/2019",11.78,11.7869,56.45,0,0,0
"2/15/2019",11.71,11.6866,55.98,0,0,0
"2/14/2019",11.48,11.4376,54.79,0,0,0
"2/13/2019",11.34,11.3368,54.31,0,0,0
"2/12/2019",11.16,11.1607,53.47,0,0,1
"2/11/2019",11.01,11.0166,52.78,1,,
"2/5/2019",11.29,11.2737,53.66,0,1,0
"2/4/2019",11.5,11.4621,54.56,0,0,0
"2/1/2019",11.63,11.6075,55.26,0,0,0
"1/31/2019",11.35,11.2982,53.79,0,0,0
"1/30/2019",11.4,11.39,54.23,0,0,0
"1/29/2019",11.16,11.1963,53.31,0,0,0
"1/28/2019",10.95,10.9185,51.99,0,0,0
"1/25/2019",11.25,11.2739,53.69,0,0,0
"1/24/2019",11.17,11.1558,53.13,0,0,0
"1/23/2019",11.05,11.0482,52.62,0,0,0
"1/22/2019",11.12,11.1295,53.01,0,0,0
"1/18/2019",11.31,11.3437,54.04,0,0,0
"1/17/2019",11.03,10.9906,52.36,0,0,0
"1/16/2019",11.06,11.0426,52.61,0,0,0
"1/15/2019",11,10.9959,52.39,0,0,0
"1/14/2019",10.69,10.6616,50.8,0,0,1
"1/11/2019",10.9,10.8933,51.91,1,,
"1/7/2019",10.29,10.2452,48.52,0,1,0
"1/4/2019",10.18,10.1256,47.96,0,0,0
"1/3/2019",9.95,9.9412,47.09,0,0,0
"1/2/2019",9.85,9.8246,46.54,0,0,0
"12/31/2018",9.66,9.5852,45.41,0,0,0
"12/28/2018",9.53,9.5671,45.33,0,0,0
"12/27/2018",9.62,9.4147,44.61,0,0,0
"12/26/2018",9.9,9.754,46.22,0,0,0
"12/24/2018",9.29,8.9745,42.53,0,0,0
"12/21/2018",9.57,9.6188,45.59,0,0,0
"12/20/2018",9.72,9.6795,45.88,0,0,0
"12/19/2018",10.02,10.1622,48.17,0,0,0
"12/18/2018",9.79,9.8305,46.6,0,0,0
"12/17/2018",10.45,10.5895,50.2,0,0,0
"12/14/2018",10.82,10.8558,51.47,0,0,0
"12/13/2018",11.21,11.1422,52.83,0,0,0
"12/12/2018",10.82,10.8316,51.36,0,0,1
"12/11/2018",10.95,10.9327,51.84,1,,
"12/4/2018",11.18,11.2713,53.25,0,0,0
"12/3/2018",11.27,11.2073,52.95,0,0,0
"11/30/2018",10.73,10.7785,50.93,0,0,0
"11/29/2018",10.87,10.8881,51.45,0,0,0
"11/28/2018",10.66,10.6421,50.29,0,0,0
"11/27/2018",10.95,10.9104,51.56,0,0,0
"11/26/2018",10.94,10.9247,51.63,0,0,0
"11/23/2018",10.83,10.6673,50.42,0,0,0
"11/21/2018",11.52,11.5569,54.63,0,0,0
"11/20/2018",11.27,11.3026,53.43,0,0,0
"11/19/2018",12.14,12.0994,57.2,0,0,0
"11/16/2018",12.07,11.9877,56.68,0,0,0
"11/15/2018",11.98,11.9872,56.68,0,0,0
"11/14/2018",11.95,11.9359,56.44,0,0,0
"11/13/2018",11.69,11.8085,55.84,0,0,0
"11/12/2018",12.48,12.7046,60.08,0,0,0
"11/9/2018",12.7,12.7621,60.36,0,0,1
"11/8/2018",12.84,12.8676,60.86,1,,
"11/2/2018",13.31,13.3787,63.14,0,1,0
"11/1/2018",13.46,13.4947,63.69,0,0,0
"10/31/2018",13.79,13.8373,65.31,0,0,0
"10/30/2018",14.03,14.0209,66.18,0,0,0
"10/29/2018",14.11,14.2024,67.04,0,0,0
"10/26/2018",14.33,14.3171,67.59,0,0,0
"10/25/2018",14.21,14.2615,67.33,0,0,0
"10/24/2018",14.05,14.1529,66.82,0,0,0
"10/23/2018",14.04,14.0697,66.43,0,0,0
"10/22/2018",14.74,14.6895,69.36,0,0,0
"10/19/2018",14.72,14.6707,69.28,0,0,0
"10/18/2018",14.56,14.5494,68.71,0,0,0
"10/17/2018",14.82,14.7585,69.7,0,0,0
"10/16/2018",15.19,15.1941,71.76,0,0,0
"10/15/2018",15.13,15.1617,71.61,0,0,0
"10/12/2018",15.12,15.0688,71.18,0,0,1
"10/11/2018",14.95,14.9901,70.81,1,,
"10/5/2018",15.69,15.7039,74.34,0,1,0
"10/4/2018",15.74,15.7011,74.33,0,0,0
"10/3/2018",16.08,16.1398,76.41,0,0,0
"10/2/2018",15.87,15.8899,75.23,0,0,0
"10/1/2018",15.95,15.9041,75.3,0,0,0
"9/28/2018",15.52,15.4706,73.25,0,0,0
"9/27/2018",15.26,15.2301,72.12,0,0,0
"9/26/2018",15.11,15.1134,71.57,0,0,0
"9/25/2018",15.27,15.2627,72.28,0,0,0
"9/24/2018",15.25,15.2199,72.08,0,0,0
"9/21/2018",14.96,14.9436,70.78,0,0,0
"9/20/2018",14.8,14.8459,70.32,0,0,0
"9/19/2018",14.94,14.9403,70.77,0,0,0
"9/18/2018",14.69,14.6906,69.59,0,0,0
"9/17/2018",14.47,14.498,68.68,0,0,0
"9/14/2018",14.5,14.5152,68.77,0,0,0
"9/13/2018",14.49,14.4386,68.41,0,0,0
"9/12/2018",14.78,14.8074,70.16,0,0,1
"9/11/2018",14.6,14.5707,69.04,1,,
"9/5/2018",14.49,14.4587,68.72,0,1,0
"9/4/2018",14.58,14.7001,69.87,0,0,0
"8/31/2018",14.71,14.6831,69.8,0,0,0
"8/30/2018",14.75,14.7772,70.25,0,0,0
"8/29/2018",14.66,14.6209,69.51,0,0,0
"8/28/2018",14.43,14.4142,68.53,0,0,0
"8/27/2018",14.5,14.4852,68.87,0,0,0
"8/24/2018",14.43,14.4519,68.72,0,0,0
"8/23/2018",14.27,14.2641,67.83,0,0,0
"8/22/2018",14.27,14.2699,67.86,0,0,0
"8/21/2018",13.83,13.8446,65.84,0,0,0
"8/20/2018",13.76,13.7557,65.42,0,0,0
"8/17/2018",13.69,13.71,65.21,0,0,0
"8/16/2018",13.63,13.6401,64.88,0,0,0
"8/15/2018",13.51,13.5513,64.46,0,0,0
"8/14/2018",13.99,13.9439,66.33,0,0,0
"8/13/2018",14.01,13.9938,66.57,0,0,1
"8/10/2018",14.08,14.0703,66.94,1,,
"8/6/2018",14.31,14.3494,69.01,0,1,0
"8/3/2018",14.27,14.2397,68.49,0,0,0
"8/2/2018",14.36,14.337,68.96,0,0,0
"8/1/2018",14.09,14.066,67.66,0,0,0
"7/31/2018",14.28,14.2942,68.76,0,0,0
"7/30/2018",14.54,14.5784,70.13,0,0,0
"7/27/2018",14.32,14.2775,68.69,0,0,0
"7/26/2018",14.47,14.4682,69.61,0,0,0
"7/25/2018",14.42,14.4032,69.3,0,0,0
"7/24/2018",14.23,14.2406,68.52,0,0,0
"7/23/2018",14.09,14.1091,67.89,0,0,0
"7/20/2018",14.15,14.1845,68.26,0,0,0
"7/19/2018",14.13,14.1799,68.24,0,0,0
"7/18/2018",14.1,14.0776,67.75,0,0,0
"7/17/2018",13.95,13.9545,67.16,0,0,0
"7/16/2018",13.94,13.9352,67.07,0,0,0
"7/13/2018",14.47,14.5319,69.95,0,0,0
"7/12/2018",14.39,14.4068,69.35,0,0,1
"7/11/2018",14.31,14.3048,68.86,1,,
"7/5/2018",14.78,14.7787,72.94,0,1,0
"7/3/2018",14.92,15.0207,74.14,0,0,0
"7/2/2018",14.96,14.9797,73.94,0,0,0
"6/29/2018",15.06,15.021,74.15,0,0,0
"6/28/2018",14.86,14.8783,73.45,0,0,0
"6/27/2018",14.65,14.7381,72.76,0,0,0
"6/26/2018",14.27,14.2859,70.53,0,0,0
"6/25/2018",13.77,13.7891,68.08,0,0,0
"6/22/2018",14.02,13.8891,68.58,0,0,0
"6/21/2018",13.31,13.273,65.54,0,0,0
"6/20/2018",13.28,13.3069,65.71,0,0,0
"6/19/2018",13.14,13.1425,64.9,0,0,0
"6/18/2018",13.29,13.302,65.69,0,0,0
"6/15/2018",13.05,13.1306,64.85,0,0,0
"6/14/2018",13.52,13.5027,66.69,0,0,0
"6/13/2018",13.47,13.4678,66.52,0,0,0
"6/12/2018",13.4,13.4187,66.28,0,0,1
"6/11/2018",13.36,13.368,66.03,1,,
"6/5/2018",13.22,13.2515,65.52,0,1,0
"6/4/2018",13.12,13.0954,64.75,0,0,0
"6/1/2018",13.25,13.3084,65.81,0,0,0
"5/31/2018",13.55,13.5567,67.04,0,0,0
"5/30/2018",13.83,13.7928,68.21,0,0,0
"5/29/2018",13.51,13.4931,66.73,0,0,0
"5/25/2018",13.68,13.7239,67.88,0,0,0
"5/24/2018",14.29,14.2956,70.71,0,0,0
"5/23/2018",14.51,14.5236,71.84,0,0,0
"5/22/2018",14.56,14.596,72.2,0,0,0
"5/21/2018",14.67,14.6259,72.35,0,0,0
"5/18/2018",14.43,14.4266,71.37,0,0,0
"5/17/2018",14.49,14.4667,71.57,0,0,0
"5/16/2018",14.46,14.4643,71.56,0,0,0
"5/15/2018",14.4,14.4254,71.37,0,0,0
"5/14/2018",14.38,14.3482,70.99,0,0,1
"5/11/2018",14.25,14.2846,70.68,1,,
"5/7/2018",14.1,14.2814,70.73,0,1,0
"5/4/2018",14.09,14.0763,69.72,0,0,0
"5/3/2018",13.82,13.8155,68.43,0,0,0
"5/2/2018",13.67,13.7141,67.93,0,0,0
"5/1/2018",13.61,13.5764,67.25,0,0,0
"4/30/2018",13.8,13.8425,68.57,0,0,0
"4/27/2018",13.73,13.7465,68.1,0,0,0
"4/26/2018",13.77,13.7643,68.19,0,0,0
"4/25/2018",13.72,13.7357,68.05,0,0,0
"4/24/2018",13.68,13.6646,67.7,0,0,0
"4/23/2018",13.92,13.854,68.64,0,0,0
"4/20/2018",13.75,13.8043,68.4,0,0,0
"4/19/2018",13.77,13.7898,68.33,0,0,0
"4/18/2018",13.88,13.8177,68.47,0,0,0
"4/17/2018",13.41,13.4218,66.51,0,0,0
"4/16/2018",13.38,13.359,66.2,0,0,0
"4/13/2018",13.55,13.5859,67.33,0,0,0
"4/12/2018",13.52,13.5088,66.95,0,0,1
"4/11/2018",13.45,13.4664,66.74,1,,
"4/5/2018",12.83,12.8151,63.54,0,1,0
"4/4/2018",12.82,12.7805,63.37,0,0,0
"4/3/2018",12.81,12.8084,63.51,0,0,0
"4/2/2018",12.74,12.7072,63.01,0,0,0
"3/29/2018",13.09,13.0957,64.94,0,0,0
"3/28/2018",13.04,12.9818,64.38,0,0,0
"3/27/2018",13.08,13.1568,65.25,0,0,0
"3/26/2018",13.21,13.2169,65.55,0,0,0
"3/23/2018",13.28,13.2824,65.88,0,0,0
"3/22/2018",12.95,12.9636,64.3,0,0,0
"3/21/2018",13.18,13.1387,65.17,0,0,0
"3/20/2018",12.81,12.8098,63.54,0,0,0
"3/19/2018",12.55,12.5252,62.13,0,0,0
"3/16/2018",12.55,12.5807,62.41,0,0,0
"3/15/2018",12.34,12.3466,61.25,0,0,0
"3/14/2018",12.28,12.2999,61.02,0,0,0
"3/13/2018",12.24,12.2452,60.75,0,0,0
"3/12/2018",12.37,12.3618,61.33,0,0,1
"3/9/2018",12.47,12.4801,61.92,1,,
"3/5/2018",12.59,12.5875,62.57,0,1,0
"3/2/2018",12.37,12.321,61.25,0,0,0
"3/1/2018",12.35,12.2685,60.99,0,0,0
"2/28/2018",12.37,12.3989,61.64,0,0,0
"2/27/2018",12.65,12.6742,63.01,0,0,0
"2/26/2018",12.86,12.8549,63.91,0,0,0
"2/23/2018",12.77,12.7817,63.55,0,0,0
"2/22/2018",12.59,12.6246,62.77,0,0,0
"2/21/2018",12.29,12.4051,61.68,0,0,0
"2/20/2018",12.39,12.427,61.79,0,0,0
"2/16/2018",12.38,12.3777,61.55,0,0,0
"2/15/2018",12.33,12.3011,61.17,0,0,0
"2/14/2018",12.18,12.1681,60.51,0,0,0
"2/13/2018",11.87,11.8703,59.03,0,0,0
"2/12/2018",11.89,11.8801,59.08,0,0,1
"2/9/2018",11.86,11.8617,58.99,1,,
"2/5/2018",12.77,12.85,64.15,0,1,0
"2/2/2018",13.04,13.1097,65.45,0,0,0
"2/1/2018",13.24,13.1796,65.8,0,0,0
"1/31/2018",12.98,12.965,64.73,0,0,0
"1/30/2018",12.9,12.9187,64.5,0,0,0
"1/29/2018",13.11,13.1307,65.56,0,0,0
"1/26/2018",13.24,13.2461,66.14,0,0,0
"1/25/2018",13.06,13.1197,65.51,0,0,0
"1/24/2018",13.22,13.1395,65.61,0,0,0
"1/23/2018",12.97,12.911,64.47,0,0,0
"1/22/2018",12.78,12.7305,63.57,0,0,0
"1/19/2018",12.72,12.6778,63.31,0,0,0
"1/18/2018",12.76,12.7937,63.89,0,0,0
"1/17/2018",12.78,12.7994,63.92,0,0,0
"1/16/2018",12.76,12.7491,63.67,0,0,0
"1/12/2018",12.87,12.8603,64.23,0,0,1
"1/11/2018",12.7,12.7503,63.68,1,,
"1/5/2018",12.31,12.2836,61.44,0,1,0
"1/4/2018",12.37,12.3973,62.01,0,0,0
"1/3/2018",12.34,12.3211,61.63,0,0,0
"1/2/2018",12.07,12.069,60.37,0,0,0
"12/29/2017",12.01,12.0785,60.42,0,0,0
"12/28/2017",11.97,11.9621,59.84,0,0,0
"12/27/2017",11.92,11.922,59.64,0,0,0
"12/26/2017",11.95,11.9878,59.97,0,0,0
"12/22/2017",11.66,11.6872,58.47,0,0,0
"12/21/2017",11.64,11.665,58.36,0,0,0
"12/20/2017",11.61,11.6109,58.09,0,0,0
"12/19/2017",11.51,11.5048,57.56,0,0,0
"12/18/2017",11.44,11.4367,57.22,0,0,0
"12/15/2017",11.46,11.4581,57.33,0,0,0
"12/14/2017",11.43,11.408,57.08,0,0,0
"12/13/2017",11.33,11.3099,56.59,0,0,0
"12/12/2017",11.44,11.4237,57.16,0,0,1
"12/11/2017",11.6,11.6014,58.05,1,,
"12/4/2017",11.49,11.4987,57.47,0,1,0
"12/1/2017",11.67,11.6763,58.36,0,0,0
"11/30/2017",11.47,11.4841,57.4,0,0,0
"11/29/2017",11.47,11.4639,57.3,0,0,0
"11/28/2017",11.58,11.6018,57.99,0,0,0
"11/27/2017",11.59,11.6256,58.11,0,0,0
"11/24/2017",11.79,11.7933,58.95,0,0,0
"11/22/2017",11.6,11.6069,58.02,0,0,0
"11/21/2017",11.4,11.3687,56.83,0,0,0
"11/20/2017",11.28,11.2866,56.42,0,0,0
"11/17/2017",11.35,11.3442,56.71,0,0,0
"11/16/2017",11.07,11.072,55.35,0,0,0
"11/15/2017",11.09,11.1058,55.52,0,0,0
"11/14/2017",11.13,11.1797,55.89,0,0,0
"11/13/2017",11.38,11.3956,56.97,0,0,0
"11/10/2017",11.42,11.3972,56.98,0,0,1
"11/9/2017",11.46,11.4794,57.39,1,,
"11/3/2017",11.18,11.1739,55.64,0,1,0
"11/2/2017",10.99,10.9528,54.54,0,0,0
"11/1/2017",10.9,10.9045,54.3,0,0,0
"10/31/2017",10.93,10.9204,54.38,0,0,0
"10/30/2017",10.87,10.8741,54.15,0,0,0
"10/27/2017",10.84,10.8234,53.9,0,0,0
"10/26/2017",10.57,10.5703,52.64,0,0,0
"10/25/2017",10.48,10.4778,52.18,0,0,0
"10/24/2017",10.54,10.5359,52.47,0,0,0
"10/23/2017",10.42,10.4213,51.9,0,0,0
"10/20/2017",10.43,10.4089,51.84,0,0,0
"10/19/2017",10.35,10.3425,51.51,0,0,0
"10/18/2017",10.48,10.493,52.26,0,0,0
"10/17/2017",10.49,10.4628,52.11,0,0,0
"10/16/2017",10.46,10.4687,52.14,0,0,0
"10/13/2017",10.37,10.386,51.73,0,0,0
"10/12/2017",10.23,10.2253,50.93,0,0,1
"10/11/2017",10.36,10.36,51.6,1,,
"10/5/2017",10.25,10.2647,50.79,0,1,0
"10/4/2017",10.08,10.1009,49.98,0,0,0
"10/3/2017",10.18,10.1897,50.42,0,0,0
"10/2/2017",10.21,10.222,50.58,0,0,0
"9/29/2017",10.43,10.442,51.67,0,0,0
"9/28/2017",10.43,10.4196,51.56,0,0,0
"9/27/2017",10.52,10.5367,52.14,0,0,0
"9/26/2017",10.49,10.484,51.88,0,0,0
"9/25/2017",10.55,10.5526,52.22,0,0,0
"9/22/2017",10.24,10.2371,50.66,0,0,0
"9/21/2017",10.25,10.2147,50.55,0,0,0
"9/20/2017",10.24,10.2429,50.69,0,0,0
"9/19/2017",10.11,10.0832,49.9,0,0,0
"9/18/2017",10.17,10.174,50.35,0,0,0
"9/15/2017",10.2,10.1918,50.44,0,0,0
"9/14/2017",10.13,10.1736,50.35,0,0,0
"9/13/2017",10.07,10.0522,49.75,0,0,0
"9/12/2017",9.87,9.8501,48.75,0,0,1
"9/11/2017",9.82,9.824,48.62,1,,
"9/5/2017",9.92,9.9357,48.66,0,1,0
"9/1/2017",9.67,9.6555,47.29,0,0,0
"8/31/2017",9.63,9.6431,47.23,0,0,0
"8/30/2017",9.38,9.3837,45.96,0,0,0
"8/29/2017",9.46,9.4816,46.44,0,0,0
"8/28/2017",9.53,9.508,46.57,0,0,0
"8/25/2017",9.75,9.7731,47.87,0,0,0
"8/24/2017",9.71,9.6831,47.43,0,0,0
"8/23/2017",9.88,9.8831,48.41,0,0,0
"8/22/2017",9.77,9.7645,47.83,0,0,0
"8/21/2017",9.71,9.7032,47.53,0,0,0
"8/18/2017",9.97,9.9335,48.66,0,0,0
"8/17/2017",9.62,9.6435,47.24,0,0,0
"8/16/2017",9.57,9.5822,46.94,0,0,0
"8/15/2017",9.75,9.7372,47.7,0,0,0
"8/14/2017",9.72,9.7431,47.73,0,0,1
"8/11/2017",9.99,9.9961,48.97,1,,
"8/7/2017",10.1,10.1154,49.39,0,1,0
"8/4/2017",10.13,10.1539,49.58,0,0,0
"8/3/2017",10.02,10.041,49.03,0,0,0
"8/2/2017",10.14,10.1555,49.59,0,0,0
"8/1/2017",10.09,10.0672,49.16,0,0,0
"7/31/2017",10.28,10.274,50.17,0,0,0
"7/28/2017",10.17,10.1795,49.71,0,0,0
"7/27/2017",10.06,10.0421,49.04,0,0,0
"7/26/2017",9.96,9.9827,48.75,0,0,0
"7/25/2017",9.81,9.8065,47.89,0,0,0
"7/24/2017",9.5,9.489,46.34,0,0,0
"7/21/2017",9.34,9.372,45.77,0,0,0
"7/20/2017",9.61,9.6074,46.92,0,0,0
"7/19/2017",9.69,9.6892,47.32,0,0,0
"7/18/2017",9.54,9.5396,46.59,0,0,0
"7/17/2017",9.45,9.4658,46.23,0,0,0
"7/14/2017",9.59,9.5721,46.75,0,0,0
"7/13/2017",9.47,9.4696,46.25,0,0,0
"7/12/2017",9.33,9.3487,45.66,0,0,1
"7/11/2017",9.27,9.2609,45.23,1,,
"7/5/2017",9.25,9.2785,45.13,0,1,0
"7/3/2017",9.62,9.6772,47.07,0,0,0
"6/30/2017",9.5,9.4655,46.04,0,0,0
"6/29/2017",9.21,9.2373,44.93,0,0,0
"6/28/2017",9.2,9.1981,44.74,0,0,0
"6/27/2017",9.1,9.0953,44.24,0,0,0
"6/26/2017",8.93,8.9184,43.38,0,0,0
"6/23/2017",8.86,8.8422,43.01,0,0,0
"6/22/2017",8.78,8.7867,42.74,0,0,0
"6/21/2017",8.71,8.7434,42.53,0,0,0
"6/20/2017",8.95,8.9449,43.51,0,0,0
"6/19/2017",9.12,9.1339,44.43,0,0,0
"6/16/2017",9.24,9.2448,44.97,0,0,0
"6/15/2017",9.18,9.1852,44.68,0,0,0
"6/14/2017",9.23,9.2365,44.93,0,0,0
"6/13/2017",9.6,9.5942,46.67,0,0,0
"6/12/2017",9.52,9.5222,46.32,0,0,1
"6/9/2017",9.49,9.471,46.07,1,,
"6/5/2017",9.8,9.7926,47.4,0,1,0
"6/2/2017",9.86,9.8461,47.66,0,0,0
"6/1/2017",9.91,9.9906,48.36,0,0,0
"5/31/2017",9.96,9.9823,48.32,0,0,0
"5/30/2017",10.24,10.2591,49.66,0,0,0
"5/26/2017",10.28,10.2878,49.8,0,0,0
"5/25/2017",10.04,10.1019,48.9,0,0,0
"5/24/2017",10.6,10.61,51.36,0,0,0
"5/23/2017",10.64,10.6328,51.47,0,0,0
"5/22/2017",10.54,10.5624,51.13,0,0,0
"5/19/2017",10.48,10.4674,50.67,0,0,0
"5/18/2017",10.26,10.2587,49.66,0,0,0
"5/17/2017",10.19,10.207,49.41,0,0,0
"5/16/2017",10.11,10.1223,49,0,0,0
"5/15/2017",10.17,10.1553,49.16,0,0,0
"5/12/2017",9.95,9.9508,48.17,0,0,1
"5/11/2017",9.94,9.9573,48.2,1,,
"5/5/2017",9.66,9.6276,46.22,0,1,0
"5/4/2017",9.46,9.4818,45.52,0,0,0
"5/3/2017",9.93,9.9609,47.82,0,0,0
"5/2/2017",9.92,9.9275,47.66,0,0,0
"5/1/2017",10.15,10.1732,48.84,0,0,0
"4/28/2017",10.24,10.2752,49.33,0,0,0
"4/27/2017",10.24,10.2002,48.97,0,0,0
"4/26/2017",10.26,10.3356,49.62,0,0,0
"4/25/2017",10.36,10.3231,49.56,0,0,0
"4/24/2017",10.25,10.2543,49.23,0,0,0
"4/21/2017",10.32,10.3354,49.62,0,0,0
"4/20/2017",10.54,10.5624,50.71,0,0,0
"4/19/2017",10.62,10.5915,50.85,0,0,0
"4/18/2017",11.04,11.0081,52.85,0,0,0
"4/17/2017",11.06,11.0622,53.11,0,0,0
"4/13/2017",11.13,11.1641,53.6,0,0,0
"4/12/2017",11.11,11.1474,53.52,0,0,1
"4/11/2017",11.17,11.204,53.79,1,,
"4/5/2017",10.68,10.737,51.15,0,1,0
"4/4/2017",10.71,10.7118,51.03,0,0,0
"4/3/2017",10.55,10.5459,50.24,0,0,0
"3/31/2017",10.64,10.6215,50.6,0,0,0
"3/30/2017",10.57,10.569,50.35,0,0,0
"3/29/2017",10.37,10.3926,49.51,0,0,0
"3/28/2017",10.15,10.1534,48.37,0,0,0
"3/27/2017",10.04,10.019,47.73,0,0,0
"3/24/2017",10.09,10.0694,47.97,0,0,0
"3/23/2017",10.01,10.0127,47.7,0,0,0
"3/22/2017",10.12,10.0841,48.04,0,0,0
"3/21/2017",10.11,10.1261,48.24,0,0,0
"3/20/2017",10.276,10.2667,48.91,0,0,0
"3/17/2017",10.33,10.3506,49.31,0,0,0
"3/16/2017",10.36,10.3359,49.24,0,0,0
"3/15/2017",10.38,10.3653,49.38,0,0,0
"3/14/2017",10.19,10.1492,48.35,0,0,0
"3/13/2017",10.28,10.2731,48.94,0,0,1
"3/10/2017",10.29,10.2923,49.03,1,,
"3/6/2017",11.28,11.2855,53.2,0,1,0
"3/3/2017",11.29,11.3131,53.33,0,0,0
"3/2/2017",11.17,11.1603,52.61,0,0,0
"3/1/2017",11.4,11.4191,53.83,0,0,0
"2/28/2017",11.45,11.4573,54.01,0,0,0
"2/27/2017",11.47,11.4658,54.05,0,0,0
"2/24/2017",11.46,11.4531,53.99,0,0,0
"2/23/2017",11.53,11.5507,54.45,0,0,0
"2/22/2017",11.36,11.3683,53.59,0,0,0
"2/21/2017",11.54,11.5253,54.33,0,0,0
"2/17/2017",11.39,11.4087,53.78,0,0,0
"2/16/2017",11.41,11.4023,53.75,0,0,0
"2/15/2017",11.36,11.3705,53.6,0,0,0
"2/14/2017",11.38,11.3939,53.71,0,0,0
"2/13/2017",11.32,11.3345,53.43,0,0,1
"2/10/2017",11.5,11.5259,54.33,1,,
"2/6/2017",11.38,11.3593,53.01,0,1,0
"2/3/2017",11.54,11.5351,53.83,0,0,0
"2/2/2017",11.51,11.4729,53.54,0,0,0
"2/1/2017",11.48,11.5458,53.88,0,0,0
"1/31/2017",11.32,11.3165,52.81,0,0,0
"1/30/2017",11.28,11.2779,52.63,0,0,0
"1/27/2017",11.4,11.3938,53.17,0,0,0
"1/26/2017",11.53,11.5245,53.78,0,0,0
"1/25/2017",11.31,11.3038,52.75,0,0,0
"1/24/2017",11.37,11.396,53.18,0,0,0
"1/23/2017",11.32,11.3039,52.75,0,0,0
"1/20/2017",11.39,11.4047,53.22,0,0,0
"1/19/2017",11.17,11.169,52.12,0,0,0
"1/18/2017",11.16,11.1198,51.89,0,0,0
"1/17/2017",11.43,11.4133,53.26,0,0,0
"1/13/2017",11.41,11.3899,53.15,0,0,0
"1/12/2017",11.54,11.5378,53.84,0,0,1
"1/11/2017",11.37,11.371,53.06,1,,
"1/5/2017",11.7,11.7141,53.76,0,1,0
"1/4/2017",11.58,11.6052,53.26,0,0,0
"1/3/2017",11.44,11.4025,52.33,0,0,0
"12/30/2016",11.72,11.7055,53.72,0,0,0
"12/29/2016",11.72,11.7165,53.77,0,0,0
"12/28/2016",11.75,11.7798,54.06,0,0,0
"12/27/2016",11.73,11.7449,53.9,0,0,0
"12/23/2016",11.56,11.5533,53.02,0,0,0
"12/22/2016",11.46,11.5381,52.95,0,0,0
"12/21/2016",11.44,11.4379,52.49,0,0,0
"12/20/2016",11.62,11.6144,53.3,0,0,0
"12/19/2016",11.5,11.5622,53.06,0,0,0
"12/16/2016",11.55,11.5384,52.95,0,0,0
"12/15/2016",11.36,11.3249,51.97,0,0,0
"12/14/2016",11.32,11.3511,52.09,0,0,0
"12/13/2016",11.73,11.7543,53.94,0,0,0
"12/12/2016",11.62,11.7129,53.75,0,0,1
"12/9/2016",11.44,11.428,52.44,1,,
"12/5/2016",11.35,11.5207,51.79,0,1,0
"12/2/2016",11.48,11.4964,51.68,0,0,0
"12/1/2016",11.33,11.3587,51.06,0,0,0
"11/30/2016",10.93,10.9984,49.44,0,0,0
"11/29/2016",10.06,10.0619,45.23,0,0,0
"11/28/2016",10.44,10.4734,47.08,0,0,0
"11/25/2016",10.33,10.2468,46.06,0,0,0
"11/23/2016",10.67,10.6696,47.96,0,0,0
"11/22/2016",10.63,10.6852,48.03,0,0,0
"11/21/2016",10.77,10.7319,48.24,0,0,0
"11/18/2016",10.32,10.3139,46.36,0,0,0
"11/17/2016",10.13,10.2294,45.98,0,0,0
"11/16/2016",10.23,10.2562,46.1,0,0,0
"11/15/2016",10.34,10.3208,46.39,0,0,0
"11/14/2016",9.87,9.7758,43.94,0,0,0
"11/11/2016",9.77,9.8226,44.15,0,0,1
"11/10/2016",10.04,10.0923,45.36,1,,
"11/4/2016",9.98,9.9474,44.07,0,1,0
"11/3/2016",10.08,10.0807,44.66,0,0,0
"11/2/2016",10.28,10.2343,45.34,0,0,0
"11/1/2016",10.57,10.5345,46.67,0,0,0
"10/31/2016",10.53,10.5774,46.86,0,0,0
"10/28/2016",11.01,10.9929,48.7,0,0,0
"10/27/2016",11.21,11.2232,49.72,0,0,0
"10/26/2016",11.09,11.1014,49.18,0,0,0
"10/25/2016",11.24,11.2775,49.96,0,0,0
"10/24/2016",11.43,11.404,50.52,0,0,0
"10/21/2016",11.48,11.4787,50.85,0,0,0
"10/20/2016",11.43,11.4291,50.63,0,0,0
"10/19/2016",11.66,11.6978,51.82,0,0,0
"10/18/2016",11.45,11.427,50.62,0,0,0
"10/17/2016",11.37,11.3706,50.37,0,0,0
"10/14/2016",11.44,11.4566,50.75,0,0,0
"10/13/2016",11.49,11.4793,50.85,0,0,0
"10/12/2016",11.43,11.4319,50.64,0,0,1
"10/11/2016",11.58,11.5678,51.24,1,,
"10/5/2016",11.35,11.3666,49.83,0,1,0
"10/4/2016",11.09,11.1067,48.69,0,0,0
"10/3/2016",11.1,11.1341,48.81,0,0,0
"9/30/2016",10.93,11.0043,48.24,0,0,0
"9/29/2016",10.87,10.9108,47.83,0,0,0
"9/28/2016",10.65,10.7329,47.05,0,0,0
"9/27/2016",10.15,10.1901,44.67,0,0,0
"9/26/2016",10.43,10.4776,45.93,0,0,0
"9/23/2016",10.19,10.147,44.48,0,0,0
"9/22/2016",10.53,10.5668,46.32,0,0,0
"9/21/2016",10.4,10.3433,45.34,0,0,0
"9/20/2016",10.07,10.0491,44.05,0,0,0
"9/19/2016",9.98,10.0058,43.86,0,0,0
"9/16/2016",10,9.9513,43.62,0,0,0
"9/15/2016",10.14,10.1566,44.52,0,0,0
"9/14/2016",10.09,10.0723,44.15,0,0,0
"9/13/2016",10.37,10.3758,45.48,0,0,0
"9/12/2016",10.64,10.6861,46.84,0,0,1
"9/9/2016",10.59,10.6,46.46,1,,
"9/2/2016",10.24,10.2786,44.44,0,1,0
"9/1/2016",10.06,9.9826,43.16,0,0,0
"8/31/2016",10.36,10.3388,44.7,0,0,0
"8/30/2016",10.73,10.7205,46.35,0,0,0
"8/29/2016",10.85,10.8663,46.98,0,0,0
"8/26/2016",10.95,11.0191,47.64,0,0,0
"8/25/2016",10.95,10.9475,47.33,0,0,0
"8/24/2016",10.82,10.818,46.77,0,0,0
"8/23/2016",11.091,11.1258,48.1,0,0,0
"8/22/2016",10.97,10.9662,47.41,0,0,0
"8/19/2016",11.34,11.3597,49.11,0,0,0
"8/18/2016",11.3,11.3089,48.89,0,0,0
"8/17/2016",10.99,10.9921,47.52,0,0,0
"8/16/2016",10.92,10.9228,47.22,0,0,0
"8/15/2016",10.76,10.7331,46.4,0,0,0
"8/12/2016",10.5,10.4511,45.18,0,0,1
"8/11/2016",10.21,10.2318,44.23,1,,
"8/5/2016",9.86,9.8386,41.8,0,1,0
"8/4/2016",9.84,9.8693,41.93,0,0,0
"8/3/2016",9.69,9.6104,40.83,0,0,0
"8/2/2016",9.33,9.2998,39.51,0,0,0
"8/1/2016",9.41,9.4293,40.06,0,0,0
"7/29/2016",9.76,9.7918,41.6,0,0,0
"7/28/2016",9.67,9.6837,41.14,0,0,0
"7/27/2016",9.9,9.8674,41.92,0,0,0
"7/26/2016",10.08,10.1028,42.92,0,0,0
"7/25/2016",10.13,10.1523,43.13,0,0,0
"7/22/2016",10.42,10.402,44.19,0,0,0
"7/21/2016",10.49,10.5339,44.75,0,0,0
"7/20/2016",10.73,10.7694,45.75,0,0,0
"7/19/2016",10.7,10.6988,45.45,0,0,0
"7/18/2016",10.82,10.8143,45.94,0,0,0
"7/15/2016",10.99,10.9816,46.65,0,0,0
"7/14/2016",10.87,10.9275,46.42,0,0,0
"7/13/2016",10.75,10.6969,45.44,0,0,0
"7/12/2016",11.19,11.1984,47.57,0,0,1
"7/11/2016",10.65,10.7162,45.52,1,,
"7/5/2016",11.18,11.145,46.6,0,1,0
"7/1/2016",11.78,11.7169,48.99,0,0,0
"6/30/2016",11.57,11.5591,48.33,0,0,0
"6/29/2016",11.79,11.9299,49.88,0,0,0
"6/28/2016",11.47,11.4444,47.85,0,0,0
"6/27/2016",11.19,11.081,46.33,0,0,0
"6/24/2016",11.4,11.3945,47.64,0,0,0
"6/23/2016",11.98,11.9853,50.11,0,0,0
"6/22/2016",11.74,11.751,49.13,0,0,0
"6/21/2016",11.89,11.9233,49.85,0,0,0
"6/20/2016",11.91,11.9496,49.96,0,0,0
"6/17/2016",11.66,11.6149,48.56,0,0,0
"6/16/2016",11.14,11.1797,46.74,0,0,0
"6/15/2016",11.47,11.6008,48.5,0,0,0
"6/14/2016",11.73,11.7348,49.06,0,0,0
"6/13/2016",11.76,11.8448,49.52,0,0,1
"6/10/2016",11.87,11.8933,49.72,1,,
"6/3/2016",11.82,11.7751,48.62,0,1,0
"6/2/2016",11.86,11.9083,49.17,0,0,0
"6/1/2016",11.93,11.8696,49.01,0,0,0
"5/31/2016",11.87,11.8915,49.1,0,0,0
"5/27/2016",11.98,11.9475,49.33,0,0,0
"5/26/2016",11.95,11.9839,49.48,0,0,0
"5/25/2016",12.03,12.0034,49.56,0,0,0
"5/24/2016",11.82,11.7758,48.62,0,0,0
"5/23/2016",11.66,11.6451,48.08,0,0,0
"5/20/2016",11.75,11.7253,48.41,0,0,0
"5/19/2016",11.79,11.7883,48.67,0,0,0
"5/18/2016",11.7,11.815,48.78,0,0,0
"5/17/2016",11.92,11.8659,48.99,0,0,0
"5/16/2016",11.76,11.7279,48.42,0,0,0
"5/13/2016",11.37,11.36,46.9,0,0,0
"5/12/2016",11.45,11.4933,47.45,0,0,1
"5/11/2016",11.34,11.3872,47.01,1,,
"5/5/2016",10.9,10.9001,44.32,0,1,0
"5/4/2016",10.79,10.7673,43.78,0,0,0
"5/3/2016",10.74,10.7353,43.65,0,0,0
"5/2/2016",11.05,11.0133,44.78,0,0,0
"4/29/2016",11.3,11.2938,45.92,0,0,0
"4/28/2016",11.22,11.3211,46.03,0,0,0
"4/27/2016",11.14,11.1489,45.33,0,0,0
"4/26/2016",10.81,10.8318,44.04,0,0,0
"4/25/2016",10.55,10.4874,42.64,0,0,0
"4/22/2016",10.76,10.7558,43.73,0,0,0
"4/21/2016",10.72,10.6206,43.18,0,0,0
"4/20/2016",10.76,10.8667,44.18,0,0,0
"4/19/2016",10.44,10.4462,42.47,0,0,0
"4/18/2016",10.17,10.1314,41.19,0,0,0
"4/15/2016",10.25,10.2596,41.71,0,0,0
"4/14/2016",10.48,10.4958,42.67,0,0,0
"4/13/2016",10.51,10.5795,43.01,0,0,0
"4/12/2016",10.64,10.7001,43.5,0,0,1
"4/11/2016",10.28,10.2701,41.75,1,,
"4/5/2016",9.13,9.1216,35.89,0,1,0
"4/4/2016",9.08,9.0733,35.7,0,0,0
"4/1/2016",9.329,9.3505,36.79,0,0,0
"3/31/2016",9.7,9.7446,38.34,0,0,0
"3/30/2016",9.73,9.7395,38.32,0,0,0
"3/29/2016",9.8,9.7294,38.28,0,0,0
"3/28/2016",10.01,10.0116,39.39,0,0,0
"3/24/2016",10.06,10.0298,39.46,0,0,0
"3/23/2016",10.11,10.1137,39.79,0,0,0
"3/22/2016",10.54,10.5357,41.45,0,0,0
"3/21/2016",10.59,10.5536,41.52,0,0,0
"3/18/2016",10.48,10.4573,41.14,0,0,0
"3/17/2016",10.55,10.5895,41.66,0,0,0
"3/16/2016",10.18,10.1676,40,0,0,0
"3/15/2016",9.7,9.6797,38.08,0,0,0
"3/14/2016",9.88,9.8729,38.84,0,0,0
"3/11/2016",10.19,10.1909,40.09,0,0,1
"3/10/2016",10.04,10.0161,39.4,1,,
"3/4/2016",9.65,9.569,35.92,0,1,0
"3/3/2016",9.25,9.2094,34.57,0,0,0
"3/2/2016",9.3,9.2335,34.66,0,0,0
"3/1/2016",9.15,9.1644,34.4,0,0,0
"2/29/2016",9,8.9913,33.75,0,0,0
"2/26/2016",8.78,8.7331,32.78,0,0,0
"2/25/2016",8.8,8.8104,33.07,0,0,0
"2/24/2016",8.59,8.5654,32.15,0,0,0
"2/23/2016",8.48,8.4909,31.87,0,0,0
"2/22/2016",8.91,8.8959,33.39,0,0,0
"2/19/2016",8.55,8.4593,31.75,0,0,0
"2/18/2016",8.66,8.7737,32.93,0,0,0
"2/17/2016",8.78,8.7871,32.98,0,0,0
"2/16/2016",8.31,8.2516,30.97,0,0,0
"2/12/2016",8.33,8.5024,31.91,0,0,1
"2/11/2016",7.992,7.6823,28.83,1,,
"2/5/2016",8.91,8.8709,30.89,0,1,0
"2/4/2016",9.12,9.1094,31.72,0,0,0
"2/3/2016",9.34,9.2703,32.28,0,0,0
"2/2/2016",8.57,8.5811,29.88,0,0,0
"2/1/2016",9.02,9.0809,31.62,0,0,0
"1/29/2016",9.65,9.6554,33.62,0,0,0
"1/28/2016",9.7,9.5406,33.22,0,0,0
"1/27/2016",9.18,9.2765,32.3,0,0,0
"1/26/2016",8.97,9.0325,31.45,0,0,0
"1/25/2016",8.54,8.7138,30.34,0,0,0
"1/22/2016",9.27,9.2455,32.19,0,0,0
"1/21/2016",8.56,8.4816,29.53,0,0,0
"1/20/2016",8.24,8.1428,28.35,0,0,0
"1/19/2016",8.49,8.4933,29.57,0,0,0
"1/15/2016",8.79,8.7292,30.39,0,0,0
"1/14/2016",9.23,9.2234,32.11,0,0,0
"1/13/2016",9.09,9.0167,31.39,0,0,0
"1/12/2016",9.17,9.0541,31.52,0,0,1
"1/11/2016",9.25,9.342,32.52,1,,
"1/5/2016",10.66,10.7052,35.97,0,1,0
"1/4/2016",10.98,10.9404,36.76,0,0,0
"12/31/2015",11,11.0243,37.04,0,0,0
"12/30/2015",10.93,10.8934,36.6,0,0,0
"12/29/2015",11.26,11.2716,37.87,0,0,0
"12/28/2015",10.93,10.9562,36.81,0,0,0
"12/24/2015",11.3,11.3407,38.1,0,0,0
"12/23/2015",11.26,11.1623,37.5,0,0,0
"12/22/2015",10.77,10.7576,36.14,0,0,0
"12/21/2015",10.66,10.6594,35.81,0,0,0
"12/18/2015",10.66,10.7343,36.06,0,0,0
"12/17/2015",10.74,10.7969,36.27,0,0,0
"12/16/2015",10.99,10.9399,36.75,0,0,0
"12/15/2015",11.4,11.4641,38.51,0,0,0
"12/14/2015",11.16,11.1933,37.6,0,0,1
"12/11/2015",11.07,11.0895,37.25,1,,
"12/7/2015",11.72,11.691,37.65,0,1,0
"12/4/2015",12.46,12.4119,39.97,0,0,0
"12/3/2015",12.77,12.7568,41.08,0,0,0
"12/2/2015",12.48,12.4029,39.94,0,0,0
"12/1/2015",12.95,12.9963,41.85,0,0,0
"11/30/2015",12.93,12.9343,41.65,0,0,0
"11/27/2015",13.03,12.9535,41.71,0,0,0
"11/25/2015",13.39,13.3669,43.04,0,0,0
"11/24/2015",13.32,13.3143,42.87,0,0,0
"11/23/2015",13.02,12.9666,41.75,0,0,0
"11/20/2015",12.93,13.0137,41.9,0,0,0
"11/19/2015",12.96,12.958,41.72,0,0,0
"11/18/2015",13.05,13.0296,41.95,0,0,0
"11/17/2015",13.01,12.9553,41.71,0,0,0
"11/16/2015",13.39,13.2909,42.79,0,0,0
"11/13/2015",13.06,13.046,42,0,0,0
"11/12/2015",13.35,13.3661,43.03,0,0,1
"11/11/2015",13.76,13.7303,44.2,1,,
"11/6/2015",14.23,14.1478,44.29,0,1,0
"11/5/2015",14.48,14.4387,45.2,0,0,0
"11/4/2015",14.85,14.7967,46.32,0,0,0
"11/3/2015",15.28,15.3016,47.9,0,0,0
"11/2/2015",14.75,14.7396,46.14,0,0,0
"10/30/2015",14.81,14.8838,46.59,0,0,0
"10/29/2015",14.63,14.7149,46.06,0,0,0
"10/28/2015",14.69,14.6768,45.94,0,0,0
"10/27/2015",13.82,13.8016,43.2,0,0,0
"10/26/2015",14.01,14.0509,43.98,0,0,0
"10/23/2015",14.27,14.2496,44.6,0,0,0
"10/22/2015",14.51,14.499,45.38,0,0,0
"10/21/2015",14.43,14.4418,45.2,0,0,0
"10/20/2015",14.73,14.7902,46.29,0,0,0
"10/19/2015",14.83,14.7873,46.28,0,0,0
"10/16/2015",15.22,15.248,47.72,0,0,0
"10/15/2015",15.13,14.9766,46.87,0,0,0
"10/14/2015",15.05,15.0695,47.16,0,0,0
"10/13/2015",15.06,15.0665,47.15,0,0,1
"10/12/2015",15.31,15.2138,47.61,1,,
"10/6/2015",15.74,15.6826,48.53,0,1,0
"10/5/2015",15,14.9493,46.26,0,0,0
"10/2/2015",14.77,14.7172,45.54,0,0,0
"10/1/2015",14.58,14.4589,44.74,0,0,0
"9/30/2015",14.68,14.5723,45.09,0,0,0
"9/29/2015",14.61,14.6178,45.23,0,0,0
"9/28/2015",14.38,14.3594,44.43,0,0,0
"9/25/2015",14.72,14.7705,45.7,0,0,0
"9/24/2015",14.59,14.5154,44.91,0,0,0
"9/23/2015",14.44,14.3766,44.48,0,0,0
"9/22/2015",14.92,14.9844,46.36,0,0,0
"9/21/2015",15.05,15.1786,46.96,0,0,0
"9/18/2015",14.62,14.552,45.02,0,0,0
"9/17/2015",15.23,15.2569,47.2,0,0,0
"9/16/2015",15.36,15.3573,47.51,0,0,0
"9/15/2015",14.57,14.5461,45,0,0,1
"9/14/2015",14.39,14.362,44.43,1,,
"9/8/2015",15.02,15.0468,45.94,0,1,0
"9/4/2015",15.08,15.0835,46.05,0,0,0
"9/3/2015",15.34,15.313,46.75,0,0,0
"9/2/2015",15.09,15.1495,46.25,0,0,0
"9/1/2015",14.81,14.8746,45.41,0,0,0
"8/31/2015",15.89,16.1163,49.2,0,0,0
"8/28/2015",14.88,14.8131,45.22,0,0,0
"8/27/2015",13.95,13.942,42.56,0,0,0
"8/26/2015",12.77,12.6449,38.6,0,0,0
"8/25/2015",12.73,12.8777,39.31,0,0,0
"8/24/2015",12.49,12.5273,38.24,0,0,0
"8/21/2015",13.23,13.2519,40.45,0,0,0
"8/20/2015",13.37,13.537,41.32,0,0,0
"8/19/2015",13.43,13.5209,41.27,0,0,0
"8/18/2015",14.05,14.1271,43.12,0,0,0
"8/17/2015",13.89,13.8947,42.41,0,0,0
"8/14/2015",13.99,14.1246,43.11,0,0,0
"8/13/2015",14.09,14.0822,42.98,0,0,1
"8/12/2015",14.44,14.4198,44.01,1,,
"8/6/2015",14.87,14.8361,44.66,0,1,0
"8/5/2015",15.03,14.9991,45.15,0,0,0
"8/4/2015",15.22,15.1954,45.74,0,0,0
"8/3/2015",15.1,15.0061,45.17,0,0,0
"7/31/2015",15.59,15.6546,47.12,0,0,0
"7/30/2015",16.1,16.1199,48.52,0,0,0
"7/29/2015",16.24,16.2099,48.79,0,0,0
"7/28/2015",15.85,15.9411,47.98,0,0,0
"7/27/2015",15.65,15.7453,47.39,0,0,0
"7/24/2015",16.03,15.9951,48.14,0,0,0
"7/23/2015",16.14,16.0983,48.45,0,0,0
"7/22/2015",16.34,16.3444,49.19,0,0,0
"7/21/2015",16.91,16.8996,50.86,0,0,0
"7/20/2015",16.69,16.7602,50.44,0,0,0
"7/17/2015",16.99,17.0168,51.21,0,0,0
"7/16/2015",17.05,17.0269,51.24,0,0,0
"7/15/2015",17.23,17.2099,51.79,0,0,0
"7/14/2015",17.72,17.7718,53.48,0,0,1
"7/13/2015",17.51,17.5161,52.71,1,,
"7/7/2015",17.76,17.5386,52.33,0,1,0
"7/6/2015",17.73,17.6059,52.53,0,0,0
"7/2/2015",18.93,19.0816,56.93,0,0,0
"7/1/2015",19.1,19.0919,56.96,0,0,0
"6/30/2015",19.88,19.9335,59.47,0,0,0
"6/29/2015",19.51,19.5518,58.33,0,0,0
"6/26/2015",19.98,19.9883,59.63,0,0,0
"6/25/2015",19.98,20.0121,59.7,0,0,0
"6/24/2015",20.21,20.2034,60.27,0,0,0
"6/23/2015",20.47,20.4518,61.01,0,0,0
"6/22/2015",20.16,20.2408,60.38,0,0,0
"6/19/2015",20.02,20.1041,59.97,0,0,0
"6/18/2015",20.36,20.3894,60.82,0,0,0
"6/17/2015",20.21,20.2254,60.33,0,0,0
"6/16/2015",20.26,20.2659,60.45,0,0,0
"6/15/2015",20.15,20.1154,60,0,0,1
"6/12/2015",20.27,20.2503,60.4,1,,
"6/8/2015",19.71,19.6403,58.14,0,1,0
"6/5/2015",19.9,19.9755,59.13,0,0,0
"6/4/2015",19.66,19.594,58,0,0,0
"6/3/2015",20.17,20.1483,59.64,0,0,0
"6/2/2015",20.68,20.6959,61.26,0,0,0
"6/1/2015",20.36,20.3381,60.2,0,0,0
"5/29/2015",20.31,20.3722,60.3,0,0,0
"5/28/2015",19.56,19.4878,57.68,0,0,0
"5/27/2015",19.48,19.4306,57.51,0,0,0
"5/26/2015",19.69,19.6065,58.03,0,0,0
"5/22/2015",20.25,20.1787,59.72,0,0,0
"5/21/2015",20.5,20.5169,60.72,0,0,0
"5/20/2015",19.84,19.9293,58.98,0,0,0
"5/19/2015",19.63,19.595,57.99,0,0,0
"5/18/2015",20.44,20.3556,60.24,0,0,0
"5/15/2015",20.52,20.4577,60.54,0,0,0
"5/14/2015",20.53,20.5594,60.84,0,0,0
"5/13/2015",20.61,20.7793,61.49,0,0,0
"5/12/2015",20.74,20.8641,61.74,0,0,1
"5/11/2015",20.38,20.3743,60.29,1,,
"5/5/2015",20.76,20.7653,60.4,0,1,0
"5/4/2015",20.28,20.2601,58.93,0,0,0
"5/1/2015",20.4,20.3366,59.15,0,0,0
"4/30/2015",20.51,20.5019,59.63,0,0,0
"4/29/2015",20.12,20.1412,58.58,0,0,0
"4/28/2015",19.6,19.6188,57.06,0,0,0
"4/27/2015",19.52,19.595,56.99,0,0,0
"4/24/2015",19.67,19.6508,57.15,0,0,0
"4/23/2015",19.76,19.8539,57.74,0,0,0
"4/22/2015",19.36,19.3109,56.16,0,0,0
"4/21/2015",19.45,19.4659,56.61,0,0,0
"4/20/2015",19.89,19.9029,57.88,0,0,0
"4/17/2015",19.84,19.7111,57.32,0,0,0
"4/16/2015",19.94,19.9831,58.11,0,0,0
"4/15/2015",19.71,19.8389,57.69,0,0,0
"4/14/2015",18.82,18.8694,54.87,0,0,1
"4/13/2015",18.5,18.4809,53.74,1,,
"4/7/2015",19.06,19.1314,53.98,0,1,0
"4/6/2015",18.43,18.4795,52.14,0,0,0
"4/2/2015",17.56,17.4172,49.14,0,0,0
"4/1/2015",17.58,17.7541,50.09,0,0,0
"3/31/2015",16.84,16.8718,47.6,0,0,0
"3/30/2015",17.23,17.2548,48.68,0,0,0
"3/27/2015",17.14,17.323,48.87,0,0,0
"3/26/2015",18.21,18.2308,51.43,0,0,0
"3/25/2015",17.36,17.4441,49.21,0,0,0
"3/24/2015",16.79,16.8418,47.51,0,0,0
"3/23/2015",16.78,16.8207,47.45,0,0,0
"3/20/2015",16.43,16.5094,46.57,0,0,0
"3/19/2015",16.08,16.1409,45.53,0,0,0
"3/18/2015",16.76,16.5383,46.65,0,0,0
"3/17/2015",15.96,16.0209,45.19,0,0,0
"3/16/2015",16.35,16.3544,46.13,0,0,0
"3/13/2015",16.8,16.6848,47.06,0,0,1
"3/12/2015",17.44,17.419,49.13,1,,
"3/6/2015",18.24,18.2348,49.61,0,1,0
"3/5/2015",18.71,18.6578,50.76,0,0,0
"3/4/2015",19.01,18.941,51.53,0,0,0
"3/3/2015",18.49,18.57,50.52,0,0,0
"3/2/2015",18.32,18.2284,49.59,0,0,0
"2/27/2015",18.1,18.2913,49.76,0,0,0
"2/26/2015",18.03,17.7073,48.17,0,0,0
"2/25/2015",18.65,18.7442,50.99,0,0,0
"2/24/2015",18.04,18.1159,49.28,0,0,0
"2/23/2015",18.11,18.1786,49.45,0,0,0
"2/20/2015",18.65,18.6793,50.81,0,0,0
"2/19/2015",19.1,19.0546,51.83,0,0,0
"2/18/2015",19.26,19.4188,52.82,0,0,0
"2/17/2015",19.79,19.9595,54.29,0,0,0
"2/13/2015",19.62,19.7326,53.67,0,0,1
"2/12/2015",19.18,19.1777,52.16,1,,
"2/6/2015",19.47,19.3339,51.69,0,1,0
"2/5/2015",19.03,18.8816,50.48,0,0,0
"2/4/2015",18.28,18.1225,48.45,0,0,0
"2/3/2015",19.62,19.8434,53.05,0,0,0
"2/2/2015",18.62,18.5419,49.57,0,0,0
"1/30/2015",17.82,18.0449,48.24,0,0,0
"1/29/2015",16.68,16.6576,44.53,0,0,0
"1/28/2015",16.56,16.6279,44.45,0,0,0
"1/27/2015",17.21,17.2941,46.23,0,0,0
"1/26/2015",16.87,16.8903,45.15,0,0,0
"1/23/2015",17,17.0558,45.59,0,0,0
"1/22/2015",17.41,17.3254,46.31,0,0,0
"1/21/2015",17.77,17.8756,47.78,0,0,0
"1/20/2015",17.48,17.3858,46.47,0,0,0
"1/16/2015",18.33,18.3821,49.13,0,0,0
"1/15/2015",17.45,17.4845,46.73,0,0,0
"1/14/2015",18.27,18.3191,48.96,0,0,0
"1/13/2015",17.62,17.4027,46.51,0,0,1
"1/12/2015",17.41,17.4964,46.76,1,,
"1/6/2015",18.05,18.1309,47.93,0,1,0
"1/5/2015",18.79,18.9294,50.04,0,0,0
"1/2/2015",19.89,19.9327,52.69,0,0,0
"12/31/2014",20.36,20.1527,53.27,0,0,0
"12/30/2014",20.293,20.4745,54.12,0,0,0
"12/29/2014",20.3,20.2818,53.61,0,0,0
"12/26/2014",20.78,20.7066,54.73,0,0,0
"12/24/2014",21.05,21.1273,55.84,0,0,0
"12/23/2014",21.56,21.6118,57.12,0,0,0
"12/22/2014",20.92,20.9084,55.26,0,0,0
"12/19/2014",21.96,21.6168,57.13,0,0,0
"12/18/2014",20.74,20.5689,54.36,0,0,0
"12/17/2014",21.34,21.489,56.79,0,0,0
"12/16/2014",21.3,21.2888,56.26,0,0,0
"12/15/2014",21.06,21.2891,56.26,0,0,0
"12/12/2014",21.93,21.9786,58.08,0,0,1
"12/11/2014",22.68,22.7774,60.19,1,,
"12/5/2014",24.96,24.9853,65.84,0,1,0
"12/4/2014",25.34,25.3538,66.81,0,0,0
"12/3/2014",25.58,25.5705,67.38,0,0,0
"12/2/2014",25.58,25.3811,66.88,0,0,0
"12/1/2014",26.315,26.1859,69,0,0,0
"11/28/2014",25.58,25.1046,66.15,0,0,0
"11/26/2014",27.9,27.9679,73.69,0,0,0
"11/25/2014",28.03,28.1202,74.09,0,0,0
"11/24/2014",28.74,28.762,75.78,0,0,0
"11/21/2014",29.1,29.0403,76.51,0,0,0
"11/20/2014",28.73,28.7902,75.85,0,0,0
"11/19/2014",28.25,28.2783,74.5,0,0,0
"11/18/2014",28.2,28.3318,74.64,0,0,0
"11/17/2014",28.679,28.7193,75.66,0,0,0
"11/14/2014",28.83,28.7818,75.82,0,0,0
"11/13/2014",28.29,28.152,74.16,0,0,1
"11/12/2014",29.14,29.2874,77.15,1,,
"11/6/2014",29.6,29.5636,77.91,0,1,0
"11/5/2014",29.95,29.8561,78.68,0,0,0
"11/4/2014",29.3,29.2911,77.19,0,0,0
"11/3/2014",29.76,29.8948,78.78,0,0,0
"10/31/2014",30.63,30.5638,80.54,0,0,0
"10/30/2014",30.76,30.7844,81.12,0,0,0
"10/29/2014",31.23,31.1948,82.2,0,0,0
"10/28/2014",30.82,30.8991,81.42,0,0,0
"10/27/2014",30.64,30.7402,81,0,0,0
"10/24/2014",30.88,30.7453,81.01,0,0,0
"10/23/2014",31.06,31.1555,82.09,0,0,0
"10/22/2014",30.55,30.5601,80.52,0,0,0
"10/21/2014",31.3,31.3083,82.49,0,0,0
"10/20/2014",31.14,31.0886,81.91,0,0,0
"10/17/2014",31.25,31.1467,82.06,0,0,0
"10/16/2014",31.1,31.1054,81.95,0,0,0
"10/15/2014",30.67,30.7226,80.94,0,0,0
"10/14/2014",30.85,30.8216,81.2,0,0,1
"10/13/2014",31.99,32.2568,84.98,1,,
"10/7/2014",33.44,33.4383,88.85,0,1,0
"10/6/2014",34.04,33.9995,90.34,0,0,0
"10/3/2014",33.77,33.7751,89.74,0,0,0
"10/2/2014",34.37,34.2534,91.01,0,0,0
"10/1/2014",34.15,34.1485,90.73,0,0,0
"9/30/2014",34.41,34.3108,91.16,0,0,0
"9/29/2014",35.52,35.5947,94.57,0,0,0
"9/26/2014",35.16,35.2084,93.54,0,0,0
"9/25/2014",34.83,34.8287,92.53,0,0,0
"9/24/2014",35,34.9307,92.8,0,0,0
"9/23/2014",34.44,34.4644,91.56,0,0,0
"9/22/2014",34.19,34.2051,90.87,0,0,0
"9/19/2014",34.57,34.5001,91.65,0,0,0
"9/18/2014",34.62,34.6248,91.98,0,0,0
"9/17/2014",35.01,35.0845,93.2,0,0,0
"9/16/2014",35.25,35.3148,93.81,0,0,0
"9/15/2014",34.56,34.63,91.99,0,0,1
"9/12/2014",34.38,34.3981,91.37,1,,
"9/8/2014",34.7,34.5794,92.66,0,1,0
"9/5/2014",34.9,34.8158,93.29,0,0,0
"9/4/2014",35.3,35.2493,94.45,0,0,0
"9/3/2014",35.55,35.6566,95.54,0,0,0
"9/2/2014",34.79,34.6644,92.88,0,0,0
"8/29/2014",35.76,35.8149,95.96,0,0,0
"8/28/2014",35.32,35.2903,94.55,0,0,0
"8/27/2014",35.03,35.0407,93.88,0,0,0
"8/26/2014",35.04,35.0337,93.86,0,0,0
"8/25/2014",34.87,34.8438,93.35,0,0,0
"8/22/2014",34.96,34.9574,93.65,0,0,0
"8/21/2014",35.09,35.0736,93.96,0,0,0
"8/20/2014",34.86,34.8838,93.45,0,0,0
"8/19/2014",34.71,34.6639,92.86,0,0,0
"8/18/2014",35.06,34.9968,93.75,0,0,0
"8/15/2014",35.44,35.5844,95.32,0,0,0
"8/14/2014",35.11,35.122,94.08,0,0,0
"8/13/2014",36.02,36.1159,96.74,0,0,1
"8/12/2014",35.99,36.0194,96.48,1,,
"8/6/2014",35.95,35.9101,96.92,0,1,0
"8/5/2014",36.16,36.081,97.38,0,0,0
"8/4/2014",36.48,36.4188,98.29,0,0,0
"8/1/2014",36.19,36.2684,97.88,0,0,0
"7/31/2014",36.315,36.3764,98.17,0,0,0
"7/30/2014",36.92,37.1551,100.27,0,0,0
"7/29/2014",37.39,37.4149,100.97,0,0,0
"7/28/2014",37.64,37.6749,101.67,0,0,0
"7/25/2014",37.77,37.8325,102.09,0,0,0
"7/24/2014",37.82,37.8258,102.07,0,0,0
"7/23/2014",38.16,38.2155,103.12,0,0,0
"7/22/2014",37.95,37.9456,102.39,0,0,0
"7/21/2014",38.1,38.1204,102.86,0,0,0
"7/18/2014",37.72,37.785,101.95,0,0,0
"7/17/2014",37.83,37.8784,102.2,0,0,0
"7/16/2014",37.31,37.2859,100.6,0,0,0
"7/15/2014",36.88,36.8898,99.53,0,0,1
"7/14/2014",37.32,37.2425,100.48,1,,
"7/8/2014",38.18,38.1239,103.4,0,1,0
"7/7/2014",38.17,38.1726,103.53,0,0,0
"7/3/2014",38.25,38.3704,104.06,0,0,0
"7/2/2014",38.4,38.5259,104.48,0,0,0
"7/1/2014",38.86,38.8436,105.34,0,0,0
"6/30/2014",38.88,38.8553,105.37,0,0,0
"6/27/2014",38.98,38.9935,105.74,0,0,0
"6/26/2014",38.97,39.031,105.84,0,0,0
"6/25/2014",39.29,39.275,106.5,0,0,0
"6/24/2014",39.09,39.1023,106.03,0,0,0
"6/23/2014",39.16,39.1551,106.17,0,0,0
"6/20/2014",39.32,39.4003,106.83,0,0,0
"6/19/2014",39.13,39.1133,106.05,0,0,0
"6/18/2014",39.01,38.9443,105.59,0,0,0
"6/17/2014",38.99,39.0481,105.87,0,0,0
"6/16/2014",39.17,39.2073,106.3,0,0,0
"6/13/2014",39.12,39.1613,106.17,0,0,1
"6/12/2014",39.08,39.0181,105.78,1,,
"6/6/2014",37.61,37.5838,102.66,0,1,0
"6/5/2014",37.55,37.5186,102.48,0,0,0
"6/4/2014",37.51,37.5779,102.64,0,0,0
"6/3/2014",37.64,37.5859,102.66,0,0,0
"6/2/2014",37.53,37.517,102.47,0,0,0
"5/30/2014",37.68,37.6064,102.71,0,0,0
"5/29/2014",37.91,37.9264,103.58,0,0,0
"5/28/2014",37.68,37.6121,102.72,0,0,0
"5/27/2014",38.14,38.1218,104.11,0,0,0
"5/23/2014",38.18,38.2126,104.35,0,0,0
"5/22/2014",38.01,37.9899,103.74,0,0,0
"5/21/2014",37.98,38.1114,104.07,0,0,0
"5/20/2014",37.52,37.4749,102.33,0,0,0
"5/19/2014",37.38,37.3951,102.11,0,0,0
"5/16/2014",37.23,37.2028,101.58,0,0,0
"5/15/2014",37.04,37.0386,101.13,0,0,0
"5/14/2014",37.18,37.2628,101.74,0,0,0
"5/13/2014",37.04,37.0106,101.05,0,0,1
"5/12/2014",36.59,36.6047,99.94,1,,
"5/6/2014",36.19,36.1711,99.5,0,1,0
"5/5/2014",36.14,36.1644,99.48,0,0,0
"5/2/2014",36.29,36.2679,99.76,0,0,0
"5/1/2014",36.16,36.1448,99.42,0,0,0
"4/30/2014",36.32,36.2618,99.74,0,0,0
"4/29/2014",36.72,36.8223,101.28,0,0,0
"4/28/2014",36.71,36.6629,100.84,0,0,0
"4/25/2014",36.6,36.5774,100.6,0,0,0
"4/24/2014",37.05,37.0653,101.94,0,0,0
"4/23/2014",36.91,36.8842,101.44,0,0,0
"4/22/2014",37,36.9974,101.75,0,0,0
"4/21/2014",37.64,37.6889,103.65,0,0,0
"4/17/2014",37.66,37.5896,103.37,0,0,0
"4/16/2014",37.48,37.4667,103.03,0,0,0
"4/15/2014",37.39,37.4564,103,0,0,1
"4/14/2014",37.38,37.5334,103.21,1,,
"4/8/2014",36.9,36.9569,102.56,0,1,0
"4/7/2014",36.28,36.1935,100.44,0,0,0
"4/4/2014",36.43,36.4476,101.14,0,0,0
"4/3/2014",36.14,36.1419,100.29,0,0,0
"4/2/2014",35.8,35.901,99.62,0,0,0
"4/1/2014",35.83,35.9448,99.74,0,0,0
"3/31/2014",36.59,36.6086,101.58,0,0,0
"3/28/2014",36.62,36.6428,101.67,0,0,0
"3/27/2014",36.5,36.5028,101.28,0,0,0
"3/26/2014",36.09,36.1357,100.26,0,0,0
"3/25/2014",35.77,35.7505,99.19,0,0,0
"3/24/2014",35.82,35.8988,99.6,0,0,0
"3/21/2014",35.84,35.8502,99.46,0,0,0
"3/20/2014",35.58,35.6491,98.9,0,0,0
"3/19/2014",35.71,35.7471,99.17,0,0,0
"3/18/2014",35.58,35.6433,98.88,0,0,0
"3/17/2014",35.15,35.1898,97.62,0,0,0
"3/14/2014",35.53,35.5306,98.56,0,0,0
"3/13/2014",35.34,35.3078,97.94,0,0,1
"3/12/2014",35.35,35.2148,97.68,1,,
"3/6/2014",36.57,36.4298,101.56,0,1,0
"3/5/2014",36.24,36.3909,101.45,0,0,0
"3/4/2014",37.06,37.0659,103.33,0,0,0
"3/3/2014",37.52,37.6368,104.92,0,0,0
"2/28/2014",36.74,36.8027,102.59,0,0,0
"2/27/2014",36.69,36.735,102.4,0,0,0
"2/26/2014",36.75,36.8036,102.59,0,0,0
"2/25/2014",36.59,36.5315,101.83,0,0,0
"2/24/2014",36.79,36.8871,102.82,0,0,0
"2/21/2014",36.69,36.6661,102.2,0,0,0
"2/20/2014",36.88,36.8639,102.75,0,0,0
"2/19/2014",36.9,36.8966,102.84,0,0,0
"2/18/2014",36.66,36.6318,102.1,0,0,0
"2/14/2014",35.91,35.9271,100.13,0,0,0
"2/13/2014",35.87,35.8991,100.05,0,0,1
"2/12/2014",35.8,35.853,99.92,1,,
"2/6/2014",34.9,34.9223,97.84,0,1,0
"2/5/2014",34.71,34.7586,97.38,0,0,0
"2/4/2014",34.74,34.6913,97.19,0,0,0
"2/3/2014",34.52,34.4208,96.43,0,0,0
"1/31/2014",34.8,34.8009,97.49,0,0,0
"1/30/2014",34.95,35.0656,98.23,0,0,0
"1/29/2014",34.73,34.7556,97.36,0,0,0
"1/28/2014",34.69,34.7741,97.41,0,0,0
"1/27/2014",34.23,34.1713,95.72,0,0,0
"1/24/2014",34.58,34.5016,96.64,0,0,0
"1/23/2014",34.72,34.745,97.32,0,0,0
"1/22/2014",34.56,34.5354,96.73,0,0,0
"1/21/2014",33.99,33.9075,94.97,0,0,0
"1/17/2014",33.69,33.7739,94.59,0,0,0
"1/16/2014",33.65,33.5994,94.1,0,0,0
"1/15/2014",33.77,33.6891,94.35,0,0,0
"1/14/2014",33.04,33.1291,92.78,0,0,1
"1/13/2014",32.81,32.8547,92.01,1,,
"1/7/2014",33.58,33.528,93.67,0,1,0
"1/6/2014",33.57,33.4426,93.43,0,0,0
"1/3/2014",33.75,33.6337,93.96,0,0,0
"1/2/2014",34.23,34.164,95.44,0,0,0
"12/31/2013",35.32,35.2318,98.42,0,0,0
"12/30/2013",35.53,35.5436,99.29,0,0,0
"12/27/2013",35.84,35.9139,100.32,0,0,0
"12/26/2013",35.65,35.6387,99.55,0,0,0
"12/24/2013",35.49,35.5216,99.22,0,0,0
"12/23/2013",35.36,35.4109,98.91,0,0,0
"12/20/2013",35.48,35.5595,99.32,0,0,0
"12/19/2013",35.32,35.4599,99.04,0,0,0
"12/18/2013",35.03,35.1096,98.06,0,0,0
"12/17/2013",34.87,34.8988,97.47,0,0,0
"12/16/2013",34.94,35.0067,97.77,0,0,0
"12/13/2013",34.64,34.7074,96.93,0,0,0
"12/12/2013",34.97,35.0268,97.82,0,0,1
"12/11/2013",34.98,34.9915,97.72,1,,
"12/5/2013",34.93,34.9516,97.38,0,1,0
"12/4/2013",34.88,34.8877,97.2,0,0,0
"12/3/2013",34.51,34.4719,96.04,0,0,0
"12/2/2013",33.68,33.6757,93.82,0,0,0
"11/29/2013",33.46,33.2819,92.72,0,0,0
"11/27/2013",33.19,33.1325,92.3,0,0,0
"11/26/2013",33.69,33.6284,93.68,0,0,0
"11/25/2013",33.82,33.776,94.09,0,0,0
"11/22/2013",34.04,34.0468,94.84,0,0,0
"11/21/2013",34.17,34.2628,95.44,0,0,0
"11/20/2013",33.63,33.6924,93.85,0,0,0
"11/19/2013",33.72,33.7073,93.89,0,0,0
"11/18/2013",33.62,33.6326,93.68,0,0,0
"11/15/2013",33.88,33.9249,94.49,0,0,0
"11/14/2013",33.93,33.8968,94.41,0,0,0
"11/13/2013",33.9,33.9261,94.49,0,0,1
"11/12/2013",33.64,33.5783,93.52,1,,
"11/6/2013",34.189,34.1648,94.8,0,1,0
"11/5/2013",33.67,33.6501,93.37,0,0,0
"11/4/2013",34.04,34.1011,94.62,0,0,0
"11/1/2013",34.129,34.099,94.61,0,0,0
"10/31/2013",34.69,34.7374,96.38,0,0,0
"10/30/2013",34.85,34.8784,96.77,0,0,0
"10/29/2013",35.41,35.3945,98.2,0,0,0
"10/28/2013",35.55,35.568,98.68,0,0,0
"10/25/2013",35.32,35.2704,97.85,0,0,0
"10/24/2013",34.99,35.0044,97.11,0,0,0
"10/23/2013",34.95,34.9149,96.86,0,0,0
"10/22/2013",35.41,35.4346,98.3,0,0,0
"10/21/2013",35.94,35.9326,99.68,0,0,0
"10/18/2013",36.45,36.4498,101.11,0,0,0
"10/17/2013",36.38,36.3638,100.87,0,0,0
"10/16/2013",36.92,36.9484,102.49,0,0,0
"10/15/2013",36.47,36.5596,101.41,0,0,1
"10/14/2013",36.87,36.9461,102.48,1,,
"10/8/2013",37.31,37.2762,103.49,0,1,0
"10/7/2013",37.14,37.1111,103.03,0,0,0
"10/4/2013",37.31,37.4048,103.84,0,0,0
"10/3/2013",37.14,37.2146,103.31,0,0,0
"10/2/2013",37.42,37.4998,104.1,0,0,0
"10/1/2013",36.68,36.7581,102.04,0,0,0
"9/30/2013",36.85,36.8633,102.33,0,0,0
"9/27/2013",36.96,37.0598,102.87,0,0,0
"9/26/2013",37.08,37.118,103.03,0,0,0
"9/25/2013",36.88,36.9853,102.66,0,0,0
"9/24/2013",37.22,37.1553,103.13,0,0,0
"9/23/2013",37.27,37.3218,103.59,0,0,0
"9/20/2013",37.77,37.7416,104.75,0,0,0
"9/19/2013",38.08,38.1422,105.86,0,0,0
"9/18/2013",38.68,38.6544,107.28,0,0,0
"9/17/2013",37.74,37.7686,104.82,0,0,0
"9/16/2013",38.11,38.2629,106.19,0,0,0
"9/13/2013",38.85,38.7514,107.54,0,0,1
"9/12/2013",38.865,38.8277,107.75,1,,
"9/6/2013",39.36,39.4811,110.53,0,1,0
"9/5/2013",38.69,38.7101,108.37,0,0,0
"9/4/2013",38.34,38.3035,107.23,0,0,0
"9/3/2013",38.76,38.7721,108.54,0,0,0
"8/30/2013",38.48,38.4559,107.65,0,0,0
"8/29/2013",38.58,38.8682,108.8,0,0,0
"8/28/2013",39.08,39.3332,110.1,0,0,0
"8/27/2013",38.87,38.9444,109.01,0,0,0
"8/26/2013",37.96,37.8411,105.92,0,0,0
"8/23/2013",37.95,38.0217,106.42,0,0,0
"8/22/2013",37.54,37.5256,105.03,0,0,0
"8/21/2013",37.17,37.1046,103.85,0,0,0
"8/20/2013",37.52,37.5554,105.11,0,0,0
"8/19/2013",38.17,38.1813,106.86,0,0,0
"8/16/2013",38.4,38.337,107.29,0,0,0
"8/15/2013",38.24,38.3019,107.19,0,0,0
"8/14/2013",38.09,38.0774,106.56,0,0,0
"8/13/2013",37.9,38.0209,106.4,0,0,1
"8/12/2013",37.76,37.707,105.52,1,,
"8/6/2013",37.46,37.4249,105.3,0,1,0
"8/5/2013",37.83,37.8734,106.56,0,0,0
"8/2/2013",37.94,38.0107,106.94,0,0,0
"8/1/2013",38.27,38.3491,107.89,0,0,0
"7/31/2013",37.36,37.3333,105.03,0,0,0
"7/30/2013",36.67,36.6407,103.08,0,0,0
"7/29/2013",37.13,37.1639,104.55,0,0,0
"7/26/2013",37.21,37.2191,104.7,0,0,0
"7/25/2013",37.58,37.5007,105.49,0,0,0
"7/24/2013",37.4,37.4657,105.39,0,0,0
"7/23/2013",38.09,38.1205,107.23,0,0,0
"7/22/2013",37.92,38.0181,106.94,0,0,0
"7/19/2013",38.45,38.3511,107.87,0,0,0
"7/18/2013",38.34,38.3304,107.81,0,0,0
"7/17/2013",37.8,37.8119,106.35,0,0,0
"7/16/2013",37.48,37.5779,105.69,0,0,0
"7/15/2013",37.67,37.6606,105.92,0,0,1
