Date,Close,Open,Low,High
22-Jul-2021,58.007,57.663,57.208,58.245
21-Jul-2021,58.071,57.705,57.346,58.118
20-Jul-2021,57.583,56.813,56.798,58.034
19-Jul-2021,56.358,57.811,56.235,57.982
16-Jul-2021,57.247,56.738,56.592,57.735
15-Jul-2021,56.671,56.443,56.222,56.809
14-Jul-2021,56.464,55.266,55.208,56.574
13-Jul-2021,55.330,55.233,54.908,55.745
12-Jul-2021,55.197,54.255,54.123,55.328
09-Jul-2021,54.205,54.138,53.684,54.311
08-Jul-2021,54.160,54.430,53.935,54.748
07-Jul-2021,54.480,54.780,53.805,55.185
06-Jul-2021,54.332,57.264,54.209,57.365
02-Jul-2021,57.222,57.726,56.841,58.181
01-Jul-2021,57.500,57.695,57.450,59.116
30-Jun-2021,57.816,55.412,54.438,57.927
29-Jun-2021,55.428,55.291,55.050,56.167
28-Jun-2021,55.484,53.939,53.861,55.591
25-Jun-2021,53.768,54.603,53.536,55.016
24-Jun-2021,54.503,54.355,53.392,54.731
23-Jun-2021,54.715,54.502,54.226,55.021
22-Jun-2021,54.344,55.110,54.244,55.403
21-Jun-2021,55.188,54.301,53.603,55.489
18-Jun-2021,54.903,53.703,53.202,55.233
17-Jun-2021,53.007,55.715,52.869,55.826
16-Jun-2021,55.970,56.786,55.943,56.891
15-Jun-2021,56.588,56.998,56.177,57.194
14-Jun-2021,57.345,57.784,56.588,57.886
11-Jun-2021,59.016,59.836,58.388,59.902
10-Jun-2021,59.846,59.565,59.366,60.296
09-Jun-2021,59.653,59.588,58.926,59.805
08-Jun-2021,59.679,59.526,59.421,60.452
07-Jun-2021,59.230,60.716,59.180,60.916
04-Jun-2021,59.939,58.505,58.501,60.051
03-Jun-2021,58.522,59.976,58.238,60.020
02-Jun-2021,59.394,59.305,58.839,59.970
01-Jun-2021,59.332,58.516,58.252,60.109
28-May-2021,57.926,58.089,57.805,58.404
27-May-2021,57.997,56.341,56.137,58.032
26-May-2021,56.369,56.449,55.559,56.777
25-May-2021,56.485,57.493,56.149,57.695
24-May-2021,57.224,56.994,56.666,57.324
21-May-2021,57.433,57.594,57.117,57.766
20-May-2021,57.757,58.116,57.505,58.376
19-May-2021,57.872,58.740,57.201,58.745
18-May-2021,58.878,59.075,58.662,59.608
17-May-2021,58.605,58.135,57.944,58.943
14-May-2021,58.361,59.287,58.329,59.768
13-May-2021,58.882,60.630,58.665,61.041
12-May-2021,61.174,61.809,61.012,62.074
11-May-2021,61.275,60.037,60.005,61.749
10-May-2021,60.349,61.220,60.151,61.275
07-May-2021,61.408,61.248,60.495,61.600
06-May-2021,60.793,60.285,59.982,60.818
05-May-2021,59.884,58.959,58.749,60.019
04-May-2021,58.918,58.261,58.144,59.411
03-May-2021,58.130,59.304,57.947,59.501
30-Apr-2021,58.475,57.482,56.964,58.505
29-Apr-2021,57.355,57.904,57.081,58.203
28-Apr-2021,57.720,57.507,56.909,58.931
27-Apr-2021,58.381,58.304,57.891,59.823
26-Apr-2021,58.310,57.443,57.088,58.383
23-Apr-2021,56.767,56.644,56.069,56.943
22-Apr-2021,56.539,55.370,55.192,56.755
21-Apr-2021,54.976,54.298,53.915,55.116
20-Apr-2021,54.097,53.332,53.309,54.542
19-Apr-2021,53.169,53.159,53.101,53.486
16-Apr-2021,53.018,52.974,52.797,53.223
15-Apr-2021,52.916,52.567,52.349,52.950
14-Apr-2021,52.542,51.594,51.523,52.667
13-Apr-2021,51.516,50.976,50.944,51.835
12-Apr-2021,50.970,51.546,50.843,51.569
09-Apr-2021,51.583,51.602,51.481,52.217
08-Apr-2021,51.628,50.923,50.885,51.758
07-Apr-2021,50.934,51.089,50.625,51.181
06-Apr-2021,50.942,50.550,50.520,51.254
05-Apr-2021,50.481,50.697,50.372,51.013
01-Apr-2021,50.398,51.633,50.293,51.717
31-Mar-2021,51.273,49.516,49.480,51.414
30-Mar-2021,49.500,50.312,49.387,50.453
29-Mar-2021,50.436,50.641,50.204,50.678
26-Mar-2021,50.722,50.798,50.609,51.126
25-Mar-2021,50.840,51.616,50.650,51.665
24-Mar-2021,51.764,51.564,51.510,51.863
23-Mar-2021,51.685,51.825,51.280,52.134
22-Mar-2021,51.582,51.510,51.140,51.692
19-Mar-2021,51.653,51.233,51.119,51.750
18-Mar-2021,51.235,52.068,51.197,52.117
17-Mar-2021,52.173,52.447,52.038,52.525
16-Mar-2021,52.444,52.206,51.967,52.463
15-Mar-2021,52.176,51.910,51.611,52.263
12-Mar-2021,51.879,51.849,51.366,51.981
11-Mar-2021,51.943,51.517,51.458,52.070
10-Mar-2021,51.578,51.911,51.408,51.992
09-Mar-2021,52.155,52.071,51.678,52.223
08-Mar-2021,52.078,52.660,51.780,52.693
05-Mar-2021,52.072,51.584,51.423,52.246
04-Mar-2021,51.565,51.739,51.455,52.295
03-Mar-2021,51.599,52.047,51.401,52.191
02-Mar-2021,52.162,51.319,51.279,52.285
01-Mar-2021,51.643,52.579,51.586,52.648
26-Feb-2021,52.204,52.465,51.677,52.480
25-Feb-2021,52.695,53.303,52.258,53.663
24-Feb-2021,53.299,52.738,52.653,53.327
23-Feb-2021,52.656,52.483,52.447,53.033
22-Feb-2021,52.308,51.759,51.391,52.322
19-Feb-2021,51.458,51.302,51.301,52.021
18-Feb-2021,51.509,51.317,51.095,51.542
17-Feb-2021,51.257,51.424,50.922,51.446
16-Feb-2021,51.311,50.943,50.621,51.337
12-Feb-2021,50.324,50.366,50.164,50.560
11-Feb-2021,50.305,49.687,49.639,50.712
10-Feb-2021,49.991,50.988,49.892,51.165
09-Feb-2021,51.293,51.412,50.640,51.805
08-Feb-2021,51.189,50.607,50.459,51.301
05-Feb-2021,50.413,50.340,50.319,50.765
04-Feb-2021,50.409,50.493,49.981,50.629
03-Feb-2021,50.414,49.778,49.543,50.440
02-Feb-2021,50.008,50.468,49.763,50.540
01-Feb-2021,50.388,50.663,49.872,50.708
29-Jan-2021,50.317,49.860,49.392,50.559
28-Jan-2021,49.695,50.143,49.578,50.892
27-Jan-2021,50.226,50.379,49.910,50.949
26-Jan-2021,50.129,49.084,48.836,50.244
25-Jan-2021,49.143,48.189,48.031,49.440
22-Jan-2021,48.414,49.481,48.329,49.751
21-Jan-2021,50.087,50.333,49.963,50.584
20-Jan-2021,50.041,49.886,49.441,50.310
19-Jan-2021,50.306,50.733,50.252,51.059
15-Jan-2021,50.966,51.256,50.796,51.484
14-Jan-2021,51.270,50.157,50.111,51.401
13-Jan-2021,50.249,50.610,50.172,51.064
12-Jan-2021,50.160,48.734,48.643,50.369
11-Jan-2021,48.764,49.057,48.406,49.105
08-Jan-2021,48.925,48.606,48.515,49.196
07-Jan-2021,48.610,48.954,48.426,49.141
06-Jan-2021,49.020,49.131,48.958,49.732
05-Jan-2021,48.886,48.142,48.007,49.296
04-Jan-2021,47.948,48.629,47.646,49.107
31-Dec-2020,48.013,47.725,47.578,48.087
30-Dec-2020,47.506,46.820,46.586,47.615
29-Dec-2020,46.918,45.917,45.820,46.961
28-Dec-2020,46.027,46.440,45.645,46.514
24-Dec-2020,46.192,46.161,46.093,46.380
23-Dec-2020,46.050,45.367,45.355,46.223
22-Dec-2020,45.501,45.424,44.992,45.516
21-Dec-2020,45.274,45.088,44.366,45.305
18-Dec-2020,44.982,44.876,44.616,45.084
17-Dec-2020,44.724,44.280,44.092,44.740
16-Dec-2020,44.142,43.999,43.954,44.372
15-Dec-2020,43.936,43.570,43.411,43.950
14-Dec-2020,43.622,43.919,43.470,43.923
11-Dec-2020,43.636,43.425,43.143,43.754
10-Dec-2020,43.340,43.318,43.230,43.836
09-Dec-2020,43.229,42.766,42.724,43.248
08-Dec-2020,42.685,42.964,42.628,43.038
07-Dec-2020,43.117,42.884,42.609,43.322
04-Dec-2020,43.074,43.368,42.981,43.561
03-Dec-2020,43.455,43.151,43.108,43.505
02-Dec-2020,43.130,42.982,42.556,43.343
01-Dec-2020,43.046,43.616,43.030,43.710
30-Nov-2020,43.486,44.514,43.454,44.558
27-Nov-2020,44.379,43.754,43.754,44.407
25-Nov-2020,43.754,44.395,43.749,44.431
24-Nov-2020,44.203,44.079,43.571,44.224
23-Nov-2020,44.184,44.355,44.144,44.555
20-Nov-2020,43.977,44.302,43.778,44.523
19-Nov-2020,44.065,44.236,43.836,44.277
18-Nov-2020,44.241,43.755,43.754,44.473
17-Nov-2020,43.838,43.868,43.759,44.096
16-Nov-2020,43.648,43.090,42.968,43.696
13-Nov-2020,43.038,42.684,42.628,43.176
12-Nov-2020,42.924,43.081,42.808,43.348
11-Nov-2020,43.213,43.603,43.060,43.692
10-Nov-2020,43.290,42.336,42.300,43.510
09-Nov-2020,42.402,42.398,42.084,42.759
06-Nov-2020,42.270,42.495,42.190,42.655
05-Nov-2020,42.354,42.151,42.142,42.931
04-Nov-2020,41.920,41.385,41.209,41.962
03-Nov-2020,41.509,41.368,41.341,41.774
02-Nov-2020,41.244,40.862,40.700,41.315
30-Oct-2020,41.122,41.193,40.889,41.300
29-Oct-2020,41.080,41.442,40.896,41.555
28-Oct-2020,41.420,42.106,41.329,42.113
27-Oct-2020,42.231,42.430,42.215,42.802
26-Oct-2020,42.450,42.446,42.079,42.546
23-Oct-2020,42.475,42.209,42.022,42.521
22-Oct-2020,42.199,41.844,41.777,42.582
21-Oct-2020,41.972,41.960,41.933,42.146
20-Oct-2020,41.791,41.550,41.465,41.905
19-Oct-2020,41.587,41.584,41.328,41.788
16-Oct-2020,41.354,41.480,41.303,41.847
15-Oct-2020,41.487,41.116,40.596,41.541
14-Oct-2020,41.033,40.629,40.529,41.120
13-Oct-2020,40.667,40.591,40.451,40.731
12-Oct-2020,40.375,41.259,40.267,41.480
09-Oct-2020,41.128,40.821,40.799,41.422
08-Oct-2020,40.593,40.870,40.567,41.260
07-Oct-2020,40.799,40.126,40.126,40.945
06-Oct-2020,40.281,39.623,39.604,40.514
05-Oct-2020,39.580,39.459,39.427,39.774
02-Oct-2020,39.452,39.211,38.960,39.648
01-Oct-2020,39.481,39.719,39.426,39.873
30-Sep-2020,39.571,38.333,38.214,39.841
29-Sep-2020,38.412,38.439,38.166,38.459
28-Sep-2020,38.489,38.801,38.286,38.823
25-Sep-2020,38.731,38.500,38.480,38.871
24-Sep-2020,38.545,38.565,38.399,38.725
23-Sep-2020,38.882,39.131,38.850,39.198
22-Sep-2020,39.107,39.124,38.803,39.579
21-Sep-2020,39.070,39.866,39.029,39.973
18-Sep-2020,39.918,39.865,39.446,39.948
17-Sep-2020,39.493,39.012,38.718,39.564
16-Sep-2020,38.977,38.357,38.335,39.020
15-Sep-2020,38.471,38.744,38.354,38.820
14-Sep-2020,38.717,39.156,38.660,39.156
11-Sep-2020,38.863,38.524,38.516,38.923
10-Sep-2020,38.519,38.361,38.268,38.752
09-Sep-2020,38.329,38.289,38.194,38.453
08-Sep-2020,38.374,38.551,37.956,38.611
04-Sep-2020,38.348,38.237,38.170,38.506
03-Sep-2020,38.201,38.511,38.022,38.516
02-Sep-2020,38.441,38.439,38.069,38.538
01-Sep-2020,38.436,38.125,38.125,38.596
31-Aug-2020,38.257,38.455,38.212,38.699
28-Aug-2020,38.127,37.998,37.911,38.141
27-Aug-2020,37.933,37.384,37.356,38.034
26-Aug-2020,37.362,37.410,37.279,37.505
25-Aug-2020,37.341,37.093,36.983,37.413
24-Aug-2020,36.770,36.732,36.691,37.102
21-Aug-2020,36.726,36.755,36.564,36.869
20-Aug-2020,36.703,36.802,36.491,36.862
19-Aug-2020,36.855,36.673,36.647,36.963
18-Aug-2020,36.752,36.803,36.632,36.982
17-Aug-2020,36.861,36.487,36.480,36.894
14-Aug-2020,36.245,36.238,36.140,36.478
13-Aug-2020,36.314,35.787,35.764,36.440
12-Aug-2020,35.573,35.260,35.149,35.582
11-Aug-2020,35.319,35.361,35.210,35.457
10-Aug-2020,35.256,35.281,35.205,35.422
07-Aug-2020,35.259,35.740,35.184,35.773
06-Aug-2020,35.745,35.855,35.726,36.085
05-Aug-2020,35.870,35.915,35.764,36.123
04-Aug-2020,35.854,36.119,35.827,36.198
03-Aug-2020,36.266,36.339,36.083,36.359
31-Jul-2020,36.265,35.996,35.931,36.282
30-Jul-2020,35.895,35.713,35.552,36.020
29-Jul-2020,35.685,35.671,35.568,35.773
28-Jul-2020,35.625,35.795,35.492,35.807
27-Jul-2020,36.008,35.812,35.725,36.090
24-Jul-2020,35.865,36.008,35.755,36.054
23-Jul-2020,35.895,35.938,35.773,36.000
22-Jul-2020,35.949,35.633,35.405,35.986
21-Jul-2020,35.521,35.497,35.425,35.650
20-Jul-2020,35.605,35.811,35.477,35.893
17-Jul-2020,35.825,35.750,35.671,35.898
16-Jul-2020,35.591,35.558,35.489,35.675
15-Jul-2020,35.493,35.128,35.065,35.510
14-Jul-2020,35.036,35.133,35.025,35.304
13-Jul-2020,35.154,35.399,35.093,35.480
10-Jul-2020,35.715,36.110,35.642,36.212
09-Jul-2020,36.127,36.084,36.047,36.492
08-Jul-2020,36.074,35.836,35.705,36.135
07-Jul-2020,35.900,35.846,35.578,35.945
06-Jul-2020,35.838,36.172,35.793,36.220
02-Jul-2020,35.829,36.106,35.785,36.209
01-Jul-2020,36.109,35.494,35.476,36.158
30-Jun-2020,35.372,34.590,34.523,35.565
29-Jun-2020,34.628,34.188,34.013,34.695
26-Jun-2020,34.152,34.535,34.028,34.587
25-Jun-2020,34.511,34.640,34.286,34.689
24-Jun-2020,34.681,34.928,34.675,35.102
23-Jun-2020,34.901,34.817,34.813,35.060
22-Jun-2020,35.075,35.083,34.946,35.101
19-Jun-2020,35.120,35.020,35.002,35.267
18-Jun-2020,35.020,35.163,34.983,35.340
17-Jun-2020,35.191,35.048,34.915,35.283
16-Jun-2020,35.130,35.332,35.041,35.442
15-Jun-2020,35.182,35.211,34.826,35.214
12-Jun-2020,35.245,35.215,35.144,35.528
11-Jun-2020,35.281,35.480,35.158,35.488
10-Jun-2020,35.473,35.408,35.390,35.587
09-Jun-2020,35.446,35.697,35.299,35.731
08-Jun-2020,35.657,35.709,35.553,35.913
05-Jun-2020,35.719,35.623,35.571,35.828
04-Jun-2020,35.595,35.196,35.176,35.713
03-Jun-2020,35.219,34.946,34.899,35.231
02-Jun-2020,34.926,34.792,34.790,35.072
01-Jun-2020,34.809,34.800,34.378,34.990
29-May-2020,34.755,34.834,34.510,34.933
28-May-2020,34.835,34.749,34.430,34.937
27-May-2020,34.690,34.832,34.581,34.966
26-May-2020,34.786,34.627,34.621,34.975
22-May-2020,34.488,34.640,34.277,34.640
21-May-2020,34.687,35.003,34.605,35.118
20-May-2020,34.965,34.706,34.636,35.068
19-May-2020,34.728,34.815,34.683,34.926
18-May-2020,34.744,34.571,34.506,34.806
15-May-2020,34.521,34.500,34.413,34.793
14-May-2020,34.458,34.339,34.256,34.648
13-May-2020,34.384,34.754,34.347,34.885
12-May-2020,34.883,34.765,34.610,34.992
11-May-2020,34.888,35.206,34.867,35.291
08-May-2020,35.006,34.848,34.780,35.167
07-May-2020,34.762,34.574,34.572,34.921
06-May-2020,34.502,34.782,34.451,34.903
05-May-2020,34.870,34.589,34.436,34.912
04-May-2020,34.587,34.792,34.406,34.792
01-May-2020,34.999,34.916,34.691,35.043
30-Apr-2020,35.075,34.451,34.348,35.083
29-Apr-2020,34.393,34.275,34.149,34.537
28-Apr-2020,34.258,34.234,34.053,34.477
27-Apr-2020,34.198,34.620,34.160,34.730
24-Apr-2020,34.668,35.319,34.503,35.348
23-Apr-2020,35.261,35.281,35.095,35.695
22-Apr-2020,35.187,34.870,34.755,35.331
21-Apr-2020,34.961,35.233,34.336,35.254
20-Apr-2020,35.254,35.482,35.184,35.583
17-Apr-2020,35.457,35.510,35.417,35.728
16-Apr-2020,35.418,35.759,35.418,35.759
15-Apr-2020,35.657,35.886,35.327,35.906
14-Apr-2020,35.777,36.142,35.676,36.175
13-Apr-2020,36.128,36.534,35.906,36.540
09-Apr-2020,36.406,36.250,36.188,36.445
08-Apr-2020,36.149,36.188,36.024,36.405
07-Apr-2020,36.190,36.130,36.101,36.397
06-Apr-2020,36.078,35.945,35.844,36.220
03-Apr-2020,35.955,36.201,35.796,36.499
02-Apr-2020,36.126,36.164,36.034,36.759
01-Apr-2020,36.138,37.121,36.089,37.130
31-Mar-2020,37.188,37.357,36.947,37.402
30-Mar-2020,37.265,37.432,37.079,37.724
27-Mar-2020,37.359,37.786,37.280,37.860
26-Mar-2020,37.730,37.867,37.517,38.139
25-Mar-2020,38.082,37.998,37.862,38.236
24-Mar-2020,37.868,37.502,37.300,37.925
23-Mar-2020,37.520,36.823,36.783,37.571
20-Mar-2020,36.856,36.524,36.457,37.069
19-Mar-2020,36.237,35.476,35.329,36.629
18-Mar-2020,35.317,35.472,35.142,35.676
17-Mar-2020,35.228,35.652,35.215,35.724
16-Mar-2020,35.453,36.509,35.450,36.575
13-Mar-2020,36.531,36.340,36.316,37.302
12-Mar-2020,36.688,37.086,36.511,37.188
11-Mar-2020,37.514,37.993,37.500,38.034
10-Mar-2020,37.901,37.741,37.621,38.076
09-Mar-2020,37.512,37.369,37.112,37.763
06-Mar-2020,38.082,38.538,37.978,38.667
05-Mar-2020,38.588,39.136,38.530,39.220
04-Mar-2020,39.102,39.284,39.056,39.290
03-Mar-2020,39.233,38.933,38.868,39.466
02-Mar-2020,38.844,38.701,38.467,38.893
28-Feb-2020,38.457,38.402,37.971,38.485
27-Feb-2020,38.511,38.762,38.293,38.803
26-Feb-2020,38.886,38.853,38.609,39.077
25-Feb-2020,38.878,38.885,38.621,38.948
24-Feb-2020,38.795,39.354,38.675,39.403
21-Feb-2020,39.664,39.576,39.510,40.042
20-Feb-2020,39.586,39.896,39.532,39.923
19-Feb-2020,39.929,39.851,39.549,39.935
18-Feb-2020,39.906,39.532,39.532,39.963
14-Feb-2020,39.492,39.516,39.436,39.780
13-Feb-2020,39.566,39.661,39.460,39.722
12-Feb-2020,39.687,39.404,39.302,39.703
11-Feb-2020,39.397,39.409,39.213,39.509
10-Feb-2020,39.410,39.378,39.253,39.490
07-Feb-2020,39.383,39.293,39.173,39.488
06-Feb-2020,39.203,39.372,39.001,39.443
05-Feb-2020,39.267,39.311,39.110,39.501
04-Feb-2020,39.179,39.122,39.104,39.594
03-Feb-2020,39.070,39.063,38.801,39.132
31-Jan-2020,39.124,39.423,39.089,39.468
30-Jan-2020,39.286,39.691,39.251,39.753
29-Jan-2020,39.732,40.163,39.677,40.259
28-Jan-2020,40.030,39.831,39.598,40.089
27-Jan-2020,39.892,39.975,39.553,40.026
24-Jan-2020,40.308,40.755,40.299,40.760
23-Jan-2020,40.801,40.769,40.585,40.843
22-Jan-2020,40.769,40.758,40.711,41.081
21-Jan-2020,40.721,40.755,40.532,40.806
17-Jan-2020,40.918,40.490,40.398,40.965
16-Jan-2020,40.449,40.848,40.418,40.876
15-Jan-2020,40.950,41.185,40.929,41.265
14-Jan-2020,41.166,41.041,40.946,41.346
13-Jan-2020,41.067,41.256,40.953,41.269
10-Jan-2020,41.194,40.933,40.781,41.205
09-Jan-2020,40.905,40.889,40.789,41.060
08-Jan-2020,40.809,40.761,40.752,40.935
07-Jan-2020,40.907,40.981,40.705,41.041
06-Jan-2020,40.958,41.010,40.828,41.054
03-Jan-2020,41.024,41.369,40.965,41.377
02-Jan-2020,41.381,41.388,41.312,41.620
31-Dec-2019,41.381,41.433,41.224,41.585
30-Dec-2019,41.514,41.431,41.294,41.605
27-Dec-2019,41.368,41.136,41.126,41.533
26-Dec-2019,41.088,40.956,40.920,41.231
24-Dec-2019,40.956,40.771,40.736,41.040
23-Dec-2019,40.816,40.937,40.792,41.009
20-Dec-2019,40.930,40.797,40.773,40.957
19-Dec-2019,40.798,40.959,40.785,41.019
18-Dec-2019,41.018,41.071,40.849,41.207
17-Dec-2019,41.156,41.118,40.948,41.252
16-Dec-2019,41.089,40.563,40.531,41.168
13-Dec-2019,40.291,40.638,40.092,40.902
12-Dec-2019,40.260,39.742,39.695,40.372
11-Dec-2019,39.728,39.903,39.631,39.987
10-Dec-2019,39.981,39.696,39.628,40.056
09-Dec-2019,39.687,39.560,39.404,39.908
06-Dec-2019,39.465,39.330,39.311,39.608
05-Dec-2019,39.288,39.155,39.150,39.448
04-Dec-2019,39.130,39.010,38.981,39.301
03-Dec-2019,39.026,39.115,39.012,39.241
02-Dec-2019,39.030,39.285,38.953,39.347
29-Nov-2019,39.184,38.891,38.874,39.297
27-Nov-2019,38.891,39.050,38.884,39.147
26-Nov-2019,39.006,39.276,38.918,39.287
25-Nov-2019,39.307,39.145,39.129,39.351
22-Nov-2019,39.097,39.005,38.972,39.170
21-Nov-2019,38.999,39.001,38.884,39.192
20-Nov-2019,39.011,39.011,38.961,39.164
19-Nov-2019,38.956,38.929,38.903,39.146
18-Nov-2019,38.902,39.100,38.882,39.148
15-Nov-2019,39.068,39.231,39.049,39.314
14-Nov-2019,39.260,39.266,39.128,39.326
13-Nov-2019,39.244,39.298,39.212,39.388
12-Nov-2019,39.316,39.166,39.061,39.322
11-Nov-2019,39.111,39.428,39.062,39.474
08-Nov-2019,39.543,39.504,39.290,39.763
07-Nov-2019,39.499,39.474,39.294,39.604
06-Nov-2019,39.494,39.627,39.454,39.757
05-Nov-2019,39.616,39.571,39.437,39.625
04-Nov-2019,39.515,39.530,39.476,39.711
01-Nov-2019,39.605,39.398,39.348,39.627
31-Oct-2019,39.409,39.376,39.025,39.424
30-Oct-2019,39.338,39.291,39.163,39.391
29-Oct-2019,39.246,39.303,39.136,39.515
28-Oct-2019,39.309,39.308,39.226,39.439
25-Oct-2019,39.346,39.438,39.313,39.658
24-Oct-2019,39.399,39.472,39.391,39.666
23-Oct-2019,39.414,39.512,39.178,39.556
22-Oct-2019,39.447,39.273,39.246,39.772
21-Oct-2019,39.382,39.593,39.342,39.768
18-Oct-2019,39.572,39.510,39.351,39.630
17-Oct-2019,39.425,39.276,39.235,39.674
16-Oct-2019,39.238,39.308,39.014,39.368
15-Oct-2019,39.381,39.415,39.235,39.594
14-Oct-2019,39.520,39.564,39.318,39.654
11-Oct-2019,39.397,38.730,38.721,39.474
10-Oct-2019,38.609,39.075,38.511,39.205
09-Oct-2019,39.088,39.094,38.990,39.320
08-Oct-2019,39.064,38.768,38.597,39.141
07-Oct-2019,38.762,38.983,38.687,38.995
04-Oct-2019,38.874,38.952,38.806,39.085
03-Oct-2019,38.992,38.945,38.695,39.113
02-Oct-2019,38.927,39.126,38.787,39.134
01-Oct-2019,39.185,38.819,38.701,39.193
30-Sep-2019,38.792,38.105,38.036,38.865
27-Sep-2019,38.024,38.033,37.935,38.146
26-Sep-2019,38.108,38.122,37.954,38.344
25-Sep-2019,38.132,38.208,37.937,38.226
24-Sep-2019,38.130,37.993,37.884,38.209
23-Sep-2019,38.026,37.841,37.827,38.232
20-Sep-2019,37.789,37.918,37.743,38.098
19-Sep-2019,38.025,38.048,37.914,38.133
18-Sep-2019,38.057,38.067,37.861,38.162
17-Sep-2019,38.031,38.481,37.889,38.491
16-Sep-2019,38.537,38.210,38.085,38.608
13-Sep-2019,38.094,38.049,37.941,38.278
12-Sep-2019,37.998,37.427,37.342,38.006
11-Sep-2019,37.313,37.427,37.150,37.431
10-Sep-2019,37.414,36.988,36.961,37.466
09-Sep-2019,36.880,36.832,36.619,36.989
06-Sep-2019,36.800,36.937,36.653,36.978
05-Sep-2019,36.887,37.100,36.818,37.287
04-Sep-2019,37.065,37.015,36.861,37.235
03-Sep-2019,36.956,37.200,36.858,37.263
30-Aug-2019,37.295,37.386,37.255,37.530
29-Aug-2019,37.401,37.589,37.358,37.685
28-Aug-2019,37.528,37.264,37.023,37.586
27-Aug-2019,37.255,37.430,37.186,37.461
26-Aug-2019,37.490,37.418,37.341,37.688
23-Aug-2019,37.348,37.666,37.225,37.724
22-Aug-2019,37.653,37.648,37.616,37.912
21-Aug-2019,37.620,37.492,37.419,37.664
20-Aug-2019,37.430,37.755,37.371,37.907
19-Aug-2019,37.601,37.893,37.542,37.931
16-Aug-2019,38.141,38.006,37.885,38.145
15-Aug-2019,37.797,38.074,37.748,38.103
14-Aug-2019,37.910,38.398,37.898,38.473
13-Aug-2019,38.271,38.350,38.012,38.680
12-Aug-2019,38.404,39.484,38.284,39.537
09-Aug-2019,39.626,39.306,39.264,39.732
08-Aug-2019,39.327,38.765,38.712,39.371
07-Aug-2019,38.762,38.871,38.457,38.911
06-Aug-2019,38.773,39.024,38.728,39.056
05-Aug-2019,38.965,38.867,38.216,39.017
02-Aug-2019,38.993,38.795,38.729,39.022
01-Aug-2019,38.684,39.368,38.461,39.389
31-Jul-2019,39.345,39.952,39.319,40.042
30-Jul-2019,39.914,40.216,39.840,40.245
29-Jul-2019,40.288,40.166,40.060,40.397
26-Jul-2019,40.057,40.161,39.991,40.261
25-Jul-2019,40.158,40.460,40.144,40.548
24-Jul-2019,40.421,40.248,40.248,40.691
23-Jul-2019,40.246,40.227,39.798,40.372
22-Jul-2019,40.110,40.476,40.093,40.671
19-Jul-2019,40.748,40.287,40.287,41.021
18-Jul-2019,40.188,40.598,40.072,40.690
17-Jul-2019,40.655,40.769,40.586,41.175
16-Jul-2019,40.811,41.235,40.588,41.311
15-Jul-2019,41.366,42.019,41.283,42.167
12-Jul-2019,41.912,41.488,41.370,41.943
11-Jul-2019,41.533,41.030,40.790,41.542
10-Jul-2019,41.084,40.709,40.663,41.132
09-Jul-2019,40.885,40.884,40.460,40.918
08-Jul-2019,41.055,41.361,40.817,41.492
05-Jul-2019,41.145,41.511,41.050,41.587
03-Jul-2019,41.508,40.647,40.622,41.516
02-Jul-2019,40.636,41.075,40.504,41.133
01-Jul-2019,40.943,41.706,40.923,41.960
28-Jun-2019,41.551,41.989,41.272,42.524
27-Jun-2019,41.986,42.051,41.877,42.289
26-Jun-2019,41.970,42.070,41.903,42.229
25-Jun-2019,42.221,42.331,42.157,42.589
24-Jun-2019,42.177,41.903,41.809,42.261
21-Jun-2019,41.811,42.377,41.800,42.417
20-Jun-2019,42.346,41.668,41.655,42.424
19-Jun-2019,41.815,42.099,41.638,42.240
18-Jun-2019,42.271,42.152,42.020,42.559
17-Jun-2019,42.541,42.654,42.367,42.841
14-Jun-2019,42.248,41.943,41.876,42.345
13-Jun-2019,41.998,41.703,41.588,42.002
12-Jun-2019,41.537,40.918,40.742,41.667
11-Jun-2019,40.997,40.465,40.337,41.095
10-Jun-2019,40.661,40.494,40.265,40.823
07-Jun-2019,40.688,41.223,40.655,41.228
06-Jun-2019,41.203,40.623,40.316,41.301
05-Jun-2019,40.640,41.172,40.558,41.482
04-Jun-2019,41.581,41.951,41.387,42.074
03-Jun-2019,41.544,41.558,41.241,41.836
31-May-2019,41.412,41.474,41.085,41.996
30-May-2019,41.790,40.711,40.399,41.800
29-May-2019,40.772,41.162,40.554,41.775
28-May-2019,40.502,39.838,39.818,40.517
24-May-2019,39.351,38.627,38.579,39.369
23-May-2019,38.612,38.758,38.494,39.185
22-May-2019,38.858,39.036,38.606,39.068
21-May-2019,38.908,39.085,38.795,39.381
20-May-2019,38.808,38.627,38.526,38.947
17-May-2019,38.240,38.819,38.203,38.823
16-May-2019,38.694,38.353,38.328,38.773
15-May-2019,38.143,38.101,38.089,38.797
14-May-2019,38.080,37.448,37.388,38.256
13-May-2019,37.085,36.738,36.364,37.185
10-May-2019,37.013,37.405,36.873,37.427
09-May-2019,37.228,37.550,37.093,37.671
08-May-2019,37.741,38.017,37.637,38.084
07-May-2019,37.955,37.930,37.822,38.168
06-May-2019,37.992,37.765,37.490,38.069
03-May-2019,38.415,38.616,38.372,38.666
02-May-2019,38.587,38.655,38.485,38.690
01-May-2019,38.621,38.669,38.266,38.688
30-Apr-2019,38.577,38.671,38.461,38.966
29-Apr-2019,38.731,39.202,38.723,39.233
26-Apr-2019,39.043,39.085,38.977,39.242
25-Apr-2019,39.123,39.012,38.847,39.272
24-Apr-2019,39.001,39.369,38.991,39.373
23-Apr-2019,39.323,39.488,39.225,39.590
22-Apr-2019,39.567,39.845,39.553,39.845
18-Apr-2019,39.854,39.555,39.520,39.862
17-Apr-2019,39.572,39.895,39.539,40.036
16-Apr-2019,39.864,40.299,39.791,40.314
15-Apr-2019,40.319,40.373,40.258,40.484
12-Apr-2019,40.356,40.209,40.183,40.363
11-Apr-2019,40.224,40.555,40.166,40.594
10-Apr-2019,40.540,40.465,40.349,40.592
09-Apr-2019,40.433,40.299,40.255,40.544
08-Apr-2019,40.393,40.580,40.340,40.611
05-Apr-2019,40.548,40.700,40.479,40.707
04-Apr-2019,40.827,40.560,40.550,40.928
03-Apr-2019,40.511,40.475,40.358,40.664
02-Apr-2019,40.406,40.381,40.129,40.451
01-Apr-2019,40.308,40.063,40.005,40.410
29-Mar-2019,39.995,40.485,39.973,40.641
28-Mar-2019,40.489,40.482,40.382,40.560
27-Mar-2019,40.568,40.871,40.449,40.922
26-Mar-2019,40.912,41.085,40.836,41.171
25-Mar-2019,41.051,40.939,40.743,41.117
22-Mar-2019,40.910,41.077,40.849,41.206
21-Mar-2019,41.034,40.881,40.684,41.087
20-Mar-2019,40.871,40.751,40.630,40.891
19-Mar-2019,40.812,40.926,40.646,41.050
18-Mar-2019,40.872,40.913,40.750,41.097
15-Mar-2019,40.952,40.604,40.460,40.976
14-Mar-2019,40.538,40.632,40.395,40.856
13-Mar-2019,40.509,40.352,40.148,40.644
12-Mar-2019,40.420,39.919,39.831,40.517
11-Mar-2019,39.886,40.283,39.868,40.294
08-Mar-2019,40.171,40.212,40.056,40.384
07-Mar-2019,40.194,40.584,40.176,40.641
06-Mar-2019,40.601,41.176,40.540,41.204
05-Mar-2019,41.171,41.008,40.852,41.230
04-Mar-2019,40.948,41.243,40.937,41.402
01-Mar-2019,41.075,41.063,40.598,41.187
28-Feb-2019,40.982,41.318,40.949,41.329
27-Feb-2019,41.272,41.224,41.155,41.449
26-Feb-2019,41.221,41.596,41.117,41.656
25-Feb-2019,41.702,42.309,41.678,42.352
22-Feb-2019,42.141,42.137,41.976,42.353
21-Feb-2019,42.099,41.829,41.796,42.335
20-Feb-2019,41.830,41.907,41.530,41.958
19-Feb-2019,41.793,42.226,41.693,42.251
15-Feb-2019,42.128,41.951,41.837,42.158
14-Feb-2019,41.908,42.387,41.886,42.467
13-Feb-2019,42.447,42.479,42.346,42.537
12-Feb-2019,42.505,42.228,42.164,42.531
11-Feb-2019,42.135,42.538,42.011,42.578
08-Feb-2019,42.533,42.619,42.403,42.777
07-Feb-2019,42.600,43.020,42.569,43.053
06-Feb-2019,43.107,42.981,42.900,43.151
05-Feb-2019,42.996,42.920,42.694,43.017
04-Feb-2019,42.928,42.713,42.615,43.009
01-Feb-2019,42.731,42.846,42.724,43.019
31-Jan-2019,42.725,42.749,42.648,43.055
30-Jan-2019,42.750,42.640,42.583,42.835
29-Jan-2019,42.636,42.740,42.541,42.892
28-Jan-2019,42.867,42.919,42.614,43.000
25-Jan-2019,42.928,42.812,42.546,42.938
24-Jan-2019,42.798,42.861,42.665,42.956
23-Jan-2019,42.810,42.694,42.686,42.898
22-Jan-2019,42.626,42.770,42.320,42.925
18-Jan-2019,42.848,42.494,42.454,42.957
17-Jan-2019,42.499,42.179,42.053,42.642
16-Jan-2019,42.135,42.134,42.047,42.289
15-Jan-2019,41.972,42.374,41.929,42.420
14-Jan-2019,42.253,42.406,42.154,42.414
11-Jan-2019,42.455,42.454,42.384,42.575
10-Jan-2019,42.284,42.913,42.263,42.951
09-Jan-2019,42.926,42.826,42.800,43.054
08-Jan-2019,42.671,42.723,42.617,43.055
07-Jan-2019,42.701,42.484,42.401,42.720
04-Jan-2019,42.399,42.060,42.059,42.451
03-Jan-2019,42.025,41.728,41.645,42.043
02-Jan-2019,41.699,41.554,41.398,41.853
31-Dec-2018,41.552,41.953,41.479,41.983
28-Dec-2018,41.827,41.629,41.610,41.920
27-Dec-2018,41.555,41.820,41.448,41.879
26-Dec-2018,41.670,42.036,41.626,42.149
24-Dec-2018,42.036,41.938,41.822,42.065
21-Dec-2018,41.952,42.347,41.869,42.360
20-Dec-2018,42.304,42.531,42.284,42.747
19-Dec-2018,42.550,42.748,42.540,42.848
18-Dec-2018,42.825,42.824,42.769,43.038
17-Dec-2018,42.871,43.040,42.813,43.194
14-Dec-2018,42.936,43.064,42.918,43.266
13-Dec-2018,43.196,43.229,42.878,43.298
12-Dec-2018,43.250,43.219,43.125,43.430
11-Dec-2018,43.081,43.040,42.829,43.261
10-Dec-2018,43.092,43.150,43.016,43.232
07-Dec-2018,43.307,42.861,42.853,43.456
06-Dec-2018,42.883,43.033,42.531,43.094
05-Dec-2018,43.117,43.159,43.024,43.235
04-Dec-2018,43.215,42.954,42.895,43.226
03-Dec-2018,43.125,43.200,43.102,43.390
30-Nov-2018,42.658,42.492,42.449,42.695
29-Nov-2018,42.468,42.678,42.380,42.720
28-Nov-2018,42.599,41.930,41.903,42.642
27-Nov-2018,41.923,41.832,41.762,42.016
26-Nov-2018,41.843,42.079,41.652,42.149
23-Nov-2018,42.066,42.398,42.061,42.398
21-Nov-2018,42.398,42.287,42.184,42.520
20-Nov-2018,42.269,42.358,42.185,42.450
19-Nov-2018,42.372,42.752,42.162,42.811
16-Nov-2018,42.773,42.721,42.510,42.897
15-Nov-2018,42.662,42.780,42.603,43.054
14-Nov-2018,42.642,42.518,42.506,42.760
13-Nov-2018,42.511,42.977,42.483,43.065
12-Nov-2018,43.008,42.866,42.760,43.076
09-Nov-2018,42.876,43.192,42.776,43.192
08-Nov-2018,43.220,43.248,42.778,43.562
07-Nov-2018,43.314,43.232,43.211,43.488
06-Nov-2018,43.307,43.459,43.169,43.587
05-Nov-2018,43.484,43.737,43.353,43.739
02-Nov-2018,43.677,43.266,43.233,43.794
01-Nov-2018,43.388,42.528,42.510,43.585
31-Oct-2018,42.560,42.535,42.278,42.626
30-Oct-2018,42.574,42.827,42.500,42.998
29-Oct-2018,42.938,43.610,42.912,43.668
26-Oct-2018,43.328,43.058,43.041,43.506
25-Oct-2018,42.916,43.281,42.840,43.394
24-Oct-2018,43.389,43.694,43.352,43.836
23-Oct-2018,43.751,43.682,43.479,43.915
22-Oct-2018,43.743,43.853,43.723,44.016
19-Oct-2018,43.873,43.964,43.824,44.157
18-Oct-2018,44.031,44.366,44.001,44.516
17-Oct-2018,44.529,44.274,44.231,44.650
16-Oct-2018,44.338,44.628,44.257,44.640
15-Oct-2018,44.704,43.807,43.716,44.711
12-Oct-2018,43.844,43.398,43.383,43.855
11-Oct-2018,43.240,42.869,42.679,43.629
10-Oct-2018,42.970,43.353,42.843,43.370
09-Oct-2018,43.330,43.415,43.192,43.499
08-Oct-2018,43.440,43.435,43.231,43.526
05-Oct-2018,43.340,43.047,42.851,43.363
04-Oct-2018,42.943,42.860,42.761,43.165
03-Oct-2018,42.828,43.104,42.814,43.224
02-Oct-2018,43.002,42.333,42.223,43.078
01-Oct-2018,42.344,41.785,41.675,42.531
28-Sep-2018,41.741,42.086,41.646,42.231
27-Sep-2018,42.019,41.797,41.761,42.123
26-Sep-2018,41.916,42.080,41.837,42.156
25-Sep-2018,41.973,41.858,41.749,42.326
24-Sep-2018,41.965,41.971,41.838,42.098
21-Sep-2018,42.074,41.906,41.771,42.092
20-Sep-2018,41.987,41.337,41.277,42.147
19-Sep-2018,41.414,40.922,40.893,41.435
18-Sep-2018,40.847,41.233,40.752,41.312
17-Sep-2018,41.216,41.688,41.202,41.693
14-Sep-2018,41.739,41.859,41.580,41.933
13-Sep-2018,41.771,42.133,41.699,42.184
12-Sep-2018,42.137,42.386,41.840,42.690
11-Sep-2018,42.427,42.945,42.360,42.974
10-Sep-2018,42.831,42.379,42.367,42.840
07-Sep-2018,42.436,42.242,42.166,42.507
06-Sep-2018,42.299,42.553,42.195,42.565
05-Sep-2018,42.436,42.761,42.413,42.800
04-Sep-2018,42.640,42.637,42.075,42.707
31-Aug-2018,42.703,42.262,42.217,42.739
30-Aug-2018,42.151,42.454,41.933,42.532
29-Aug-2018,42.250,41.967,41.900,42.443
28-Aug-2018,41.933,42.441,41.911,42.587
27-Aug-2018,42.458,42.508,42.198,42.689
24-Aug-2018,42.657,42.526,42.510,42.922
23-Aug-2018,42.543,43.089,42.530,43.184
22-Aug-2018,43.035,43.503,43.013,43.591
21-Aug-2018,43.579,43.774,43.546,43.911
20-Aug-2018,43.896,44.461,43.814,44.562
17-Aug-2018,44.316,44.221,44.006,44.573
16-Aug-2018,44.233,43.731,43.731,44.461
15-Aug-2018,43.561,44.134,43.515,44.143
14-Aug-2018,44.142,43.723,43.636,44.143
13-Aug-2018,43.656,43.729,43.256,43.753
10-Aug-2018,43.947,45.242,43.933,45.323
09-Aug-2018,45.317,45.644,45.235,45.682
08-Aug-2018,45.552,45.555,45.440,45.752
07-Aug-2018,45.491,45.598,45.393,45.889
06-Aug-2018,45.445,45.088,44.999,45.502
03-Aug-2018,45.155,45.040,44.689,45.313
02-Aug-2018,44.964,45.035,44.837,45.726
01-Aug-2018,44.986,45.345,44.917,45.481
31-Jul-2018,45.492,44.966,44.818,45.679
30-Jul-2018,44.941,44.687,44.585,45.217
27-Jul-2018,44.447,44.386,44.271,44.666
26-Jul-2018,44.400,44.936,44.293,45.176
25-Jul-2018,44.519,43.806,43.694,44.612
24-Jul-2018,43.697,43.534,43.410,43.908
23-Jul-2018,43.718,43.719,43.626,43.949
20-Jul-2018,43.706,43.371,43.283,43.753
19-Jul-2018,43.264,42.986,42.792,43.318
18-Jul-2018,43.030,43.281,42.930,43.321
17-Jul-2018,43.071,43.024,42.804,43.278
16-Jul-2018,42.748,42.536,42.356,43.182
13-Jul-2018,42.656,42.881,42.264,42.980
12-Jul-2018,42.942,42.803,42.428,43.137
11-Jul-2018,42.594,43.280,42.577,43.401
10-Jul-2018,43.634,43.971,43.389,43.971
09-Jul-2018,43.961,44.290,43.776,44.336
06-Jul-2018,44.595,43.359,43.155,44.669
05-Jul-2018,43.386,43.311,43.292,43.746
03-Jul-2018,43.324,43.238,43.232,43.617
02-Jul-2018,43.168,44.469,43.150,44.576
29-Jun-2018,44.375,44.038,44.027,44.795
28-Jun-2018,44.012,44.279,43.999,44.461
27-Jun-2018,44.369,44.478,44.322,44.775
26-Jun-2018,44.411,44.527,44.199,44.894
25-Jun-2018,44.553,44.882,44.445,44.993
22-Jun-2018,45.345,45.041,45.001,45.438
21-Jun-2018,45.022,45.012,44.633,45.284
20-Jun-2018,45.003,44.839,44.491,45.159
19-Jun-2018,44.799,45.222,43.479,45.222
18-Jun-2018,45.560,45.908,45.480,45.980
15-Jun-2018,46.056,46.465,45.732,46.746
14-Jun-2018,46.660,47.208,46.600,47.319
13-Jun-2018,47.462,47.690,47.377,47.895
12-Jun-2018,47.988,47.540,47.471,48.154
11-Jun-2018,47.374,48.114,47.358,48.127
08-Jun-2018,47.949,47.945,47.525,48.099
07-Jun-2018,47.828,48.377,47.736,48.614
06-Jun-2018,48.241,48.509,48.215,48.811
05-Jun-2018,48.284,48.342,48.222,48.557
04-Jun-2018,48.245,49.157,48.220,49.258
01-Jun-2018,49.430,49.735,49.247,49.839
31-May-2018,49.646,49.452,49.348,49.943
30-May-2018,49.491,49.661,49.256,49.824
29-May-2018,49.963,50.624,49.779,50.778
25-May-2018,50.248,49.868,49.856,50.268
24-May-2018,49.856,50.112,49.833,50.588
23-May-2018,50.011,49.688,49.429,50.027
22-May-2018,49.578,49.148,49.097,49.875
21-May-2018,49.246,49.291,48.942,49.430
18-May-2018,48.791,48.313,48.294,48.844
17-May-2018,48.122,48.221,48.081,48.605
16-May-2018,48.171,48.443,48.078,48.544
15-May-2018,48.494,48.590,48.065,48.606
14-May-2018,48.321,48.240,48.098,48.487
11-May-2018,48.253,48.665,48.164,48.744
10-May-2018,48.814,48.921,48.574,49.180
09-May-2018,48.852,49.078,48.689,49.091
08-May-2018,49.056,48.832,48.727,49.248
07-May-2018,48.815,49.529,48.794,49.707
04-May-2018,49.757,50.134,49.677,50.227
03-May-2018,50.282,49.757,49.677,50.299
02-May-2018,49.926,50.019,49.761,50.227
01-May-2018,50.088,49.362,49.178,50.101
30-Apr-2018,49.438,49.568,49.304,49.743
27-Apr-2018,49.237,48.691,48.381,49.260
26-Apr-2018,48.564,48.670,48.300,48.735
25-Apr-2018,48.539,48.289,48.080,48.624
24-Apr-2018,48.135,47.889,47.695,48.176
23-Apr-2018,47.932,48.371,47.892,48.413
20-Apr-2018,48.199,48.467,48.181,48.534
19-Apr-2018,48.579,48.705,48.382,48.762
18-Apr-2018,48.650,48.462,48.431,48.773
17-Apr-2018,48.458,48.589,48.273,48.731
16-Apr-2018,48.534,49.025,48.513,49.168
13-Apr-2018,49.159,49.489,49.062,49.550
12-Apr-2018,49.462,49.275,49.101,49.487
11-Apr-2018,49.370,49.616,49.351,49.695
10-Apr-2018,49.612,49.751,49.427,49.853
09-Apr-2018,49.750,49.521,49.385,49.870
06-Apr-2018,49.164,48.798,48.525,49.239
05-Apr-2018,49.039,48.383,48.328,49.049
04-Apr-2018,48.309,49.070,47.310,49.089
03-Apr-2018,48.942,48.719,48.674,49.304
02-Apr-2018,48.571,49.219,48.567,49.314
29-Mar-2018,48.815,47.760,47.648,48.964
28-Mar-2018,47.764,48.114,47.724,48.140
27-Mar-2018,48.057,48.129,48.012,48.404
26-Mar-2018,48.144,48.833,48.140,48.833
23-Mar-2018,48.447,48.483,47.641,48.537
22-Mar-2018,48.388,48.396,48.155,48.565
21-Mar-2018,48.290,48.214,48.083,48.421
20-Mar-2018,48.131,48.248,48.017,48.401
19-Mar-2018,48.139,48.693,48.126,48.725
16-Mar-2018,49.072,49.460,49.049,49.529
15-Mar-2018,49.352,49.650,49.147,49.802
14-Mar-2018,49.528,49.741,49.491,50.053
13-Mar-2018,49.807,49.786,49.669,50.124
12-Mar-2018,49.685,49.662,49.400,49.750
09-Mar-2018,49.687,50.222,49.677,50.225
08-Mar-2018,50.406,50.127,50.037,50.422
07-Mar-2018,50.173,50.612,50.153,50.786
06-Mar-2018,50.805,50.794,50.636,51.034
05-Mar-2018,51.010,50.670,50.473,51.024
02-Mar-2018,50.625,51.268,50.384,51.396
01-Mar-2018,51.084,50.282,49.975,51.114
28-Feb-2018,50.294,49.731,49.705,50.521
27-Feb-2018,49.567,49.553,49.442,49.705
26-Feb-2018,49.531,49.519,49.483,49.840
23-Feb-2018,49.218,49.276,49.137,49.431
22-Feb-2018,49.157,48.868,48.802,49.214
21-Feb-2018,48.954,48.620,48.551,49.155
20-Feb-2018,48.866,49.210,48.861,49.353
16-Feb-2018,48.868,49.218,48.706,49.253
15-Feb-2018,49.154,48.962,48.823,49.174
14-Feb-2018,48.873,48.597,48.488,48.929
13-Feb-2018,48.836,48.838,48.582,48.936
12-Feb-2018,48.759,48.600,48.375,48.768
09-Feb-2018,48.002,48.252,47.949,48.292
08-Feb-2018,48.307,48.482,48.129,48.581
07-Feb-2018,48.432,48.358,48.169,48.543
06-Feb-2018,48.140,47.487,47.402,48.153
05-Feb-2018,47.518,47.461,47.314,47.713
02-Feb-2018,47.776,47.946,47.655,47.960
01-Feb-2018,47.969,47.863,47.688,48.060
31-Jan-2018,48.088,48.457,47.953,48.499
30-Jan-2018,48.442,48.157,48.131,48.450
29-Jan-2018,48.136,48.142,47.928,48.264
26-Jan-2018,47.785,47.779,47.569,47.894
25-Jan-2018,47.681,47.749,47.507,48.091
24-Jan-2018,47.680,47.219,47.063,47.776
23-Jan-2018,47.194,47.250,47.010,47.346
22-Jan-2018,47.288,47.318,47.224,47.471
19-Jan-2018,47.091,46.979,46.971,47.291
18-Jan-2018,46.914,47.021,46.860,47.150
17-Jan-2018,47.009,46.745,46.708,47.027
16-Jan-2018,46.756,46.988,46.600,47.003
12-Jan-2018,46.939,47.146,46.685,47.246
11-Jan-2018,47.120,47.344,47.069,47.403
10-Jan-2018,47.379,47.494,47.258,47.607
09-Jan-2018,47.511,47.473,47.222,47.555
08-Jan-2018,47.438,47.830,47.281,47.862
05-Jan-2018,47.868,48.013,47.755,48.118
04-Jan-2018,47.980,47.987,47.690,48.038
03-Jan-2018,48.027,47.990,47.884,48.103
02-Jan-2018,47.911,47.501,47.475,47.962
29-Dec-2017,47.509,47.290,47.232,47.560
28-Dec-2017,47.353,47.533,47.227,47.581
27-Dec-2017,47.600,47.404,47.373,47.616
26-Dec-2017,47.358,47.112,47.112,47.416
22-Dec-2017,47.112,47.146,47.056,47.273
21-Dec-2017,47.217,47.146,46.968,47.250
20-Dec-2017,47.113,46.971,46.908,47.196
19-Dec-2017,46.936,46.851,46.826,47.166
18-Dec-2017,46.843,46.959,46.791,47.150
15-Dec-2017,46.893,47.010,46.793,47.205
14-Dec-2017,46.956,47.089,46.919,47.162
13-Dec-2017,47.119,46.948,46.932,47.136
12-Dec-2017,46.838,47.161,46.834,47.368
11-Dec-2017,47.126,47.453,47.039,47.486
08-Dec-2017,47.620,47.791,47.506,47.933
07-Dec-2017,47.753,48.102,47.598,48.192
06-Dec-2017,48.123,48.594,47.968,48.711
05-Dec-2017,48.551,48.457,48.381,48.839
04-Dec-2017,48.469,48.874,48.455,48.964
01-Dec-2017,48.614,48.328,48.265,48.674
30-Nov-2017,48.281,48.418,48.248,48.662
29-Nov-2017,48.452,48.075,48.030,48.504
28-Nov-2017,48.114,48.149,47.916,48.166
27-Nov-2017,48.214,48.343,48.161,48.421
24-Nov-2017,48.419,48.653,48.198,48.707
22-Nov-2017,48.573,48.203,48.203,48.675
21-Nov-2017,48.243,48.142,48.098,48.362
20-Nov-2017,48.228,48.333,47.927,48.356
17-Nov-2017,48.403,47.950,47.934,48.428
16-Nov-2017,47.859,48.008,47.828,48.039
15-Nov-2017,47.962,47.881,47.797,48.037
14-Nov-2017,47.899,48.180,47.848,48.238
13-Nov-2017,48.167,48.465,48.125,48.527
10-Nov-2017,48.526,48.299,48.227,48.593
09-Nov-2017,48.305,48.672,48.210,48.951
08-Nov-2017,48.702,48.526,48.361,48.712
07-Nov-2017,48.544,48.564,48.339,48.570
06-Nov-2017,48.568,48.366,48.246,48.651
03-Nov-2017,48.255,48.594,48.161,48.707
02-Nov-2017,48.603,48.368,48.171,48.695
01-Nov-2017,48.223,48.158,48.017,48.340
31-Oct-2017,48.137,48.384,48.037,48.434
30-Oct-2017,48.369,48.502,48.274,48.626
27-Oct-2017,48.434,48.272,48.182,48.461
26-Oct-2017,48.284,48.562,48.266,48.573
25-Oct-2017,48.474,48.613,48.443,48.915
24-Oct-2017,48.562,48.579,48.356,48.621
23-Oct-2017,48.537,48.096,47.946,48.577
20-Oct-2017,48.022,48.496,48.011,48.701
19-Oct-2017,48.490,48.362,48.283,48.699
18-Oct-2017,48.288,48.416,48.229,48.474
17-Oct-2017,48.434,48.552,48.381,48.649
16-Oct-2017,48.604,48.934,48.571,48.996
13-Oct-2017,49.066,48.620,48.592,49.120
12-Oct-2017,48.544,48.160,47.796,48.921
11-Oct-2017,48.081,48.333,48.033,48.335
10-Oct-2017,48.340,48.372,48.272,48.660
09-Oct-2017,48.326,48.541,48.242,48.576
06-Oct-2017,48.504,48.438,48.176,48.528
05-Oct-2017,48.386,48.287,48.084,48.545
04-Oct-2017,48.131,48.115,47.969,48.285
03-Oct-2017,48.102,48.153,48.072,48.373
02-Oct-2017,48.262,48.576,48.059,48.623
29-Sep-2017,48.631,48.418,48.337,48.943
28-Sep-2017,48.507,48.678,48.363,48.682
27-Sep-2017,48.792,48.683,48.305,48.865
26-Sep-2017,48.713,49.138,48.644,49.156
25-Sep-2017,49.070,49.169,48.938,49.253
22-Sep-2017,49.341,49.212,49.164,49.580
21-Sep-2017,49.087,49.174,48.811,49.176
20-Sep-2017,49.128,48.790,48.790,49.199
19-Sep-2017,48.743,49.246,48.466,49.279
18-Sep-2017,49.199,49.646,49.171,49.681
15-Sep-2017,49.526,49.255,49.152,49.584
14-Sep-2017,49.355,49.117,49.099,49.530
13-Sep-2017,49.000,48.792,48.627,49.199
12-Sep-2017,48.649,48.857,48.005,49.063
11-Sep-2017,48.960,49.049,48.744,49.156
08-Sep-2017,49.014,49.188,48.992,49.398
07-Sep-2017,49.051,49.403,49.035,49.581
06-Sep-2017,49.501,49.125,49.015,49.654
05-Sep-2017,49.249,48.729,48.720,49.466
01-Sep-2017,48.611,48.690,48.441,49.016
31-Aug-2017,48.673,47.791,47.753,48.766
30-Aug-2017,47.784,47.967,47.632,48.008
29-Aug-2017,47.905,48.260,47.857,48.264
28-Aug-2017,48.245,48.530,48.048,48.561
25-Aug-2017,48.368,48.409,48.289,48.552
24-Aug-2017,48.470,48.088,48.088,48.517
23-Aug-2017,48.093,48.338,48.050,48.519
22-Aug-2017,48.109,48.303,48.068,48.599
21-Aug-2017,48.340,48.446,48.226,48.480
18-Aug-2017,48.553,48.437,48.239,48.583
17-Aug-2017,48.330,48.432,48.074,48.567
16-Aug-2017,48.327,48.620,48.107,48.941
15-Aug-2017,48.631,49.533,48.555,49.558
14-Aug-2017,49.647,49.415,49.043,49.670
11-Aug-2017,49.755,49.763,49.508,49.800
10-Aug-2017,49.546,51.293,49.485,51.445
09-Aug-2017,51.295,51.223,51.016,51.348
08-Aug-2017,51.180,51.448,51.103,51.710
07-Aug-2017,51.298,51.089,50.926,51.321
04-Aug-2017,50.774,50.844,50.714,51.107
03-Aug-2017,50.800,51.238,50.658,51.272
02-Aug-2017,51.383,51.247,51.151,51.578
01-Aug-2017,51.111,52.204,51.091,52.268
31-Jul-2017,52.305,51.947,51.864,52.465
28-Jul-2017,52.445,52.131,52.063,52.811
27-Jul-2017,52.246,52.043,51.996,52.543
26-Jul-2017,51.912,51.432,51.180,51.962
25-Jul-2017,51.375,52.719,51.353,52.896
24-Jul-2017,52.429,52.175,52.012,52.441
21-Jul-2017,53.035,53.504,52.938,53.577
20-Jul-2017,53.628,52.883,52.783,53.798
19-Jul-2017,53.006,52.493,52.359,53.396
18-Jul-2017,52.499,52.865,52.364,53.379
17-Jul-2017,52.333,52.203,52.142,52.725
14-Jul-2017,52.598,52.161,52.065,52.795
13-Jul-2017,52.005,52.989,51.936,53.117
12-Jul-2017,53.605,54.431,53.402,54.488
11-Jul-2017,54.622,54.816,53.802,54.850
10-Jul-2017,54.588,54.456,54.339,54.841
07-Jul-2017,53.725,53.266,53.000,54.092
06-Jul-2017,53.370,52.976,52.719,53.455
05-Jul-2017,53.688,53.192,52.795,53.950
03-Jul-2017,53.198,52.623,52.528,53.755
30-Jun-2017,51.912,50.353,50.347,52.004
29-Jun-2017,50.301,49.588,49.554,50.537
28-Jun-2017,49.467,49.494,49.302,49.585
27-Jun-2017,49.430,49.328,49.319,49.742
26-Jun-2017,49.186,49.471,49.063,49.548
23-Jun-2017,49.296,49.307,49.190,49.576
22-Jun-2017,49.315,50.021,49.258,50.087
21-Jun-2017,50.120,50.871,50.089,50.871
20-Jun-2017,50.763,51.254,50.451,51.385
19-Jun-2017,51.119,51.204,51.089,51.505
16-Jun-2017,51.441,51.222,50.997,51.460
15-Jun-2017,51.025,50.685,50.232,51.161
14-Jun-2017,50.704,51.080,50.676,51.272
13-Jun-2017,50.937,50.892,50.707,51.173
12-Jun-2017,50.691,51.366,50.592,51.485
09-Jun-2017,51.521,51.446,51.056,51.787
08-Jun-2017,51.441,51.214,51.193,51.831
07-Jun-2017,51.051,50.645,50.598,51.173
06-Jun-2017,50.446,50.225,50.143,50.798
05-Jun-2017,50.203,50.211,50.008,50.383
02-Jun-2017,50.068,50.083,49.961,50.460
01-Jun-2017,50.072,50.432,49.884,50.550
31-May-2017,50.402,50.570,50.309,50.718
30-May-2017,50.335,50.751,50.136,50.852
26-May-2017,50.945,50.939,50.824,51.143
25-May-2017,50.995,51.268,50.963,51.432
24-May-2017,51.242,51.201,51.022,51.366
23-May-2017,51.230,51.974,51.180,51.976
22-May-2017,51.942,52.055,51.923,52.253
19-May-2017,51.883,51.334,51.247,51.900
18-May-2017,51.126,51.832,50.985,51.888
17-May-2017,52.130,51.755,51.753,52.314
16-May-2017,51.796,51.667,51.541,51.890
15-May-2017,51.735,51.923,51.717,52.277
12-May-2017,51.905,51.753,51.682,52.050
11-May-2017,51.785,51.918,51.616,52.157
10-May-2017,52.007,51.716,51.654,52.281
09-May-2017,51.724,51.671,51.626,51.980
08-May-2017,51.646,51.813,51.558,51.964
05-May-2017,52.060,51.897,51.721,52.383
04-May-2017,51.838,52.657,51.715,52.658
03-May-2017,52.648,52.464,52.178,52.690
02-May-2017,52.477,52.955,52.210,53.112
01-May-2017,52.753,51.937,51.902,52.860
28-Apr-2017,51.560,51.342,51.164,51.597
27-Apr-2017,51.315,51.250,51.116,51.459
26-Apr-2017,51.245,51.929,51.146,51.985
25-Apr-2017,51.788,51.391,51.203,51.965
24-Apr-2017,51.512,51.691,51.323,51.756
21-Apr-2017,51.395,51.377,51.065,51.514
20-Apr-2017,51.346,51.923,51.323,52.278
19-Apr-2017,51.964,52.199,51.886,52.480
18-Apr-2017,52.156,52.390,51.869,52.404
17-Apr-2017,52.342,52.614,52.234,52.665
13-Apr-2017,52.552,52.544,52.467,52.917
12-Apr-2017,52.409,52.435,52.282,52.595
11-Apr-2017,52.237,52.247,51.735,52.300
10-Apr-2017,52.201,51.855,51.797,52.204
07-Apr-2017,51.845,51.743,51.560,51.871
06-Apr-2017,51.729,52.003,51.648,52.145
05-Apr-2017,51.999,51.969,51.832,52.352
04-Apr-2017,51.759,52.109,51.752,52.184
03-Apr-2017,52.060,52.444,52.023,52.784
31-Mar-2017,52.237,52.269,51.657,52.446
30-Mar-2017,52.191,52.420,52.050,52.479
29-Mar-2017,52.511,52.646,52.408,52.841
28-Mar-2017,52.672,52.677,52.575,52.823
27-Mar-2017,52.556,52.686,52.344,52.751
24-Mar-2017,52.719,52.979,52.613,53.062
23-Mar-2017,53.072,53.359,53.057,53.399
22-Mar-2017,53.314,53.506,53.183,53.577
21-Mar-2017,53.564,53.780,53.343,53.801
20-Mar-2017,53.817,54.449,53.751,54.485
17-Mar-2017,54.144,54.048,53.732,54.202
16-Mar-2017,54.085,54.099,53.928,54.331
15-Mar-2017,53.885,53.796,53.746,54.164
14-Mar-2017,53.716,53.778,53.467,53.973
13-Mar-2017,53.805,54.185,53.699,54.218
10-Mar-2017,54.169,54.291,54.058,54.364
09-Mar-2017,54.384,55.023,54.281,55.133
08-Mar-2017,55.013,55.278,54.946,55.406
07-Mar-2017,55.346,55.985,55.134,56.061
06-Mar-2017,55.989,56.320,55.868,56.579
03-Mar-2017,56.121,56.044,55.687,56.172
02-Mar-2017,56.078,56.507,55.861,56.573
01-Mar-2017,56.572,55.621,55.515,56.580
28-Feb-2017,55.503,54.922,54.917,56.474
27-Feb-2017,54.786,55.589,54.666,55.599
24-Feb-2017,55.442,55.772,55.325,55.894
23-Feb-2017,55.751,56.530,55.682,56.544
22-Feb-2017,56.404,56.449,56.318,56.686
21-Feb-2017,56.348,56.533,56.158,56.549
17-Feb-2017,56.323,56.670,56.294,56.737
16-Feb-2017,56.882,57.491,56.848,57.675
15-Feb-2017,57.542,57.030,56.786,57.546
14-Feb-2017,57.023,57.027,56.785,57.178
13-Feb-2017,57.202,57.265,56.941,57.405
10-Feb-2017,57.313,56.927,56.890,57.380
09-Feb-2017,56.886,56.685,56.533,57.053
08-Feb-2017,56.814,56.441,56.398,56.845
07-Feb-2017,56.353,56.214,55.922,56.421
06-Feb-2017,56.142,56.567,56.097,56.594
03-Feb-2017,56.199,56.412,56.168,56.543
02-Feb-2017,56.451,56.567,56.372,56.852
01-Feb-2017,56.639,55.602,55.482,56.656
31-Jan-2017,55.684,55.445,55.337,55.702
30-Jan-2017,55.419,56.065,55.331,56.083
27-Jan-2017,56.313,56.268,56.171,56.493
26-Jan-2017,56.459,56.648,56.230,56.755
25-Jan-2017,56.664,56.519,56.444,56.941
24-Jan-2017,56.735,57.306,56.645,57.539
23-Jan-2017,57.197,56.984,56.947,57.255
20-Jan-2017,57.064,56.721,56.644,57.082
19-Jan-2017,56.841,57.098,56.812,57.421
18-Jan-2017,57.241,57.006,56.832,57.465
17-Jan-2017,57.133,56.540,56.518,57.374
13-Jan-2017,56.195,56.074,55.787,56.327
12-Jan-2017,56.160,55.242,55.214,56.174
11-Jan-2017,55.381,55.393,54.823,55.571
10-Jan-2017,55.493,55.052,54.890,55.528
09-Jan-2017,55.251,55.128,54.901,55.268
06-Jan-2017,55.016,55.521,54.950,55.578
05-Jan-2017,55.533,55.337,55.223,55.640
04-Jan-2017,55.402,54.324,54.324,55.417
03-Jan-2017,54.315,54.048,53.916,54.471
30-Dec-2016,53.918,53.888,53.840,54.329
29-Dec-2016,53.883,53.723,53.656,54.085
28-Dec-2016,53.596,53.902,53.435,54.089
27-Dec-2016,53.935,52.939,52.939,54.083
23-Dec-2016,52.773,53.054,52.763,53.180
22-Dec-2016,53.106,53.601,53.067,53.654
21-Dec-2016,53.651,53.788,53.609,53.947
20-Dec-2016,53.754,54.174,53.659,54.174
19-Dec-2016,54.196,54.671,54.095,54.729
16-Dec-2016,54.611,54.611,54.611,54.611
15-Dec-2016,54.632,54.655,54.401,54.941
14-Dec-2016,54.737,54.881,54.496,54.982
13-Dec-2016,54.965,55.234,54.862,55.412
12-Dec-2016,55.242,55.323,54.851,55.403
09-Dec-2016,55.175,54.819,54.524,55.199
08-Dec-2016,54.871,55.316,54.631,55.551
07-Dec-2016,55.434,55.574,55.122,55.714
06-Dec-2016,55.569,55.219,55.214,56.249
05-Dec-2016,55.285,54.953,54.868,55.485
02-Dec-2016,54.673,54.493,54.351,54.806
01-Dec-2016,54.502,55.269,54.412,55.375
30-Nov-2016,55.187,55.486,55.155,55.864
29-Nov-2016,55.460,56.347,55.448,56.376
28-Nov-2016,56.421,56.454,56.097,56.676
25-Nov-2016,56.147,56.056,55.860,56.257
23-Nov-2016,56.056,55.979,55.402,56.071
22-Nov-2016,56.052,56.128,55.813,56.296
21-Nov-2016,56.115,55.518,55.518,56.127
18-Nov-2016,55.301,54.921,54.788,55.408
17-Nov-2016,55.079,54.975,54.764,55.193
16-Nov-2016,54.922,55.565,54.861,55.708
15-Nov-2016,55.465,55.302,55.151,55.549
14-Nov-2016,55.291,55.546,55.016,55.549
11-Nov-2016,55.554,56.394,55.283,56.518
10-Nov-2016,55.995,56.418,55.858,57.022
09-Nov-2016,56.197,56.817,56.071,57.197
08-Nov-2016,57.085,56.754,56.747,57.489
07-Nov-2016,56.771,56.608,56.568,57.058
04-Nov-2016,56.456,55.952,55.859,56.496
03-Nov-2016,56.105,56.178,55.881,56.402
02-Nov-2016,56.104,55.888,55.723,56.152
01-Nov-2016,55.986,56.762,55.898,56.900
31-Oct-2016,56.829,57.099,56.726,57.174
28-Oct-2016,57.151,57.805,57.131,57.820
27-Oct-2016,57.697,57.606,57.222,57.862
26-Oct-2016,57.436,57.038,56.927,57.507
25-Oct-2016,56.908,56.802,56.456,57.009
24-Oct-2016,56.783,56.555,56.539,57.216
21-Oct-2016,56.604,56.481,56.339,56.717
20-Oct-2016,56.452,57.208,56.356,57.281
19-Oct-2016,57.109,56.928,56.572,57.123
18-Oct-2016,56.821,57.055,56.647,57.275
17-Oct-2016,56.991,56.558,56.253,57.035
14-Oct-2016,56.391,56.027,55.961,56.858
13-Oct-2016,55.847,55.047,54.852,55.867
12-Oct-2016,54.973,55.490,54.949,56.081
11-Oct-2016,55.516,55.463,55.196,55.729
10-Oct-2016,55.443,55.133,55.059,55.602
07-Oct-2016,55.135,55.260,55.106,55.804
06-Oct-2016,55.091,55.707,54.781,55.727
05-Oct-2016,55.790,55.578,55.255,56.022
04-Oct-2016,55.599,55.360,55.234,55.688
03-Oct-2016,55.416,55.151,54.494,55.524
30-Sep-2016,55.131,54.783,54.463,55.241
29-Sep-2016,54.864,55.378,54.800,55.659
28-Sep-2016,55.118,55.232,54.941,55.319
27-Sep-2016,55.282,54.929,54.477,55.325
26-Sep-2016,54.840,55.295,54.732,55.375
23-Sep-2016,55.214,55.623,55.112,55.629
22-Sep-2016,55.812,56.099,55.690,56.590
21-Sep-2016,55.953,56.014,55.683,56.221
20-Sep-2016,56.182,55.597,55.552,56.218
19-Sep-2016,55.469,55.219,55.134,55.776
16-Sep-2016,54.984,53.884,53.832,55.165
15-Sep-2016,53.940,53.741,53.626,54.089
14-Sep-2016,53.692,53.709,53.362,53.808
13-Sep-2016,53.678,54.737,53.640,54.773
12-Sep-2016,54.580,54.616,54.262,55.129
09-Sep-2016,54.921,54.906,54.456,55.052
08-Sep-2016,55.046,54.800,54.492,55.064
07-Sep-2016,54.797,54.218,54.193,54.852
06-Sep-2016,54.213,53.971,53.487,54.353
02-Sep-2016,53.949,53.518,53.442,54.096
01-Sep-2016,53.295,52.909,52.894,53.431
31-Aug-2016,52.900,53.292,52.840,53.406
30-Aug-2016,53.298,53.874,53.136,54.005
29-Aug-2016,53.873,54.376,53.798,54.428
26-Aug-2016,54.269,54.941,54.046,55.083
25-Aug-2016,54.866,55.309,54.846,55.557
24-Aug-2016,55.424,55.929,55.207,55.986
23-Aug-2016,56.004,56.057,55.709,56.262
22-Aug-2016,56.202,55.852,55.553,56.357
19-Aug-2016,55.775,55.910,55.446,55.967
18-Aug-2016,56.052,55.763,55.359,56.092
17-Aug-2016,55.740,55.677,55.472,55.874
16-Aug-2016,55.691,55.514,55.235,55.911
15-Aug-2016,55.593,55.197,55.160,55.852
12-Aug-2016,54.849,54.818,53.909,54.946
11-Aug-2016,54.804,55.021,54.690,55.070
10-Aug-2016,54.889,55.309,54.716,55.554
09-Aug-2016,55.325,55.333,55.166,55.787
08-Aug-2016,55.528,55.474,55.154,55.898
05-Aug-2016,55.285,54.684,54.579,55.309
04-Aug-2016,54.347,54.306,53.983,54.610
03-Aug-2016,54.207,54.057,53.952,54.618
02-Aug-2016,54.005,54.107,53.534,54.686
01-Aug-2016,54.238,55.326,54.210,55.430
29-Jul-2016,55.573,54.799,54.270,55.603
28-Jul-2016,54.683,55.432,54.503,55.475
27-Jul-2016,55.158,55.252,54.954,55.590
26-Jul-2016,55.040,55.220,54.883,55.533
25-Jul-2016,55.235,55.414,54.900,55.910
22-Jul-2016,55.581,56.053,54.643,56.057
21-Jul-2016,56.083,56.073,55.874,56.561
20-Jul-2016,55.911,56.501,55.640,56.949
19-Jul-2016,56.523,57.799,56.462,57.819
18-Jul-2016,58.077,57.760,56.786,58.151
15-Jul-2016,57.575,58.503,57.575,58.503
14-Jul-2016,58.323,59.156,58.206,60.213
13-Jul-2016,58.971,58.278,58.277,59.840
12-Jul-2016,58.283,57.798,57.209,58.301
11-Jul-2016,57.607,57.562,57.351,58.383
08-Jul-2016,57.458,56.265,56.151,57.504
07-Jul-2016,56.194,57.738,56.140,58.148
06-Jul-2016,57.567,58.061,56.690,58.188
05-Jul-2016,58.272,59.586,57.439,59.744
01-Jul-2016,59.572,60.074,59.547,60.244
30-Jun-2016,60.038,60.259,59.273,60.600
29-Jun-2016,60.014,60.163,59.851,60.537
28-Jun-2016,60.127,59.573,59.567,61.038
27-Jun-2016,59.568,59.548,59.416,59.946
24-Jun-2016,59.045,60.093,58.345,60.093
23-Jun-2016,59.939,60.313,59.683,60.640
22-Jun-2016,60.400,60.655,60.370,60.973
21-Jun-2016,60.558,62.347,60.553,62.410
20-Jun-2016,62.350,62.772,62.326,62.979
17-Jun-2016,63.430,62.255,62.255,63.463
16-Jun-2016,62.081,62.374,61.528,62.810
15-Jun-2016,62.692,63.096,62.685,63.509
14-Jun-2016,63.025,62.747,62.243,63.231
13-Jun-2016,63.241,64.060,63.179,64.126
10-Jun-2016,63.246,63.331,62.975,64.386
09-Jun-2016,63.442,63.843,63.311,63.968
08-Jun-2016,63.919,62.655,62.519,64.388
07-Jun-2016,62.491,62.367,61.888,62.699
06-Jun-2016,62.390,62.069,62.006,63.033
03-Jun-2016,61.640,61.161,61.068,62.003
02-Jun-2016,61.108,60.018,59.861,61.203
01-Jun-2016,59.741,58.834,58.600,59.796
31-May-2016,59.000,59.829,58.953,59.928
27-May-2016,59.690,59.433,59.167,59.791
26-May-2016,59.487,59.043,58.802,59.827
25-May-2016,59.036,57.929,57.870,59.148
24-May-2016,57.799,57.691,57.336,58.479
23-May-2016,57.876,58.042,57.575,58.304
20-May-2016,58.322,57.775,57.703,58.823
19-May-2016,57.786,58.347,57.023,58.461
18-May-2016,58.598,58.867,57.924,58.887
17-May-2016,58.673,58.103,58.048,58.912
16-May-2016,58.168,57.905,57.440,58.201
13-May-2016,57.868,57.830,57.324,57.959
12-May-2016,57.916,57.577,57.282,57.939
11-May-2016,57.428,57.444,57.090,57.796
10-May-2016,57.303,55.662,55.662,57.698
09-May-2016,55.629,56.333,55.465,56.412
06-May-2016,56.121,55.519,55.430,56.270
05-May-2016,55.448,56.463,55.402,56.922
04-May-2016,56.405,56.040,55.916,56.815
03-May-2016,56.215,57.269,55.909,57.705
02-May-2016,57.221,57.138,56.446,57.241
29-Apr-2016,57.056,56.471,56.299,57.337
28-Apr-2016,56.682,56.431,56.247,57.374
27-Apr-2016,56.548,56.746,56.071,56.864
26-Apr-2016,56.912,56.263,55.872,56.949
25-Apr-2016,56.137,55.257,55.017,56.889
22-Apr-2016,55.461,56.988,55.392,56.995
21-Apr-2016,57.197,57.878,56.880,58.593
20-Apr-2016,57.685,56.451,56.163,57.703
19-Apr-2016,56.333,55.337,55.279,56.351
18-Apr-2016,55.227,54.651,54.651,55.582
15-Apr-2016,54.637,54.004,53.864,54.782
14-Apr-2016,54.038,54.241,53.855,54.322
13-Apr-2016,54.119,53.528,53.448,54.210
12-Apr-2016,53.290,52.881,52.831,53.511
11-Apr-2016,52.833,52.954,52.685,53.181
08-Apr-2016,53.110,52.595,52.563,53.141
07-Apr-2016,52.618,52.875,52.597,52.976
06-Apr-2016,52.804,52.846,52.523,52.990
05-Apr-2016,52.875,53.105,52.809,53.174
04-Apr-2016,53.076,53.595,52.973,53.596
01-Apr-2016,53.549,53.423,52.915,53.582
31-Mar-2016,53.320,53.799,52.937,53.893
30-Mar-2016,53.818,54.349,53.804,54.601
29-Mar-2016,54.390,54.152,53.933,54.411
28-Mar-2016,54.135,54.037,53.797,54.477
24-Mar-2016,53.935,54.247,53.760,54.366
23-Mar-2016,54.273,54.608,54.002,54.637
22-Mar-2016,54.597,54.155,54.146,54.683
21-Mar-2016,54.151,53.746,53.646,54.236
18-Mar-2016,53.797,53.952,53.647,54.055
17-Mar-2016,53.858,53.596,53.589,54.289
16-Mar-2016,53.531,53.341,53.077,53.565
15-Mar-2016,53.415,53.532,53.275,53.532
14-Mar-2016,53.628,53.259,53.051,53.643
11-Mar-2016,53.206,52.831,52.826,53.219
10-Mar-2016,52.701,52.306,52.162,52.731
09-Mar-2016,52.336,52.171,52.070,52.431
08-Mar-2016,52.319,51.975,51.715,52.369
07-Mar-2016,52.090,52.331,52.021,52.406
04-Mar-2016,52.024,51.612,51.602,52.075
03-Mar-2016,51.486,51.091,51.051,51.543
02-Mar-2016,51.081,50.870,50.679,51.171
01-Mar-2016,50.788,51.080,50.719,51.331
29-Feb-2016,51.069,51.059,50.943,51.247
26-Feb-2016,51.077,51.333,50.906,51.458
25-Feb-2016,51.277,51.421,51.187,51.657
24-Feb-2016,51.401,51.548,51.238,51.610
23-Feb-2016,51.625,51.713,51.514,52.044
22-Feb-2016,51.809,51.744,51.738,52.056
19-Feb-2016,51.557,51.711,51.540,51.757
18-Feb-2016,51.729,52.024,51.701,52.060
17-Feb-2016,52.055,51.792,51.617,52.102
16-Feb-2016,51.821,51.834,51.545,51.998
12-Feb-2016,51.418,51.442,51.340,51.615
11-Feb-2016,51.379,51.377,51.163,51.587
10-Feb-2016,51.363,51.297,51.218,51.474
09-Feb-2016,51.341,51.489,51.197,51.594
08-Feb-2016,51.510,51.976,51.439,52.035
05-Feb-2016,51.995,52.336,51.964,52.557
04-Feb-2016,52.255,52.536,52.238,52.838
03-Feb-2016,52.513,52.596,52.394,52.810
02-Feb-2016,52.652,52.302,52.115,52.778
01-Feb-2016,52.327,52.302,52.104,52.516
29-Jan-2016,52.545,52.102,52.009,52.573
28-Jan-2016,52.056,52.641,51.963,52.660
27-Jan-2016,52.641,52.789,52.526,52.902
26-Jan-2016,52.801,52.868,52.538,53.043
25-Jan-2016,52.844,52.829,52.529,52.994
22-Jan-2016,52.825,52.683,52.616,53.239
21-Jan-2016,52.652,52.460,52.230,53.039
20-Jan-2016,52.328,52.887,52.043,52.905
19-Jan-2016,52.916,52.781,52.647,53.172
15-Jan-2016,52.636,52.414,52.136,52.685
14-Jan-2016,52.517,52.320,52.159,52.716
13-Jan-2016,52.414,51.998,51.954,52.607
12-Jan-2016,52.074,51.453,51.258,52.402
11-Jan-2016,51.502,52.114,51.293,52.127
08-Jan-2016,52.205,52.109,52.086,52.452
07-Jan-2016,52.020,51.824,51.528,52.155
06-Jan-2016,51.896,51.903,51.523,52.007
05-Jan-2016,51.945,52.268,51.860,52.442
04-Jan-2016,52.078,52.897,52.007,52.900
31-Dec-2015,52.985,53.065,52.904,53.135
30-Dec-2015,53.040,53.074,52.899,53.360
29-Dec-2015,52.944,52.680,52.568,52.985
28-Dec-2015,52.577,53.093,52.527,53.146
24-Dec-2015,53.144,53.363,53.086,53.409
23-Dec-2015,53.320,53.443,53.285,53.599
22-Dec-2015,53.400,53.846,53.390,54.049
21-Dec-2015,53.785,54.007,53.580,54.337
18-Dec-2015,54.123,53.422,53.393,54.489
17-Dec-2015,53.493,52.943,52.444,53.576
16-Dec-2015,53.109,53.757,52.877,53.796
15-Dec-2015,53.701,53.921,53.580,54.084
14-Dec-2015,53.918,53.888,53.495,54.084
11-Dec-2015,53.796,54.161,53.780,54.395
10-Dec-2015,54.295,54.270,53.849,54.509
09-Dec-2015,54.262,54.105,53.892,54.612
08-Dec-2015,54.063,54.315,53.935,54.358
07-Dec-2015,54.315,55.251,54.296,55.357
04-Dec-2015,55.291,54.768,54.641,55.308
03-Dec-2015,54.754,53.849,53.705,54.929
02-Dec-2015,53.961,54.062,53.684,54.188
01-Dec-2015,54.070,53.733,53.490,54.114
30-Nov-2015,53.535,53.349,53.218,53.720
27-Nov-2015,53.389,53.762,53.368,53.895
25-Nov-2015,53.762,53.431,53.206,53.781
24-Nov-2015,53.362,53.668,53.343,54.023
23-Nov-2015,53.735,53.334,52.982,53.770
20-Nov-2015,53.433,53.166,53.131,53.795
19-Nov-2015,53.296,52.573,52.471,53.357
18-Nov-2015,52.644,52.956,52.326,53.079
17-Nov-2015,53.001,53.158,52.789,53.288
16-Nov-2015,53.204,52.880,52.669,53.251
13-Nov-2015,52.937,53.235,52.842,53.464
12-Nov-2015,53.334,53.235,52.995,53.405
11-Nov-2015,53.185,53.067,53.027,53.367
10-Nov-2015,52.965,53.365,52.726,53.590
09-Nov-2015,53.308,54.180,53.288,54.276
06-Nov-2015,54.138,54.418,53.721,54.547
05-Nov-2015,54.403,54.953,54.371,55.129
04-Nov-2015,54.992,55.175,54.606,55.305
03-Nov-2015,55.225,54.719,54.628,55.419
02-Nov-2015,54.723,55.071,54.598,55.108
30-Oct-2015,55.034,54.746,54.738,55.146
29-Oct-2015,54.651,54.535,54.336,54.799
28-Oct-2015,54.477,54.514,54.355,54.715
27-Oct-2015,54.609,54.788,54.565,55.202
26-Oct-2015,54.767,54.718,54.383,54.907
23-Oct-2015,54.475,54.726,54.168,54.917
22-Oct-2015,54.760,55.117,54.739,55.491
21-Oct-2015,54.998,54.709,54.589,55.055
20-Oct-2015,54.610,54.359,54.212,54.769
19-Oct-2015,54.318,54.680,54.299,54.767
16-Oct-2015,54.818,55.202,54.514,55.272
15-Oct-2015,55.150,55.518,55.102,55.666
14-Oct-2015,55.508,55.624,55.413,56.112
13-Oct-2015,55.794,55.094,55.056,55.874
12-Oct-2015,55.074,55.334,55.053,55.414
09-Oct-2015,55.142,55.170,54.957,55.814
08-Oct-2015,55.141,55.445,55.029,55.512
07-Oct-2015,55.504,55.558,55.246,55.908
06-Oct-2015,55.536,55.079,54.921,55.687
05-Oct-2015,55.121,54.647,54.595,55.200
02-Oct-2015,54.455,54.296,53.953,54.753
01-Oct-2015,54.256,54.065,54.017,54.746
30-Sep-2015,54.177,53.810,53.761,54.559
29-Sep-2015,53.802,53.500,53.277,53.969
28-Sep-2015,53.494,53.918,53.303,54.215
25-Sep-2015,54.004,52.760,52.732,54.026
24-Sep-2015,52.692,52.557,52.180,52.750
23-Sep-2015,52.527,52.271,52.202,52.812
22-Sep-2015,52.194,52.633,52.014,52.727
21-Sep-2015,52.778,52.082,52.075,52.968
18-Sep-2015,52.238,53.056,52.209,53.204
17-Sep-2015,52.999,53.417,52.967,53.521
16-Sep-2015,53.478,53.656,53.231,53.821
15-Sep-2015,53.747,54.154,53.607,54.223
14-Sep-2015,53.980,53.664,53.484,54.081
11-Sep-2015,53.275,52.606,51.899,53.302
10-Sep-2015,52.580,52.527,52.179,52.644
09-Sep-2015,52.433,52.332,52.301,52.758
08-Sep-2015,52.404,52.294,52.135,52.599
04-Sep-2015,51.903,51.878,51.786,52.282
03-Sep-2015,51.960,51.994,51.879,52.509
02-Sep-2015,52.076,52.473,51.763,52.550
01-Sep-2015,52.351,52.718,52.189,52.972
31-Aug-2015,53.000,52.944,52.247,53.111
28-Aug-2015,53.093,53.295,52.918,53.476
27-Aug-2015,53.067,52.737,52.603,53.332
26-Aug-2015,52.358,52.794,52.354,53.112
25-Aug-2015,52.897,53.196,52.749,53.873
24-Aug-2015,52.997,52.950,51.667,53.245
21-Aug-2015,53.404,54.369,53.275,54.417
20-Aug-2015,54.330,53.872,53.608,54.367
19-Aug-2015,53.773,54.231,53.606,54.395
18-Aug-2015,54.117,54.471,53.787,54.507
17-Aug-2015,54.331,54.502,54.250,54.737
14-Aug-2015,54.539,54.301,54.153,54.699
13-Aug-2015,54.547,53.806,53.761,54.592
12-Aug-2015,53.650,55.618,53.053,56.072
11-Aug-2015,55.802,56.504,55.647,56.748
10-Aug-2015,56.958,55.657,55.602,57.020
07-Aug-2015,55.406,54.742,54.566,55.514
06-Aug-2015,54.804,55.009,54.799,55.351
05-Aug-2015,55.206,55.028,54.823,55.364
04-Aug-2015,54.862,54.855,54.763,55.245
03-Aug-2015,54.643,54.866,54.284,54.941
31-Jul-2015,55.124,55.503,55.014,55.714
30-Jul-2015,55.420,55.181,55.108,55.779
29-Jul-2015,55.153,55.153,55.153,55.153
28-Jul-2015,55.531,55.249,55.115,55.612
27-Jul-2015,55.065,56.029,55.020,56.075
24-Jul-2015,56.637,57.496,56.593,57.678
23-Jul-2015,57.670,57.888,57.370,58.277
22-Jul-2015,57.882,57.882,57.882,57.882
21-Jul-2015,58.409,58.537,58.314,58.870
20-Jul-2015,58.406,59.060,58.349,59.285
17-Jul-2015,59.825,60.262,59.612,60.444
16-Jul-2015,60.513,61.043,60.452,61.328
15-Jul-2015,60.782,61.184,60.782,61.184
14-Jul-2015,61.221,61.905,61.186,62.204
13-Jul-2015,61.711,61.121,60.809,61.782
10-Jul-2015,61.224,61.224,61.224,61.224
09-Jul-2015,60.669,60.366,60.316,61.072
08-Jul-2015,60.114,59.920,59.599,60.653
07-Jul-2015,60.121,60.920,59.607,61.022
06-Jul-2015,61.154,61.005,60.319,61.479
02-Jul-2015,61.515,61.327,60.907,61.958
01-Jul-2015,61.291,61.786,60.565,62.203
30-Jun-2015,62.017,59.127,58.843,62.035
29-Jun-2015,59.098,59.216,58.812,59.645
26-Jun-2015,58.972,58.066,57.866,59.387
25-Jun-2015,57.923,56.836,56.718,57.997
24-Jun-2015,56.941,56.556,56.512,57.450
23-Jun-2015,56.777,56.784,56.201,56.899
22-Jun-2015,56.343,55.150,55.099,56.456
19-Jun-2015,55.167,55.377,54.926,55.497
18-Jun-2015,55.508,55.448,55.348,55.850
17-Jun-2015,55.641,55.532,55.397,55.860
16-Jun-2015,55.267,54.794,54.621,55.307
15-Jun-2015,54.567,55.207,54.384,55.230
12-Jun-2015,55.391,55.635,55.353,55.763
11-Jun-2015,55.620,56.475,55.522,56.489
10-Jun-2015,56.419,57.120,56.319,57.480
09-Jun-2015,57.129,57.035,56.869,57.401
08-Jun-2015,56.977,56.644,56.512,57.146
05-Jun-2015,56.460,56.667,56.372,57.228
04-Jun-2015,56.853,56.090,56.078,57.033
03-Jun-2015,56.278,56.336,56.028,56.973
02-Jun-2015,56.296,55.466,55.466,56.353
01-Jun-2015,55.446,54.751,54.686,55.653
29-May-2015,54.974,54.884,54.815,55.295
28-May-2015,54.860,54.668,54.515,55.020
27-May-2015,54.589,54.999,54.506,55.215
26-May-2015,54.953,55.842,54.855,55.948
22-May-2015,55.654,56.433,55.620,56.731
21-May-2015,56.388,56.340,56.334,56.741
20-May-2015,56.345,56.676,56.248,56.688
19-May-2015,56.722,57.368,56.437,57.453
18-May-2015,57.421,57.159,57.142,57.696
15-May-2015,57.144,57.431,56.870,57.683
14-May-2015,57.290,56.508,56.452,57.313
13-May-2015,56.518,56.757,56.095,56.954
12-May-2015,56.711,56.810,56.678,57.416
11-May-2015,56.986,57.077,56.825,57.253
08-May-2015,57.135,56.448,56.427,57.169
07-May-2015,56.497,56.817,56.300,56.958
06-May-2015,56.862,56.775,56.648,57.240
05-May-2015,56.648,56.326,56.090,56.662
04-May-2015,56.338,56.406,56.043,56.499
01-May-2015,56.352,56.986,56.055,57.078
30-Apr-2015,56.971,57.543,56.849,57.943
29-Apr-2015,57.395,56.902,56.652,57.435
28-Apr-2015,56.911,56.911,56.785,57.222
27-Apr-2015,56.877,57.196,56.850,57.329
24-Apr-2015,57.289,57.815,57.238,57.846
23-Apr-2015,57.799,57.481,57.317,58.290
22-Apr-2015,57.347,57.275,57.130,57.590
21-Apr-2015,57.369,57.568,57.187,57.632
20-Apr-2015,57.704,57.916,57.475,58.043
17-Apr-2015,57.791,57.718,57.626,58.107
16-Apr-2015,57.789,57.582,57.326,57.825
15-Apr-2015,57.449,57.440,57.305,57.956
14-Apr-2015,57.445,57.135,57.054,57.520
13-Apr-2015,57.072,57.550,57.052,57.636
10-Apr-2015,57.745,57.864,57.404,57.906
09-Apr-2015,57.787,58.230,57.495,58.319
08-Apr-2015,58.376,58.686,58.150,58.814
07-Apr-2015,58.571,58.941,58.328,59.008
06-Apr-2015,58.797,59.269,58.770,59.355
03-Apr-2015,58.999,58.999,58.999,58.999
02-Apr-2015,58.999,58.094,58.067,59.271
01-Apr-2015,58.289,57.621,57.316,58.354
31-Mar-2015,57.273,58.126,57.169,58.402
30-Mar-2015,58.136,58.083,57.910,58.456
27-Mar-2015,57.915,58.172,57.763,58.213
26-Mar-2015,58.128,58.687,58.098,58.997
25-Mar-2015,58.737,58.841,58.601,59.055
24-Mar-2015,58.738,58.970,58.623,59.070
23-Mar-2015,59.116,58.756,58.756,59.311
20-Mar-2015,58.549,57.788,57.472,58.682
19-Mar-2015,57.600,58.052,57.270,58.110
18-Mar-2015,57.636,57.151,56.728,57.661
17-Mar-2015,56.978,57.896,56.937,57.993
16-Mar-2015,57.834,57.347,57.253,57.958
13-Mar-2015,57.483,58.692,57.375,58.707
12-Mar-2015,58.585,58.527,58.151,58.799
11-Mar-2015,58.555,58.580,58.297,58.818
10-Mar-2015,58.249,58.641,58.046,58.677
09-Mar-2015,58.633,58.662,58.496,59.054
06-Mar-2015,58.471,58.496,58.105,58.594
05-Mar-2015,58.500,58.942,58.475,59.134
04-Mar-2015,58.952,59.384,58.628,59.473
03-Mar-2015,59.445,59.713,58.973,59.780
02-Mar-2015,59.621,60.489,59.530,60.786
27-Feb-2015,60.524,60.069,59.896,60.788
26-Feb-2015,60.117,59.651,59.567,60.222
25-Feb-2015,59.606,60.050,59.241,60.385
24-Feb-2015,60.219,59.932,59.930,60.865
23-Feb-2015,59.841,60.381,59.653,60.465
20-Feb-2015,60.444,61.136,60.364,61.215
19-Feb-2015,61.155,61.098,60.697,61.523
18-Feb-2015,61.119,61.892,60.916,62.004
17-Feb-2015,61.779,61.523,61.068,61.808
13-Feb-2015,61.343,61.028,60.789,61.506
12-Feb-2015,60.879,60.530,60.456,60.900
11-Feb-2015,60.589,60.488,60.132,60.800
10-Feb-2015,60.512,61.262,60.409,61.284
09-Feb-2015,61.288,60.921,60.532,61.326
06-Feb-2015,60.729,60.994,60.389,61.334
05-Feb-2015,60.702,60.130,60.130,60.784
04-Feb-2015,60.133,60.756,59.927,60.756
03-Feb-2015,60.522,58.954,58.941,60.910
02-Feb-2015,58.808,59.067,58.786,59.649
30-Jan-2015,59.215,59.354,58.812,59.712
29-Jan-2015,59.470,59.905,59.313,59.966
28-Jan-2015,59.999,60.603,59.980,60.693
27-Jan-2015,60.676,60.777,60.354,60.908
26-Jan-2015,60.877,60.793,60.681,61.059
23-Jan-2015,60.830,61.196,60.630,61.321
22-Jan-2015,61.226,61.770,61.144,62.007
21-Jan-2015,61.665,62.081,61.529,62.103
20-Jan-2015,61.788,61.525,61.087,61.847
16-Jan-2015,61.782,61.723,61.432,62.046
15-Jan-2015,61.602,62.220,61.281,62.735
14-Jan-2015,61.845,61.959,61.531,62.125
13-Jan-2015,61.977,63.099,61.942,63.412
12-Jan-2015,62.883,63.870,62.864,64.216
09-Jan-2015,63.887,63.410,63.309,64.116
08-Jan-2015,63.523,63.732,63.490,64.086
07-Jan-2015,63.739,64.256,63.675,64.663
06-Jan-2015,64.260,63.415,63.393,64.492
05-Jan-2015,63.507,62.175,62.123,63.617
02-Jan-2015,61.895,62.818,61.646,62.840
31-Dec-2014,62.818,63.790,62.747,63.841
30-Dec-2014,63.847,64.460,63.801,64.461
29-Dec-2014,64.396,64.764,64.189,65.053
26-Dec-2014,64.634,64.126,64.103,64.634
24-Dec-2014,64.126,64.992,63.936,64.995
23-Dec-2014,65.011,64.730,64.660,65.234
22-Dec-2014,64.806,64.779,64.606,65.193
19-Dec-2014,64.856,64.977,64.577,65.135
18-Dec-2014,65.279,64.668,64.622,65.578
17-Dec-2014,64.663,64.256,64.040,64.767
16-Dec-2014,64.318,64.749,64.205,64.868
15-Dec-2014,64.842,64.842,64.842,64.842
12-Dec-2014,64.529,64.191,64.034,64.864
11-Dec-2014,64.173,63.984,63.498,64.328
10-Dec-2014,63.813,64.286,63.574,64.713
09-Dec-2014,64.298,63.762,63.643,64.325
08-Dec-2014,63.996,63.970,63.780,64.588
05-Dec-2014,64.049,63.511,63.121,64.173
04-Dec-2014,63.521,62.923,62.807,63.598
03-Dec-2014,63.063,63.159,62.665,63.331
02-Dec-2014,63.241,64.494,63.210,64.590
01-Dec-2014,64.587,63.640,63.460,64.650
28-Nov-2014,64.050,65.146,63.659,65.146
26-Nov-2014,65.146,64.940,64.717,65.201
25-Nov-2014,64.857,63.869,63.780,64.904
24-Nov-2014,63.837,64.105,63.697,64.437
21-Nov-2014,64.190,63.669,63.515,64.679
20-Nov-2014,63.811,63.349,63.087,63.953
19-Nov-2014,63.325,63.574,63.256,63.873
18-Nov-2014,63.801,64.099,63.646,64.421
17-Nov-2014,64.208,64.564,63.750,64.681
14-Nov-2014,64.523,64.915,64.395,65.048
13-Nov-2014,64.980,64.715,64.563,65.557
12-Nov-2014,64.585,64.512,64.194,65.528
11-Nov-2014,64.443,63.006,62.831,64.521
10-Nov-2014,62.960,63.178,62.893,64.026
07-Nov-2014,63.195,63.249,62.846,63.431
06-Nov-2014,63.264,63.053,62.846,63.660
05-Nov-2014,63.189,63.188,62.339,63.323
04-Nov-2014,63.166,63.961,63.124,64.047
03-Nov-2014,64.119,64.396,63.953,64.699
31-Oct-2014,64.790,64.662,63.749,64.854
30-Oct-2014,64.537,65.161,64.448,65.486
29-Oct-2014,65.120,63.988,63.852,65.210
28-Oct-2014,63.778,63.302,63.275,64.301
27-Oct-2014,63.371,62.257,61.874,63.427
24-Oct-2014,62.567,63.210,62.541,63.693
23-Oct-2014,63.169,62.267,62.238,63.193
22-Oct-2014,62.371,62.849,62.316,63.509
21-Oct-2014,62.801,62.302,61.909,62.994
20-Oct-2014,62.173,62.619,61.730,62.670
17-Oct-2014,62.846,63.795,62.813,63.841
16-Oct-2014,63.619,62.877,62.633,63.661
15-Oct-2014,62.831,63.762,62.798,64.158
14-Oct-2014,63.923,62.962,62.942,63.952
13-Oct-2014,62.962,62.092,61.865,63.126
10-Oct-2014,61.963,62.679,61.917,63.233
09-Oct-2014,62.751,62.682,62.545,63.330
08-Oct-2014,62.658,62.573,62.380,63.006
07-Oct-2014,62.813,62.374,62.148,63.413
06-Oct-2014,62.428,60.683,60.636,62.440
03-Oct-2014,60.345,60.375,60.169,60.652
02-Oct-2014,60.336,59.808,59.659,60.536
01-Oct-2014,59.743,59.286,59.254,59.945
30-Sep-2014,59.489,60.017,59.413,60.157
29-Sep-2014,60.133,59.187,59.147,60.158
26-Sep-2014,59.252,59.123,59.034,59.464
25-Sep-2014,59.197,59.970,58.954,60.124
24-Sep-2014,59.819,59.105,59.025,59.893
23-Sep-2014,59.141,59.280,59.099,59.667
22-Sep-2014,59.206,59.432,58.843,59.454
19-Sep-2014,59.662,60.497,59.656,60.547
18-Sep-2014,60.648,61.518,60.624,61.623
17-Sep-2014,61.600,61.561,61.126,61.673
16-Sep-2014,61.529,61.907,61.315,62.289
15-Sep-2014,61.680,61.389,61.068,61.851
12-Sep-2014,61.637,62.113,61.460,62.144
11-Sep-2014,61.923,62.226,61.347,62.332
10-Sep-2014,62.380,63.040,62.356,63.060
09-Sep-2014,63.092,63.613,63.043,63.662
08-Sep-2014,63.727,64.685,63.464,64.781
05-Sep-2014,64.501,64.359,63.944,64.577
04-Sep-2014,64.012,64.861,63.791,64.914
03-Sep-2014,64.827,66.160,64.763,66.201
02-Sep-2014,66.295,65.584,65.584,66.433
29-Aug-2014,65.767,66.259,65.430,66.334
28-Aug-2014,66.165,65.669,65.643,66.301
27-Aug-2014,65.704,65.806,65.496,66.108
26-Aug-2014,65.716,65.129,64.990,65.728
25-Aug-2014,65.102,65.745,64.964,65.745
22-Aug-2014,65.747,65.951,65.747,65.951
21-Aug-2014,65.760,65.430,65.428,66.096
20-Aug-2014,65.410,65.636,65.115,65.705
19-Aug-2014,65.644,65.968,65.446,66.000
18-Aug-2014,66.095,66.254,66.005,66.605
15-Aug-2014,66.494,65.907,65.855,66.859
14-Aug-2014,66.086,65.625,65.425,66.177
13-Aug-2014,65.800,66.154,65.783,66.499
12-Aug-2014,66.089,66.698,65.467,66.698
11-Aug-2014,66.839,66.512,66.268,67.084
08-Aug-2014,66.522,66.985,66.343,67.099
07-Aug-2014,67.058,67.598,66.896,67.940
06-Aug-2014,67.871,67.009,66.771,67.895
05-Aug-2014,66.865,67.055,66.566,67.156
04-Aug-2014,67.312,66.853,66.800,67.617
01-Aug-2014,66.560,67.214,66.521,67.625
31-Jul-2014,67.281,66.868,66.743,67.533
30-Jul-2014,66.948,66.940,66.698,67.237
29-Jul-2014,67.028,67.983,66.784,68.116
28-Jul-2014,67.982,67.803,67.498,68.090
25-Jul-2014,67.416,67.141,66.746,67.432
24-Jul-2014,67.159,67.143,66.961,68.266
23-Jul-2014,67.070,66.313,66.182,67.114
22-Jul-2014,66.285,67.102,66.282,67.353
21-Jul-2014,67.060,67.103,66.823,67.326
18-Jul-2014,67.496,67.829,67.415,68.125
17-Jul-2014,67.818,67.583,67.455,68.775
16-Jul-2014,67.753,67.458,67.458,68.184
15-Jul-2014,67.365,67.760,66.809,67.760
14-Jul-2014,67.833,67.005,66.972,67.974
11-Jul-2014,67.104,68.317,66.764,68.394
10-Jul-2014,68.341,69.129,68.341,69.192
09-Jul-2014,69.314,70.020,69.062,70.086
08-Jul-2014,70.147,70.331,70.147,70.340
07-Jul-2014,70.298,71.453,69.838,71.453
03-Jul-2014,71.453,71.880,71.429,71.959
02-Jul-2014,71.733,71.907,71.324,71.994
01-Jul-2014,71.890,72.214,71.452,72.287
30-Jun-2014,72.593,75.142,72.427,75.142
27-Jun-2014,75.262,75.904,75.091,76.056
26-Jun-2014,75.904,75.519,75.399,76.103
25-Jun-2014,75.519,75.263,74.957,75.591
24-Jun-2014,75.263,75.732,74.842,75.732
23-Jun-2014,75.732,76.099,75.453,76.642
20-Jun-2014,76.014,75.669,75.409,76.046
19-Jun-2014,75.669,74.811,74.811,75.728
18-Jun-2014,74.811,74.359,74.346,75.043
17-Jun-2014,74.359,74.751,74.001,74.811
16-Jun-2014,74.751,75.183,74.751,75.478
13-Jun-2014,75.195,74.550,74.550,75.433
12-Jun-2014,74.547,74.709,74.304,74.921
11-Jun-2014,74.709,75.157,74.598,75.509
10-Jun-2014,75.157,75.473,75.093,75.692
09-Jun-2014,75.467,76.210,75.242,76.304
06-Jun-2014,76.136,75.392,75.290,76.180
05-Jun-2014,75.392,76.350,75.361,76.438
04-Jun-2014,76.350,76.436,76.198,76.827
03-Jun-2014,76.436,77.110,76.145,77.156
02-Jun-2014,77.142,77.087,76.845,77.652
30-May-2014,77.453,78.167,77.391,78.362
29-May-2014,78.118,77.895,77.777,78.486
28-May-2014,77.845,77.775,77.147,78.056
27-May-2014,77.775,79.067,77.756,79.067
23-May-2014,79.072,79.275,78.917,79.645
22-May-2014,79.275,79.143,79.093,79.894
21-May-2014,79.143,78.884,78.698,79.256
20-May-2014,78.884,79.359,78.824,79.913
19-May-2014,79.355,79.462,78.909,79.525
16-May-2014,79.462,80.400,79.298,80.600
15-May-2014,80.400,80.931,80.100,81.140
14-May-2014,80.865,81.250,80.504,81.514
13-May-2014,81.250,80.720,80.706,81.299
12-May-2014,80.720,81.018,80.396,81.137
09-May-2014,81.269,82.104,81.179,82.104
08-May-2014,82.104,81.927,81.371,82.298
07-May-2014,81.908,82.368,81.706,82.376
06-May-2014,82.368,82.207,81.503,82.548
05-May-2014,82.207,81.721,81.721,82.469
02-May-2014,81.721,81.841,81.510,82.272
01-May-2014,81.841,83.432,81.765,83.558
30-Apr-2014,83.451,83.763,82.931,83.763
29-Apr-2014,83.763,82.471,82.251,83.798
28-Apr-2014,82.471,82.806,82.233,83.313
25-Apr-2014,82.806,82.236,82.236,83.037
24-Apr-2014,82.236,82.038,81.778,82.587
23-Apr-2014,82.069,81.647,81.414,82.231
22-Apr-2014,81.647,80.844,80.844,81.994
21-Apr-2014,80.844,81.837,80.435,81.917
17-Apr-2014,81.837,81.557,81.301,82.016
16-Apr-2014,81.557,81.681,81.340,82.331
15-Apr-2014,81.681,81.364,81.083,82.165
14-Apr-2014,81.364,80.449,80.449,81.512
11-Apr-2014,80.424,81.232,80.355,81.232
10-Apr-2014,81.232,81.385,80.760,81.631
09-Apr-2014,81.385,81.396,80.999,82.225
08-Apr-2014,81.396,80.380,80.227,81.551
07-Apr-2014,80.380,80.488,79.944,81.030
04-Apr-2014,80.488,79.975,79.559,80.488
03-Apr-2014,79.975,79.213,79.206,79.975
02-Apr-2014,79.213,80.694,78.945,80.825
01-Apr-2014,80.572,80.775,80.423,81.137
31-Mar-2014,80.643,80.068,78.728,80.686
28-Mar-2014,80.065,80.055,79.741,80.337
27-Mar-2014,80.060,79.313,79.158,80.064
26-Mar-2014,79.284,79.249,79.023,79.594
25-Mar-2014,79.249,79.270,78.877,79.434
24-Mar-2014,79.270,78.198,78.095,79.320
21-Mar-2014,78.142,78.961,78.048,79.000
20-Mar-2014,78.956,80.232,78.768,80.274
19-Mar-2014,80.192,79.899,79.531,80.416
18-Mar-2014,79.732,78.543,78.447,79.778
17-Mar-2014,78.598,79.445,78.378,79.529
14-Mar-2014,79.478,80.001,79.027,80.001
13-Mar-2014,80.001,80.116,79.734,80.638
12-Mar-2014,80.116,80.024,78.769,80.268
11-Mar-2014,80.145,79.644,79.486,80.507
10-Mar-2014,79.742,80.374,79.574,80.826
07-Mar-2014,80.591,80.527,80.204,81.659
06-Mar-2014,80.393,79.750,79.447,80.443
05-Mar-2014,79.750,78.928,78.487,80.055
04-Mar-2014,78.928,78.222,77.634,78.946
03-Mar-2014,78.222,76.911,76.911,78.615
28-Feb-2014,76.830,76.068,75.672,76.870
27-Feb-2014,76.068,76.377,75.983,77.419
26-Feb-2014,76.377,76.338,75.894,76.558
25-Feb-2014,76.371,76.118,75.836,76.421
24-Feb-2014,76.118,75.133,75.075,76.150
21-Feb-2014,75.072,74.838,74.643,75.190
20-Feb-2014,74.849,74.889,74.217,75.164
19-Feb-2014,74.889,73.802,73.628,74.913
18-Feb-2014,73.802,72.077,72.077,73.857
14-Feb-2014,72.077,72.003,71.852,72.273
13-Feb-2014,72.003,71.557,71.355,72.040
12-Feb-2014,71.557,71.460,71.096,71.933
11-Feb-2014,71.460,71.266,70.894,71.475
10-Feb-2014,71.266,71.151,70.892,71.623
07-Feb-2014,71.268,71.233,70.952,71.702
06-Feb-2014,71.233,71.543,71.146,72.067
05-Feb-2014,71.543,71.054,70.694,71.544
04-Feb-2014,71.054,69.833,69.728,71.054
03-Feb-2014,69.833,68.901,68.788,69.907
31-Jan-2014,68.901,68.117,68.117,69.004
30-Jan-2014,68.117,67.490,67.447,68.333
29-Jan-2014,67.490,68.181,67.478,68.181
28-Jan-2014,68.181,67.990,67.938,68.270
27-Jan-2014,67.981,68.232,67.794,68.528
24-Jan-2014,68.232,68.170,67.629,68.336
23-Jan-2014,68.170,67.957,67.957,68.798
22-Jan-2014,67.957,68.162,67.798,68.383
21-Jan-2014,68.096,68.575,67.950,68.679
17-Jan-2014,68.628,69.076,68.432,69.076
16-Jan-2014,69.076,68.720,68.661,69.282
15-Jan-2014,68.716,69.106,68.638,69.139
14-Jan-2014,69.101,68.934,68.529,69.227
13-Jan-2014,68.934,68.934,68.934,68.934
10-Jan-2014,68.580,67.979,67.871,68.833
09-Jan-2014,67.979,68.342,67.748,68.468
08-Jan-2014,68.291,69.039,68.177,69.096
07-Jan-2014,69.039,69.237,68.980,69.537
06-Jan-2014,69.237,68.825,68.810,69.310
03-Jan-2014,68.755,68.546,68.401,68.815
02-Jan-2014,68.481,69.224,68.345,69.224
31-Dec-2013,69.224,69.676,69.164,69.750
30-Dec-2013,69.676,70.116,69.516,70.116
27-Dec-2013,70.116,69.734,69.734,70.172
26-Dec-2013,69.681,70.226,69.662,70.346
24-Dec-2013,70.226,70.186,70.024,70.342
23-Dec-2013,70.221,70.653,70.221,70.664
20-Dec-2013,70.653,70.059,69.959,70.766
19-Dec-2013,70.059,69.753,69.638,70.162
18-Dec-2013,69.753,70.298,69.711,70.420
17-Dec-2013,70.298,70.301,70.030,70.607
16-Dec-2013,70.350,70.295,69.931,70.663
13-Dec-2013,70.295,70.432,70.025,70.455
12-Dec-2013,70.432,71.082,70.069,71.093
11-Dec-2013,71.082,70.740,70.740,71.099
10-Dec-2013,70.801,70.903,70.506,71.275
09-Dec-2013,70.903,70.508,70.508,71.025
06-Dec-2013,70.497,70.414,70.259,70.672
05-Dec-2013,70.484,70.859,70.237,70.866
04-Dec-2013,70.859,70.783,70.422,71.240
03-Dec-2013,70.783,70.653,70.325,70.941
02-Dec-2013,70.653,71.310,70.458,71.583
29-Nov-2013,71.226,70.732,70.720,71.329
27-Nov-2013,70.732,70.864,70.683,71.299
26-Nov-2013,70.864,71.053,70.581,71.053
25-Nov-2013,71.053,70.726,70.633,71.185
22-Nov-2013,70.726,70.463,70.295,70.788
21-Nov-2013,70.463,69.926,69.926,70.483
20-Nov-2013,69.926,69.956,69.888,70.250
19-Nov-2013,69.950,70.041,69.601,70.214
18-Nov-2013,70.041,70.149,70.013,70.363
15-Nov-2013,70.149,70.859,70.118,71.074
14-Nov-2013,70.859,71.138,70.792,71.215
13-Nov-2013,71.138,71.412,71.052,71.526
12-Nov-2013,71.412,71.144,71.080,71.625
11-Nov-2013,71.144,70.984,70.929,71.376
08-Nov-2013,70.984,70.252,70.079,71.005
07-Nov-2013,70.269,70.049,69.958,70.544
06-Nov-2013,70.063,70.229,70.024,70.442
05-Nov-2013,70.229,70.566,70.175,70.762
04-Nov-2013,70.575,70.724,70.535,70.988
01-Nov-2013,70.724,71.168,70.688,71.259
31-Oct-2013,71.124,71.674,71.091,72.095
30-Oct-2013,71.674,71.790,71.661,72.100
29-Oct-2013,71.761,71.956,71.606,72.104
28-Oct-2013,71.956,72.963,71.938,73.017
25-Oct-2013,73.042,73.378,73.013,73.496
24-Oct-2013,73.378,73.838,73.268,74.016
23-Oct-2013,73.838,73.817,73.783,74.381
22-Oct-2013,73.817,74.066,73.713,74.066
21-Oct-2013,74.066,74.012,73.672,74.304
18-Oct-2013,74.048,73.485,73.485,74.550
17-Oct-2013,73.471,73.132,73.132,73.580
16-Oct-2013,73.132,72.935,72.852,73.259
15-Oct-2013,72.935,73.188,72.731,73.293
14-Oct-2013,73.180,72.841,72.756,73.254
11-Oct-2013,72.841,73.088,72.708,73.088
10-Oct-2013,73.088,73.235,73.044,73.697
09-Oct-2013,73.216,73.304,72.988,73.441
08-Oct-2013,73.298,73.649,73.148,73.889
07-Oct-2013,73.599,73.434,73.304,73.648
04-Oct-2013,73.434,73.331,73.059,73.542
03-Oct-2013,73.331,72.891,72.891,73.583
02-Oct-2013,72.839,72.513,72.352,73.040
01-Oct-2013,72.520,72.774,72.202,72.805
30-Sep-2013,72.774,73.618,72.697,74.008
27-Sep-2013,73.624,73.834,73.484,73.959
26-Sep-2013,73.834,73.757,73.429,73.885
25-Sep-2013,73.757,73.049,73.049,74.026
24-Sep-2013,73.049,72.861,72.861,73.340
23-Sep-2013,72.861,72.677,72.452,73.092
20-Sep-2013,72.720,73.716,72.654,73.752
19-Sep-2013,73.716,73.460,73.379,74.270
18-Sep-2013,73.460,73.114,73.047,73.466
17-Sep-2013,73.114,73.531,72.913,74.316
16-Sep-2013,73.514,74.390,73.422,74.390
13-Sep-2013,74.390,75.111,74.308,75.118
12-Sep-2013,75.171,74.400,73.543,75.227
11-Sep-2013,74.442,74.110,73.875,74.506
10-Sep-2013,74.078,73.665,73.455,74.268
09-Sep-2013,73.788,74.134,73.654,74.460
06-Sep-2013,74.134,73.518,73.492,74.308
05-Sep-2013,73.518,73.680,72.938,73.735
04-Sep-2013,73.609,74.555,73.333,74.555
03-Sep-2013,74.555,74.215,74.215,75.751
30-Aug-2013,74.215,74.276,73.832,74.357
29-Aug-2013,74.484,74.826,74.403,75.015
28-Aug-2013,74.791,74.920,74.606,75.434
27-Aug-2013,74.920,75.878,74.899,76.286
26-Aug-2013,75.928,73.979,73.979,76.476
23-Aug-2013,73.296,72.118,72.118,73.436
22-Aug-2013,72.131,73.147,72.093,73.147
21-Aug-2013,73.226,73.121,72.923,74.033
20-Aug-2013,73.157,74.313,73.132,74.313
19-Aug-2013,74.313,73.288,73.270,74.325
16-Aug-2013,72.948,73.485,72.863,73.522
15-Aug-2013,73.518,72.414,72.410,73.618
14-Aug-2013,72.414,71.888,71.522,72.418
13-Aug-2013,71.888,72.465,71.814,72.969
12-Aug-2013,72.387,71.054,71.020,72.663
09-Aug-2013,71.012,71.465,70.898,71.617
08-Aug-2013,71.289,71.162,70.902,71.450
07-Aug-2013,70.684,70.569,70.300,70.937
06-Aug-2013,70.518,70.720,70.371,70.856
05-Aug-2013,70.763,70.783,70.516,71.165
02-Aug-2013,71.220,71.706,71.100,72.140
01-Aug-2013,71.673,72.478,71.417,72.478
31-Jul-2013,72.502,72.259,72.027,72.527
30-Jul-2013,72.232,72.572,72.059,72.649
29-Jul-2013,72.326,72.302,72.104,72.732
26-Jul-2013,72.415,72.787,72.258,72.835
25-Jul-2013,72.536,73.012,72.235,73.012
24-Jul-2013,73.303,74.140,73.217,74.243
23-Jul-2013,74.181,75.150,74.069,75.220
22-Jul-2013,75.389,75.203,74.955,75.495
19-Jul-2013,75.088,74.888,74.861,75.461
18-Jul-2013,74.847,75.019,74.580,75.328
17-Jul-2013,75.075,75.451,75.012,75.527
16-Jul-2013,75.280,75.733,74.868,75.845
15-Jul-2013,74.575,74.137,74.097,74.755
12-Jul-2013,74.730,75.907,74.613,75.932
11-Jul-2013,75.984,75.854,75.326,76.165
10-Jul-2013,75.775,75.624,75.362,76.194
09-Jul-2013,75.522,75.065,74.852,75.767
08-Jul-2013,74.286,73.691,73.691,74.406
05-Jul-2013,73.440,74.319,73.381,74.393
03-Jul-2013,74.290,74.677,74.102,74.692
02-Jul-2013,74.154,74.452,73.971,74.477
01-Jul-2013,74.110,74.764,74.055,74.847
28-Jun-2013,74.725,76.416,74.618,76.448
27-Jun-2013,76.298,76.550,76.133,76.717
26-Jun-2013,76.442,76.732,76.420,77.061
25-Jun-2013,76.915,77.260,76.581,77.324
24-Jun-2013,76.708,76.770,76.454,76.840
21-Jun-2013,77.330,77.616,77.268,77.781
20-Jun-2013,77.652,78.260,77.505,78.333
19-Jun-2013,79.343,77.742,77.639,79.421
18-Jun-2013,77.846,77.560,77.477,77.945
17-Jun-2013,77.590,77.147,76.864,77.790
14-Jun-2013,77.581,77.473,77.029,77.681
13-Jun-2013,77.388,77.576,76.861,77.596
12-Jun-2013,77.682,78.392,77.243,78.403
11-Jun-2013,78.412,77.782,77.635,78.506
10-Jun-2013,77.779,77.952,77.386,78.091
07-Jun-2013,78.467,78.812,78.297,78.848
06-Jun-2013,78.514,78.317,78.302,78.615
05-Jun-2013,78.393,78.576,78.326,79.073
04-Jun-2013,78.530,77.962,77.929,78.614
03-Jun-2013,78.434,78.761,77.690,78.863
31-May-2013,77.970,77.831,77.596,78.199
30-May-2013,77.488,77.839,77.232,77.845
29-May-2013,78.075,78.127,77.444,78.277
28-May-2013,78.186,77.770,77.722,78.723
24-May-2013,77.481,78.196,77.431,78.217
23-May-2013,78.249,77.928,77.682,79.346
22-May-2013,77.909,77.482,77.209,77.978
21-May-2013,77.400,77.143,76.882,77.494
20-May-2013,77.693,77.685,77.010,77.760
17-May-2013,77.590,77.338,76.783,77.676
16-May-2013,77.055,77.382,76.787,77.391
15-May-2013,77.278,77.597,77.095,78.097
14-May-2013,77.903,78.326,77.658,78.350
13-May-2013,78.191,77.306,77.238,78.499
10-May-2013,77.249,78.247,76.941,78.284
09-May-2013,78.355,77.079,77.067,78.434
08-May-2013,77.141,77.273,76.652,77.453
07-May-2013,77.238,77.037,76.655,77.387
06-May-2013,76.909,77.305,76.839,77.581
03-May-2013,77.977,77.866,77.662,78.512
02-May-2013,77.801,77.274,77.152,77.895
01-May-2013,76.845,77.171,76.788,77.321
30-Apr-2013,77.946,78.032,77.603,78.257
29-Apr-2013,77.907,76.349,76.230,77.978
26-Apr-2013,75.877,75.794,75.649,76.256
25-Apr-2013,76.071,75.628,75.320,76.104
24-Apr-2013,75.177,75.631,75.023,75.715
23-Apr-2013,75.540,76.120,75.505,76.203
22-Apr-2013,76.316,76.515,75.936,76.540
19-Apr-2013,77.085,76.764,76.709,77.313
18-Apr-2013,76.853,77.278,76.641,77.437
17-Apr-2013,76.963,76.713,76.446,77.286
16-Apr-2013,76.786,75.930,75.915,76.800
15-Apr-2013,75.725,76.260,75.681,76.484
12-Apr-2013,77.214,76.943,76.897,77.283
11-Apr-2013,76.655,76.696,76.572,77.144
10-Apr-2013,76.628,76.695,76.113,77.567
09-Apr-2013,76.603,76.182,76.103,76.679
08-Apr-2013,76.189,76.382,76.033,76.426
05-Apr-2013,75.795,75.725,75.563,75.997
04-Apr-2013,75.973,76.455,75.663,76.467
03-Apr-2013,76.510,76.378,75.737,76.742
02-Apr-2013,76.261,76.674,75.825,76.813
01-Apr-2013,76.230,77.031,75.995,77.638
28-Mar-2013,78.237,81.084,78.126,81.193
27-Mar-2013,81.065,80.752,80.469,81.250
26-Mar-2013,80.714,80.523,80.344,80.786
25-Mar-2013,80.432,80.276,80.069,80.649
22-Mar-2013,80.495,80.657,79.952,80.681
21-Mar-2013,80.798,80.549,80.243,80.842
20-Mar-2013,80.486,80.510,79.956,80.553
19-Mar-2013,80.013,80.030,79.602,80.192
18-Mar-2013,79.755,79.784,79.269,79.897
15-Mar-2013,80.670,80.904,80.489,81.060
14-Mar-2013,80.766,80.402,80.296,80.845
13-Mar-2013,80.452,80.797,79.887,80.835
12-Mar-2013,80.886,80.685,80.631,81.141
11-Mar-2013,80.996,80.599,80.511,81.218
08-Mar-2013,80.584,80.383,79.863,80.768
07-Mar-2013,80.268,79.697,79.495,80.283
06-Mar-2013,79.539,80.342,79.492,80.370
05-Mar-2013,80.404,80.417,80.149,80.825
04-Mar-2013,80.245,79.992,79.378,80.320
01-Mar-2013,80.048,79.711,79.463,80.111
28-Feb-2013,80.188,79.755,79.569,80.579
27-Feb-2013,79.520,79.561,79.252,79.828
26-Feb-2013,79.175,78.890,78.763,79.303
25-Feb-2013,79.000,79.557,78.736,79.564
22-Feb-2013,79.513,80.442,79.456,80.726
21-Feb-2013,79.989,80.410,79.837,80.581
20-Feb-2013,80.838,80.388,80.257,80.907
19-Feb-2013,80.191,80.030,79.673,80.288
15-Feb-2013,79.557,79.599,79.241,79.852
14-Feb-2013,79.260,79.556,78.860,79.622
13-Feb-2013,79.642,78.921,78.921,79.846
12-Feb-2013,79.604,80.031,79.300,80.185
11-Feb-2013,80.313,80.674,80.278,80.935
08-Feb-2013,80.965,81.698,80.918,82.061
07-Feb-2013,81.593,82.029,81.524,82.221
06-Feb-2013,82.204,82.294,81.881,82.404
05-Feb-2013,82.766,82.899,82.407,82.996
04-Feb-2013,83.009,83.569,82.862,83.611
01-Feb-2013,83.146,83.811,83.006,84.046
31-Jan-2013,83.294,83.266,82.743,83.413
30-Jan-2013,83.556,83.247,82.901,83.623
29-Jan-2013,82.435,82.535,82.311,82.766
28-Jan-2013,82.464,82.107,81.784,82.544
25-Jan-2013,81.840,81.651,81.347,82.155
24-Jan-2013,81.847,81.416,81.015,81.847
23-Jan-2013,81.923,82.239,81.752,82.512
22-Jan-2013,82.165,82.782,82.121,82.953
18-Jan-2013,82.253,82.260,81.866,82.316
17-Jan-2013,81.950,82.118,81.787,82.583
16-Jan-2013,82.204,82.040,81.720,82.356
15-Jan-2013,81.724,81.858,81.590,82.126
14-Jan-2013,81.522,81.155,80.994,81.672
11-Jan-2013,80.184,79.330,78.738,80.820
10-Jan-2013,79.641,79.814,79.541,80.081
09-Jan-2013,79.436,79.462,79.210,79.768
08-Jan-2013,79.394,79.612,79.362,79.828
07-Jan-2013,79.604,79.335,78.938,79.888
04-Jan-2013,78.918,79.663,78.694,79.917
03-Jan-2013,79.852,80.047,79.582,80.223
02-Jan-2013,80.363,80.808,80.111,82.175
31-Dec-2012,80.808,80.242,79.978,80.942
28-Dec-2012,80.823,80.856,80.448,81.080
27-Dec-2012,80.557,80.602,80.410,80.950
26-Dec-2012,80.617,81.589,80.548,81.795
24-Dec-2012,81.589,81.549,81.364,81.662
21-Dec-2012,81.427,81.152,81.020,81.603
20-Dec-2012,80.612,80.907,79.994,80.947
19-Dec-2012,81.624,82.850,81.566,83.089
18-Dec-2012,82.817,82.895,82.570,83.114
17-Dec-2012,83.456,83.835,83.194,83.923
14-Dec-2012,83.550,83.098,82.918,83.604
13-Dec-2012,82.498,82.829,82.267,83.132
12-Dec-2012,82.886,83.203,82.688,83.442
11-Dec-2012,83.477,83.963,83.160,84.253
10-Dec-2012,84.093,84.669,83.784,84.755
07-Dec-2012,84.905,85.379,84.756,85.391
06-Dec-2012,85.569,85.589,84.935,85.679
05-Dec-2012,85.483,84.986,84.690,85.540
04-Dec-2012,84.653,85.197,84.087,85.213
03-Dec-2012,85.069,85.326,84.747,85.802
30-Nov-2012,84.586,85.159,84.316,85.246
29-Nov-2012,85.544,86.003,85.316,86.186
28-Nov-2012,85.660,85.275,84.872,85.859
27-Nov-2012,85.507,86.200,84.850,86.331
26-Nov-2012,84.112,84.394,83.953,84.528
23-Nov-2012,83.879,83.844,83.562,84.279
21-Nov-2012,83.833,84.086,83.688,84.237
20-Nov-2012,84.010,83.551,83.097,84.206
19-Nov-2012,83.620,83.236,83.192,83.833
16-Nov-2012,82.469,82.270,81.639,82.693
15-Nov-2012,82.796,83.240,82.754,83.330
14-Nov-2012,83.255,83.580,82.979,83.653
13-Nov-2012,82.901,83.669,82.278,83.715
12-Nov-2012,83.183,84.468,82.945,84.620
09-Nov-2012,84.826,85.890,84.780,86.053
08-Nov-2012,85.986,86.194,85.752,86.354
07-Nov-2012,86.106,86.407,85.477,86.606
06-Nov-2012,86.073,85.991,85.870,86.224
05-Nov-2012,85.367,86.100,85.306,86.254
02-Nov-2012,86.128,86.923,86.033,87.020
01-Nov-2012,87.151,87.825,87.095,87.875
31-Oct-2012,87.039,87.081,86.573,87.421
30-Oct-2012,86.467,86.879,86.392,87.030
29-Oct-2012,86.437,87.095,86.218,87.202
26-Oct-2012,87.078,87.401,87.015,87.833
25-Oct-2012,87.687,88.525,87.586,88.686
24-Oct-2012,88.443,88.279,87.980,88.865
23-Oct-2012,87.933,88.009,87.159,88.059
22-Oct-2012,88.653,88.952,88.528,89.079
19-Oct-2012,88.318,88.827,88.214,88.982
18-Oct-2012,88.258,87.680,87.232,88.423
17-Oct-2012,87.024,86.556,86.291,87.064
16-Oct-2012,86.221,86.476,86.026,86.751
15-Oct-2012,85.784,85.939,85.344,86.333
12-Oct-2012,87.006,88.244,86.608,88.347
11-Oct-2012,88.781,87.581,87.183,89.410
10-Oct-2012,87.459,88.029,87.224,88.139
09-Oct-2012,88.120,88.754,88.065,89.051
08-Oct-2012,88.089,87.704,87.701,88.441
05-Oct-2012,88.242,88.786,88.171,89.118
04-Oct-2012,89.035,89.317,88.899,90.011
03-Oct-2012,88.857,88.341,87.800,89.347
02-Oct-2012,88.906,88.751,88.120,88.976
01-Oct-2012,89.274,89.638,88.709,90.281
28-Sep-2012,90.050,87.000,86.974,90.365
27-Sep-2012,87.589,87.729,87.217,88.133
26-Sep-2012,87.877,89.157,87.617,89.169
25-Sep-2012,89.915,90.134,89.563,90.611
24-Sep-2012,89.922,89.728,89.192,90.153
21-Sep-2012,90.404,90.443,90.013,90.677
20-Sep-2012,89.868,90.779,89.541,91.106
19-Sep-2012,91.322,91.164,90.455,91.395
18-Sep-2012,90.163,90.521,90.102,91.358
17-Sep-2012,91.302,93.629,91.258,93.654
14-Sep-2012,94.771,94.927,94.576,95.459
13-Sep-2012,93.830,93.412,93.133,93.919
12-Sep-2012,93.299,92.683,91.797,93.500
11-Sep-2012,92.585,93.311,92.473,93.507
10-Sep-2012,93.151,94.270,93.100,94.350
07-Sep-2012,93.890,93.476,93.106,94.529
06-Sep-2012,93.498,93.281,92.701,93.621
05-Sep-2012,92.998,94.087,92.861,94.315
04-Sep-2012,94.477,96.188,93.782,96.188
31-Aug-2012,94.228,94.535,93.686,94.757
30-Aug-2012,94.809,94.741,94.617,95.385
29-Aug-2012,94.934,94.144,93.547,94.983
28-Aug-2012,93.333,93.444,92.806,93.841
27-Aug-2012,93.339,94.301,93.311,94.522
24-Aug-2012,93.776,94.424,93.503,94.593
23-Aug-2012,93.856,94.980,93.559,95.615
22-Aug-2012,95.225,95.002,94.663,95.525
21-Aug-2012,95.419,94.466,94.229,95.538
20-Aug-2012,93.751,92.887,92.485,93.786
17-Aug-2012,92.162,91.783,91.624,92.453
16-Aug-2012,91.482,91.627,91.312,91.987
15-Aug-2012,91.401,90.841,90.297,91.517
14-Aug-2012,90.210,91.518,90.074,91.576
13-Aug-2012,90.796,92.035,90.731,92.379
10-Aug-2012,92.861,93.969,92.742,94.981
09-Aug-2012,93.633,93.041,92.876,93.935
08-Aug-2012,92.479,91.100,91.009,92.547
07-Aug-2012,91.741,93.084,91.579,93.176
06-Aug-2012,92.614,92.733,92.210,92.994
03-Aug-2012,93.477,91.854,91.796,94.006
02-Aug-2012,92.007,92.518,91.321,92.921
01-Aug-2012,93.000,92.800,91.450,93.269
31-Jul-2012,93.749,95.337,93.676,95.488
30-Jul-2012,94.869,94.680,94.385,95.069
27-Jul-2012,92.956,92.622,91.951,93.577
26-Jul-2012,91.594,92.779,91.238,93.650
25-Jul-2012,93.618,93.150,92.584,94.087
24-Jul-2012,92.182,93.548,91.043,93.874
23-Jul-2012,95.271,94.860,94.609,96.134
20-Jul-2012,97.395,96.064,95.974,97.438
19-Jul-2012,96.008,95.403,94.381,96.393
18-Jul-2012,94.069,91.765,91.755,94.167
17-Jul-2012,92.712,92.065,91.803,93.370
16-Jul-2012,92.891,92.651,92.014,93.038
13-Jul-2012,90.404,90.675,89.860,91.045
12-Jul-2012,89.320,88.491,88.437,89.933
11-Jul-2012,88.454,89.104,87.250,91.092
10-Jul-2012,88.886,89.028,88.620,89.445
09-Jul-2012,89.606,89.028,88.850,90.345
06-Jul-2012,86.929,87.002,86.759,87.498
05-Jul-2012,88.409,85.857,85.857,88.585
03-Jul-2012,85.782,84.380,84.117,85.789
02-Jul-2012,83.467,83.212,82.889,83.682
29-Jun-2012,82.033,81.330,80.659,82.339
28-Jun-2012,80.594,81.313,80.382,81.507
27-Jun-2012,81.098,80.751,80.751,82.387
26-Jun-2012,80.474,79.394,79.212,80.958
25-Jun-2012,79.602,78.108,77.816,79.607
22-Jun-2012,76.130,76.996,76.092,77.311
21-Jun-2012,76.336,76.789,76.324,77.761
20-Jun-2012,77.628,77.220,76.399,77.662
19-Jun-2012,77.281,75.446,75.411,77.294
18-Jun-2012,74.324,73.243,73.038,74.434
15-Jun-2012,72.667,73.143,72.605,73.426
14-Jun-2012,72.874,73.117,72.794,73.622
13-Jun-2012,73.087,73.880,72.944,73.888
12-Jun-2012,73.811,74.355,73.547,74.868
11-Jun-2012,74.399,74.816,74.314,74.963
08-Jun-2012,74.379,73.862,73.755,74.835
07-Jun-2012,74.677,73.796,73.723,74.792
06-Jun-2012,73.134,72.260,72.068,73.313
05-Jun-2012,71.257,71.729,71.237,71.938
04-Jun-2012,71.475,71.346,71.044,71.742
01-Jun-2012,70.895,71.693,70.864,72.466
31-May-2012,72.045,72.933,72.045,73.069
30-May-2012,73.036,73.292,72.623,73.411
29-May-2012,73.606,74.484,73.491,74.960
25-May-2012,74.561,74.657,74.270,74.777
24-May-2012,73.989,75.044,73.811,75.214
23-May-2012,74.250,74.636,73.788,74.827
22-May-2012,75.533,77.140,75.427,77.462
21-May-2012,77.788,77.870,77.412,78.205
18-May-2012,77.645,77.084,77.084,78.085
17-May-2012,77.294,76.525,76.481,77.312
16-May-2012,76.397,74.594,74.581,76.420
15-May-2012,75.227,74.933,74.347,75.370
14-May-2012,74.147,73.620,73.599,74.262
11-May-2012,74.475,75.090,74.266,75.657
10-May-2012,75.964,76.567,75.726,77.001
09-May-2012,76.045,76.768,75.921,76.808
08-May-2012,76.965,77.919,76.858,78.049
07-May-2012,77.599,77.380,77.056,77.671
04-May-2012,77.708,78.164,76.862,78.206
03-May-2012,77.726,78.252,77.568,78.373
02-May-2012,78.069,79.243,77.930,79.480
01-May-2012,79.621,79.299,79.239,79.893
30-Apr-2012,79.962,79.408,78.990,79.977
27-Apr-2012,79.588,78.909,78.905,80.059
26-Apr-2012,78.708,78.690,78.212,78.870
25-Apr-2012,78.522,79.676,78.429,79.927
24-Apr-2012,78.759,78.650,78.638,79.345
23-Apr-2012,78.377,78.185,77.926,78.540
20-Apr-2012,78.123,78.270,77.624,78.414
19-Apr-2012,77.936,78.217,77.506,78.318
18-Apr-2012,77.111,78.096,76.989,78.122
17-Apr-2012,78.036,78.510,78.023,78.694
16-Apr-2012,77.962,78.600,77.909,78.637
13-Apr-2012,79.183,80.184,78.937,80.339
12-Apr-2012,80.298,79.578,79.527,80.393
11-Apr-2012,79.354,79.478,79.143,79.753
10-Apr-2012,79.270,80.839,79.221,80.839
09-Apr-2012,80.248,80.646,80.187,80.721
05-Apr-2012,80.588,80.275,80.266,80.909
04-Apr-2012,80.272,80.519,79.963,80.935
03-Apr-2012,80.747,80.658,80.557,81.249
02-Apr-2012,80.933,80.519,80.280,81.174
30-Mar-2012,80.242,77.352,77.196,81.002
29-Mar-2012,77.060,78.197,76.981,78.273
28-Mar-2012,78.244,79.132,78.175,79.278
27-Mar-2012,78.910,79.972,78.891,80.015
26-Mar-2012,79.544,79.807,79.474,80.569
23-Mar-2012,79.648,79.724,79.379,79.826
22-Mar-2012,79.100,78.558,78.459,79.174
21-Mar-2012,78.911,78.971,78.869,79.622
20-Mar-2012,79.082,79.765,78.836,79.856
19-Mar-2012,80.270,80.219,80.166,80.870
16-Mar-2012,80.821,80.489,80.289,80.893
15-Mar-2012,80.610,79.600,79.568,80.744
14-Mar-2012,79.041,78.977,78.781,79.566
13-Mar-2012,79.216,79.113,78.774,79.294
12-Mar-2012,78.647,78.124,77.739,78.766
09-Mar-2012,78.241,78.453,77.776,78.948
08-Mar-2012,77.948,78.429,77.713,78.532
07-Mar-2012,77.870,79.256,77.756,79.256
06-Mar-2012,79.064,79.414,78.851,79.657
05-Mar-2012,79.996,80.240,79.832,80.515
02-Mar-2012,79.980,79.821,79.447,79.990
01-Mar-2012,79.718,79.768,79.311,79.943
29-Feb-2012,79.978,80.243,79.459,80.299
28-Feb-2012,80.219,79.645,79.453,80.245
27-Feb-2012,79.501,78.472,78.423,79.545
24-Feb-2012,78.695,78.156,78.148,78.741
23-Feb-2012,78.353,78.354,77.922,78.493
22-Feb-2012,78.349,77.793,77.625,78.421
21-Feb-2012,78.068,77.920,77.587,78.265
17-Feb-2012,78.029,77.949,77.709,78.274
16-Feb-2012,77.450,76.868,76.865,77.591
15-Feb-2012,77.262,77.616,77.069,77.771
14-Feb-2012,77.391,77.919,77.279,77.934
13-Feb-2012,78.037,77.993,77.445,78.137
10-Feb-2012,77.298,77.288,76.998,77.635
09-Feb-2012,77.729,78.446,77.459,79.466
08-Feb-2012,78.502,78.970,78.037,79.131
07-Feb-2012,78.525,78.291,78.141,78.815
06-Feb-2012,78.785,78.685,78.223,78.883
03-Feb-2012,78.234,78.176,77.746,78.332
02-Feb-2012,77.618,77.273,77.093,77.992
01-Feb-2012,77.752,77.783,77.528,78.199
31-Jan-2012,77.254,77.342,76.700,77.439
30-Jan-2012,76.509,77.406,76.431,77.406
27-Jan-2012,77.793,78.265,77.616,78.271
26-Jan-2012,78.122,78.372,77.963,78.668
25-Jan-2012,77.554,77.697,77.032,77.872
24-Jan-2012,77.694,76.735,76.665,78.251
23-Jan-2012,77.187,76.883,76.648,77.204
20-Jan-2012,76.264,76.041,75.556,76.353
19-Jan-2012,76.179,75.467,75.396,76.203
18-Jan-2012,74.936,75.196,74.678,75.360
17-Jan-2012,75.509,75.682,75.181,75.799
13-Jan-2012,74.737,75.863,74.675,75.930
12-Jan-2012,75.726,78.620,74.449,78.768
11-Jan-2012,78.189,77.979,77.614,78.274
10-Jan-2012,78.347,77.904,77.598,78.508
09-Jan-2012,78.237,77.553,77.172,78.511
06-Jan-2012,76.848,77.603,76.792,77.711
05-Jan-2012,77.107,78.446,76.958,78.514
04-Jan-2012,79.108,79.129,78.845,79.486
03-Jan-2012,79.234,77.849,77.709,79.682
