Date,FUND_FLOW,FUND_TOTAL_ASSETS
11/27/20,0,136.5035
11/25/20,-1.4188,134.7845
11/24/20,-2.1478,137.4613
11/23/20,0,139.6218
11/20/20,0,138.1808
11/19/20,0,137.8745
11/18/20,0,138.7546
11/17/20,0,137.8433
11/16/20,0,137.3897
11/13/20,0,136.1211
11/12/20,-0.6957,135.6576
11/11/20,0,138.4701
11/10/20,0,139.2986
11/09/20,0,135.0284
11/06/20,0,134.5025
11/05/20,0.6869,134.6319
11/04/20,0,132.9199
11/03/20,0,131.4336
11/02/20,0,130.2564
10/30/20,-2.3432,130.5474
10/29/20,-3.9901,132.0047
10/28/20,0,136.4017
10/27/20,0,140.0989
10/26/20,0,140.6903
10/23/20,0,141.3205
10/22/20,0,141.2544
10/21/20,0,141.32
10/20/20,-0.688,140.6929
10/19/20,0,140.4449
10/16/20,-8.4774,139.3677
10/15/20,0,147.9346
10/14/20,-2.018,146.6403
10/13/20,-5.3641,148.1829
10/12/20,-2.3331,152.6537
10/09/20,0,156.9626
10/08/20,0,154.5766
10/07/20,0,155.5966
10/06/20,0,154.7972
10/05/20,0,153.1089
10/02/20,0,153.0443
10/01/20,-0.6625,154.0329
09/30/20,0.3287,153.5009
09/29/20,0.6369,148.4044
09/28/20,0,148.3595
09/25/20,6.3674,147.7238
09/24/20,5.0824,141.036
09/23/20,0,137.694
09/22/20,0,138.0832
09/21/20,4.522,138.2425
09/18/20,0,136.1787
09/17/20,0,134.8954
09/16/20,3.5668,134.2394
09/15/20,5.1302,129.2172
09/14/20,0,125.1485
09/11/20,0,125.0707
09/10/20,2.2467,124.2099
09/09/20,0,120.7215
09/08/20,0,121.1076
09/04/20,3.1615,120.1383
09/03/20,0,115.9141
09/02/20,0,117.0788
09/01/20,2.5231,116.6956
08/31/20,0,113.9437
08/28/20,2.5301,114.4892
08/27/20,0,111.9935
08/26/20,0,111.0583
08/25/20,-27.0122,111.1899
08/24/20,0,135.175
08/21/20,0,133.7638
08/20/20,0,133.5269
08/19/20,0,133.7218
08/18/20,1.222,134.4247
08/17/20,0,133.9309
08/14/20,0.3018,131.5828
08/13/20,24.1706,131.4277
08/12/20,17.5929,104.0916
08/11/20,0,85.7443
08/10/20,0,85.7055
08/07/20,0,85.2661
08/06/20,0,85.9386
08/05/20,0,85.9397
08/04/20,0,85.2306
08/03/20,0,86.7383
07/31/20,-2.3448,86.4633
07/30/20,-1.7579,88.7712
07/29/20,0,90.4454
07/28/20,0,91.165
07/27/20,0,92.2779
07/24/20,0,92.3516
07/23/20,0.5977,92.3369
07/22/20,0,91.5273
07/21/20,0,90.6294
07/20/20,0,91.8446
07/17/20,-5.1289,92.6225
07/16/20,0,97.2425
07/15/20,9.5339,96.5309
07/14/20,13.3954,86.9213
07/13/20,0,74.1111
07/10/20,0,75.6662
07/09/20,0,77.8887
07/08/20,0,77.4111
07/07/20,0,76.961
07/06/20,0,77.482
07/02/20,-11.8436,76.9833
07/01/20,-4.1206,90.3363
06/30/20,-0.9303,92.4106
06/29/20,4.1995,90.2902
06/26/20,0,83.9414
06/25/20,2.3538,84.4432
06/24/20,6.5756,83.3907
06/23/20,16.8813,77.473
06/22/20,0,61.3293
06/19/20,0,61.8714
06/18/20,0,61.5881
06/17/20,0,61.5199
06/16/20,0,61.5078
06/15/20,0.9164,61.4011
06/12/20,1.2261,60.6904
06/11/20,0,59.6112
06/10/20,1.2212,59.2285
06/09/20,0,58.3297
06/08/20,0,58.9692
06/05/20,0,58.5836
06/04/20,0,58.2297
06/03/20,0,57.4567
06/02/20,0,57.4234
06/01/20,0,57.0753
05/29/20,0,57.5529
05/28/20,0,57.863
05/27/20,0,56.931
05/26/20,0,56.8206
05/22/20,0,56.6313
05/21/20,0,56.75
05/20/20,0,56.8972
05/19/20,0,56.9242
05/18/20,0,56.7081
05/15/20,0,56.5985
05/14/20,0,56.5546
05/13/20,0,56.6467
05/12/20,0,57.1714
05/11/20,0,56.8671
05/08/20,0,57.0218
05/07/20,0,56.7772
05/06/20,0,56.2265
05/05/20,0,56.7409
05/04/20,-2.0852,56.5983
05/01/20,0,59.2187
04/30/20,4.826,59.4207
04/29/20,0,53.8325
04/28/20,0,53.3503
04/27/20,0,53.3873
04/24/20,0,54.8099
04/23/20,0,55.2272
04/22/20,0,54.9296
04/21/20,0,53.9152
04/20/20,0,54.778
04/17/20,0,55.9082
04/16/20,0,55.4609
04/15/20,0,55.6698
04/14/20,0,56.4408
04/13/20,0,57.0565
04/09/20,0.632,57.1977
04/08/20,0,56.3614
04/07/20,0,56.6542
04/06/20,0,56.1337
04/03/20,-0.6326,56.6188
04/02/20,0,57.2969
04/01/20,0,57.1092
03/31/20,0,58.5813
03/30/20,0,58.9161
03/27/20,0,59.6315
03/26/20,0,60.1146
03/25/20,0,60.0361
03/24/20,0,59.7484
03/23/20,0,59.4831
03/20/20,0,59.4049
03/19/20,0,59.5569
03/18/20,0,58.3178
03/17/20,-0.6565,59.4098
03/16/20,-1.3368,61.1579
03/13/20,-0.6825,63.8153
03/12/20,0,64.4478
03/11/20,-0.6954,65.7153
03/10/20,0,66.9755
03/09/20,-0.693,66.1841
03/06/20,0,67.6386
03/05/20,0,68.3912
03/04/20,0,68.8409
03/03/20,0,68.4113
03/02/20,-0.6999,67.538
02/28/20,0,67.2214
02/27/20,0,67.2434
02/26/20,0,68.2493
02/25/20,-2.81,68.4945
02/24/20,1.7553,71.2642
02/21/20,1.4194,70.2624
02/20/20,0,69.2434
02/19/20,0,69.6936
02/18/20,0,70.1166
02/14/20,0,69.2214
02/13/20,0,69.7873
02/12/20,0,70.093
02/11/20,0,69.7353
02/10/20,0,70.1099
02/07/20,0,70.3526
02/06/20,0,69.6144
02/05/20,0,70.0776
02/04/20,0,70.2862
02/03/20,0,69.6894
01/31/20,0,69.9852
01/30/20,0,69.7808
01/29/20,0,70.6516
01/28/20,-0.733,71.1023
01/27/20,0,71.0877
01/24/20,0.3672,71.9642
01/23/20,0,72.5861
01/22/20,0,71.9445
01/21/20,-1.1069,71.9471
01/17/20,0,73.3473
01/16/20,0,71.3148
01/15/20,0,73.2396
01/14/20,0,73.5809
01/13/20,-1.8601,73.6599
01/10/20,0,74.977
01/09/20,0,74.4695
01/08/20,0,74.6616
01/07/20,0,74.6327
01/06/20,0,74.6502
01/03/20,0,74.8732
01/02/20,0,75.73
12/31/19,-1.1116,75.2202
12/30/19,-0.742,76.4309
12/27/19,0,77.3845
12/26/19,0,77.1547
12/24/19,0,76.9958
12/23/19,-1.1127,77.1473
12/20/19,0,78.0237
12/19/19,0,77.8351
12/18/19,0,77.8831
12/17/19,0,78.3917
12/16/19,0,78.0374
12/13/19,0,76.8514
12/12/19,0,76.2511
12/11/19,0,75.0895
12/10/19,0,75.9858
12/09/19,0,75.6751
12/06/19,0,75.9084
12/05/19,0,75.9349
12/04/19,0,76.2829
12/03/19,0,76.6612
12/02/19,0,76.6046
11/29/19,0,76.4964
11/27/19,0,75.4004
11/26/19,0,76.3628
11/25/19,-0.7282,76.8301
11/22/19,0,77.0301
11/21/19,0,77.2093
11/20/19,0,77.0294
11/19/19,-1.8223,77.6288
11/18/19,0,78.7929
11/15/19,-1.4574,79.4257
11/14/19,0,81.6917
11/13/19,0,81.47
11/12/19,0,82.027
11/11/19,0,81.3198
11/08/19,0,82.1531
11/07/19,0,81.6959
11/06/19,0,82.338
11/05/19,0,82.9617
11/04/19,0,83.328
11/01/19,-1.5152,84.0959
10/31/19,0,85.6554
10/30/19,0,85.821
10/29/19,0,85.365
10/28/19,-1.5066,85.1208
10/25/19,0,87.1928
10/24/19,-1.5185,87.312
10/23/19,0,89.1634
10/22/19,0,89.2386
10/21/19,0,89.1649
10/18/19,0,89.6978
10/17/19,0,90.2522
10/16/19,0,89.6529
10/15/19,0,89.7832
10/14/19,0,90.2282
10/11/19,0,90.3061
10/10/19,-1.873,87.6572
10/09/19,0,91.8273
10/08/19,0,91.9635
10/07/19,0,90.722
10/04/19,0,90.2559
10/03/19,0,90.8971
10/02/19,0,90.6783
10/01/19,0,91.6164
09/30/19,0,90.9636
09/27/19,-0.7391,88.3274
09/26/19,0,89.3378
09/25/19,0,89.4912
09/24/19,0,89.38
09/23/19,0,89.2287
09/20/19,0,88.7404
09/19/19,0,89.3158
09/18/19,0,89.1103
09/17/19,0,88.7315
09/16/19,0,90.1134
09/13/19,0,89.166
09/12/19,1.1068,88.9139
09/11/19,0,86.361
09/10/19,0,86.7392
09/09/19,0,85.2339
09/06/19,0,85.3503
09/05/19,0,86.0257
09/04/19,0,86.0451
09/03/19,0,86.4089
08/30/19,-0.74,88.0576
08/29/19,0,88.9603
08/28/19,0,88.7223
08/27/19,0,88.1223
08/26/19,0,88.5814
08/23/19,0,88.488
08/22/19,0,89.1136
08/21/19,0,88.9993
08/20/19,0,88.6346
08/19/19,0,89.6149
08/16/19,0,90.8116
08/15/19,0,88.9737
08/14/19,0,88.8381
08/13/19,0,90.2406
08/12/19,0,92.4242
08/09/19,0,96.7678
08/08/19,0,96.8343
08/07/19,0,95.9251
08/06/19,0,95.4635
08/05/19,0,96.3744
08/02/19,0,95.3665
08/01/19,0,94.0273
07/31/19,0,95.3337
07/30/19,0,97.3004
07/29/19,0,98.3174
07/26/19,0,97.8434
07/25/19,0,98.4228
07/24/19,0,98.8756
07/23/19,0,99.0305
07/22/19,0,98.228
07/19/19,0,99.6131
07/18/19,0,98.6066
07/17/19,0,100.4764
07/16/19,0,100.337
07/15/19,0,101.2743
07/12/19,0,103.2468
07/11/19,0,101.4248
07/10/19,0,99.9656
07/09/19,0,99.4247
07/08/19,2.0932,100.4757
07/05/19,0,98.4112
07/03/19,0,98.3975
07/02/19,0,95.6581
07/01/19,0,94.8051
06/28/19,0,96.3734
06/27/19,0,99.5386
06/26/19,0,100.0237
06/25/19,0,100.4774
06/24/19,0,100.3879
06/21/19,6.7815,99.6033
06/20/19,1.2841,93.7399
06/19/19,0,91.437
06/18/19,1.7214,92.9577
06/17/19,0,92.1358
06/14/19,0,91.4812
06/13/19,2.559,90.4173
06/12/19,0,86.6182
06/11/19,0,86.575
06/10/19,0,84.5683
06/07/19,2.4567,84.3472
06/06/19,0,82.7304
06/05/19,0,81.9397
06/04/19,1.256,83.7328
06/03/19,2.0842,82.1162
05/31/19,7.1002,80.1909
05/30/19,0,74.3475
05/29/19,1.2412,72.4043
05/28/19,1.6567,71.2395
05/24/19,1.2065,67.5635
05/23/19,0,64.9389
05/22/19,0,65.495
05/21/19,0,65.2912
05/20/19,0,64.5407
05/17/19,0,63.7478
05/16/19,0,63.5238
05/15/19,0,62.5887
05/14/19,-0.7592,62.631
05/13/19,1.8553,61.9674
05/10/19,0,59.5244
05/09/19,0,59.5944
05/08/19,0,61.1879
05/07/19,0,61.4926
05/06/19,0,61.1674
05/03/19,0.7674,62.1556
05/02/19,0,61.3381
05/01/19,0,61.1093
04/30/19,0,60.191
04/29/19,0,60.1385
04/26/19,0,60.0591
04/25/19,0,59.4431
04/24/19,1.1108,59.242
04/23/19,0,58.7699
04/22/19,0,59.2379
04/18/19,0,59.8485
04/17/19,0,59.868
04/16/19,0,60.001
04/15/19,0,60.5606
04/12/19,0,60.2574
04/11/19,0,60.1566
04/10/19,0,60.5022
04/09/19,1.1505,60.2103
04/08/19,0,59.0482
04/05/19,0,59.3487
04/04/19,0,59.7963
04/03/19,3.8635,59.4982
04/02/19,0,55.4533
04/01/19,0,55.4303
03/29/19,0,54.7968
03/28/19,0,57.0921
03/27/19,0,57.0461
03/26/19,0,57.4635
03/25/19,0,57.7453
03/22/19,0,57.4801
03/21/19,0,57.2519
03/20/19,0,56.6914
03/19/19,0,56.6454
03/18/19,0,56.6219
03/15/19,0,56.8191
03/14/19,0,56.4702
03/13/19,0,56.0994
03/12/19,1.1665,55.9908
03/11/19,0,54.2085
03/08/19,0,54.5133
03/07/19,0,54.6269
03/06/19,0,55.5976
03/05/19,0,56.0324
03/04/19,0,55.8526
03/01/19,0,55.6121
02/28/19,0,55.2995
02/27/19,0,55.701
02/26/19,0,56.0043
02/25/19,-0.8013,56.489
02/22/19,0,57.881
02/21/19,0,57.861
02/20/19,0,57.2381
02/19/19,0,57.0057
02/15/19,0,57.5823
02/14/19,0,57.6121
02/13/19,0,58.1409
02/12/19,0,58.0576
02/11/19,0,57.3226
02/08/19,0,57.5451
02/07/19,0,57.8045
02/06/19,0,58.297
02/05/19,0,58.4094
02/04/19,1.2215,58.2261
02/01/19,0,56.9463
01/31/19,0,56.6614
01/30/19,0,57.2865
01/29/19,0,56.7959
01/28/19,0,57.1208
01/25/19,0,57.1712
01/24/19,0,56.7541
01/23/19,0,56.9959
01/22/19,0,56.912
01/18/19,0,57.3014
01/17/19,0,57.1036
01/16/19,0,56.3722
01/15/19,0,56
01/14/19,0,56.9743
01/11/19,0,56.904
01/10/19,0,56.5817
01/09/19,0,57.342
01/08/19,0,57.1027
01/07/19,0,57.3455
01/04/19,0,57.4306
01/03/19,0,56.9543
01/02/19,0,56.4509
12/31/18,0,56.3791
12/28/18,-1.2082,56.3825
12/27/18,0,57.4355
12/26/18,0,57.3258
12/24/18,-1.2145,57.8928
12/21/18,-1.2164,59.1974
12/20/18,-1.2072,59.9589
12/19/18,0,62.1607
12/18/18,0,62.6592
12/17/18,0,62.3997
12/14/18,0,62.4661
12/13/18,0,62.4194
12/12/18,0,62.5129
12/11/18,0,62.4756
12/10/18,0,62.2921
12/07/18,0,62.4912
12/06/18,0,62.1133
12/04/18,-1.2312,62.3791
12/03/18,0,63.3329
11/30/18,0,62.7233
11/29/18,0,62.0376
11/28/18,0,62.04
11/27/18,0,61.3139
11/26/18,0,61.301
11/23/18,0,61.736
11/21/18,0,62.0527
11/20/18,0,61.9626
11/19/18,0,62.0995
11/16/18,0,62.4657
11/15/18,0,62.7831
11/14/18,0,62.7709
11/13/18,0,62.8
11/12/18,0,63.478
11/09/18,0,63.3305
11/08/18,0,63.9168
11/07/18,0,63.6087
11/06/18,0,63.8541
11/05/18,0,63.9496
11/02/18,-2.0526,63.6294
11/01/18,0,64.9788
10/31/18,-1.6128,64.5133
10/30/18,0,66.387
10/29/18,-2.4414,66.7327
10/26/18,0,69.3403
10/25/18,0,68.2071
10/24/18,0,69.336
10/23/18,0,69.6206
10/22/18,0,69.4747
10/19/18,0,69.1225
10/18/18,0,69.6491
10/17/18,0,70.2006
10/16/18,0,70.3368
10/15/18,0,70.8581
10/12/18,0,70.1206
10/11/18,0,69.4776
10/10/18,0.4023,68.3844
10/09/18,0,68.2361
10/08/18,0,68.5794
10/05/18,0,68.8157
10/04/18,1.2202,68.7348
10/03/18,0,67.1686
10/02/18,0,67.5906
10/01/18,0,67.3055
09/28/18,0,65.7294
09/27/18,0,67.0996
09/26/18,0,66.8565
09/25/18,-0.8073,67.0029
09/24/18,0,67.2995
09/21/18,0,66.8476
09/20/18,0,66.1237
09/19/18,0,65.0987
09/18/18,0,64.6914
09/17/18,0,65.4138
09/14/18,0.7861,66.0306
09/13/18,0,65.0713
09/12/18,0,65.3437
09/11/18,-1.6256,67.4616
09/10/18,0,69.2253
09/07/18,0,69.1204
09/06/18,0,69.0245
09/05/18,0,68.8304
09/04/18,0,69.275
08/31/18,-1.6187,68.7959
08/30/18,0,69.0213
08/29/18,0,69.1159
08/28/18,0,68.9648
08/27/18,0,69.8515
08/24/18,0,70.0099
08/23/18,0,69.7399
08/22/18,0,70.7336
08/21/18,0,71.9601
08/20/18,0,72.3498
08/17/18,-4.1804,72.7396
08/16/18,0,77.1279
08/15/18,0,76.4586
08/14/18,0,76.5781
08/13/18,0,75.4491
08/10/18,0,75.7311
08/09/18,0,77.757
08/08/18,0,78.1214
08/07/18,0,78.0919
08/06/18,0,78.2403
08/03/18,0,78.0459
08/02/18,0,77.4813
08/01/18,0,76.9251
07/31/18,0,78.1398
07/30/18,0,77.2416
07/27/18,0,76.3593
07/26/18,0,76.2853
07/25/18,0,75.9249
07/24/18,0,74.5979
07/23/18,0.8214,75.5678
07/20/18,0,74.2963
07/19/18,0,73.6522
07/18/18,0,73.0043
07/17/18,0,72.8597
07/16/18,0,72.1486
07/13/18,0,71.9415
07/12/18,0,72.761
07/11/18,2.3607,71.6065
07/10/18,0,70.6346
07/09/18,0,71.6214
07/06/18,-0.8264,72.7205
07/05/18,0,72.0767
07/03/18,0,71.9985
07/02/18,0,71.0618
06/29/18,0,73.1182
06/28/18,0,72.1481
06/27/18,0,73.5352
06/26/18,0,73.5796
06/25/18,0,73.2735
06/22/18,0,74.4342
06/21/18,0,74.4416
06/20/18,0,74.1178
06/19/18,0,73.9891
06/18/18,0,74.2229
06/15/18,-3.3768,75.1337
06/14/18,0,78.7418
06/13/18,0,81.0887
06/12/18,0.8741,81.2948
06/11/18,0,78.6077
06/08/18,0,80.4264
06/07/18,0,80.2001
06/06/18,1.7529,80.6338
06/05/18,0,79.455
06/04/18,0,78.9983
06/01/18,0,80.7318
05/31/18,0,81.0827
05/30/18,0,80.9178
05/29/18,0,81.9541
05/25/18,0,83.0387
05/24/18,0,82.574
05/23/18,0,83.2126
05/22/18,0,82.6243
05/21/18,0,82.3029
05/18/18,2.2827,82.1754
05/17/18,0,78.6927
05/16/18,0,79.3805
05/15/18,0,79.7172
05/14/18,0,78.9744
05/11/18,0,79.0416
05/10/18,0,79.9013
05/09/18,0,80.0202
05/08/18,0.9151,80.0703
05/07/18,1.818,78.6294
05/04/18,0,77.7702
05/03/18,0,78.0761
05/02/18,0,77.5612
05/01/18,0.9189,77.6468
04/30/18,0,75.8341
04/27/18,0,75.4805
04/26/18,0,74.8854
04/25/18,0,75.0273
04/24/18,0,73.9612
04/23/18,0,73.5293
04/20/18,0,73.1764
04/19/18,0,74.2084
04/18/18,0,74.3351
04/17/18,1.3271,73.8734
04/16/18,0,72.824
04/13/18,0.8958,73.4527
04/12/18,1.804,73.0626
04/11/18,0,70.9981
04/10/18,1.3548,71.3534
04/09/18,0,70.1882
04/06/18,0,69.8313
04/05/18,0,70.0016
04/04/18,-1.3273,68.5778
04/03/18,0,71.2137
04/02/18,0,70.9831
03/29/18,0,71.0624
03/28/18,-1.7358,68.5645
03/27/18,0,70.3183
03/26/18,0,70.3063
03/23/18,0,70.8367
03/22/18,0,70.5921
03/21/18,0,70.3835
03/20/18,0,70.3997
03/19/18,0,70.4806
03/16/18,0.4428,71.7366
03/15/18,0,71.8576
03/14/18,0,72.2188
03/13/18,0.9026,72.6591
03/12/18,1.7984,71.486
03/09/18,0,69.6194
03/08/18,0,70.1287
03/07/18,0,69.1864
03/06/18,0,69.3205
03/05/18,0,69.179
03/02/18,0,68.848
03/01/18,0,69.0046
02/28/18,0,68.3373
02/27/18,-2.1919,67.9477
02/26/18,0,69.8447
02/23/18,0,69.413
02/22/18,0,69.4544
02/21/18,0,69.3228
02/20/18,0,69.2662
02/16/18,0,69.4806
02/15/18,0,69.5729
02/14/18,0,69.4396
02/13/18,0,69.3532
02/12/18,-1.737,69.478
02/09/18,0,70.3088
02/08/18,0,70.9223
02/07/18,0,70.8352
02/06/18,0,70.5767
02/05/18,0,69.7611
02/02/18,0,70.321
02/01/18,0,70.441
01/31/18,0,70.3825
01/30/18,0,70.4328
01/29/18,0,69.9879
01/26/18,0,69.6351
01/25/18,1.2698,69.4169
01/24/18,0,68.3466
01/23/18,0,67.471
01/22/18,0,67.6252
01/19/18,0,67.6456
01/18/18,0,67.4606
01/17/18,1.6822,67.7071
01/16/18,0,65.3193
01/12/18,0,64.9546
01/11/18,0,65.3705
01/10/18,0,65.3745
01/09/18,0,65.4065
01/08/18,0.8295,65.1146
01/05/18,0,64.932
01/04/18,0,64.9574
01/03/18,0,65.2695
01/02/18,0,65.3164
12/29/17,0,64.9015
12/28/17,0,65.1725
12/27/17,-0.8445,65.4517
12/26/17,0,66.106
12/22/17,0,65.9622
12/21/17,0,65.8132
12/20/17,0,65.5195
12/19/17,0.8307,65.2118
12/18/17,0,64.2823
12/15/17,0,64.344
12/14/17,0,64.5021
12/13/17,0,64.5934
12/12/17,0,64.3972
12/11/17,0,64.6239
12/08/17,0,65.282
12/07/17,0,65.0981
12/06/17,0,65.3112
12/05/17,0,65.492
12/04/17,0,65.4361
12/01/17,0,66.2767
11/30/17,0,65.7948
11/29/17,0,65.471
11/28/17,0,64.8336
11/27/17,0,65.1794
11/24/17,0,65.7482
11/22/17,0,66.0866
11/21/17,0,65.9449
11/20/17,0,65.9782
11/17/17,0,65.7721
11/16/17,0,64.7257
11/15/17,0,65.0433
11/14/17,0,65.001
11/13/17,0,65.7939
11/10/17,0,66.1252
11/09/17,0,65.8072
11/08/17,0,66.944
11/07/17,0,66.9165
11/06/17,0.8641,66.9648
11/03/17,0,66.1781
11/02/17,0,66.4991
11/01/17,0,66.1486
10/31/17,0,65.7988
10/30/17,0,66.3465
10/27/17,0,66.3207
10/26/17,0,66.6703
10/25/17,0,66.7637
10/24/17,0,67.0457
10/23/17,0,66.7991
10/20/17,0,65.6839
10/19/17,0,66.3735
10/18/17,0,66.2594
10/17/17,0,66.4853
10/16/17,0,66.6348
10/13/17,0,67.0641
10/12/17,0,66.4408
10/11/17,0,65.8877
10/10/17,0,66.4643
10/09/17,0,66.5108
10/06/17,0,66.6043
10/05/17,0,66.4962
10/04/17,0,66.2495
10/03/17,0,66.4448
10/02/17,0,66.7743
09/29/17,0,67.3277
09/28/17,0,66.8945
09/27/17,0,67.2207
09/26/17,0,66.8887
09/25/17,0,67.0417
09/22/17,0,66.9712
09/21/17,-0.8685,66.4408
09/20/17,0,67.2232
09/19/17,0,66.9291
09/18/17,0,67.5161
09/15/17,0,68.0731
09/14/17,0,67.9536
09/13/17,0,67.42
09/12/17,0,67.4546
09/11/17,0,68.4957
09/08/17,0,68.3631
09/07/17,0,68.1012
09/06/17,1.7839,69.1266
09/05/17,0,66.9605
09/01/17,0,66.3713
08/31/17,0,66.8035
08/30/17,0.8569,64.6983
08/29/17,0,64.4319
08/28/17,0,64.8455
08/25/17,1.75,65.1881
08/24/17,0,63.8116
08/23/17,0,63.7163
08/22/17,0,64.4056
08/21/17,0,64.9109
08/18/17,0,65.2877
08/17/17,0,65.0304
08/16/17,0,65.3787
08/15/17,1.3593,65.6971
08/14/17,0,65.5844
08/11/17,-0.9201,65.3249
08/10/17,0,65.5912
08/09/17,0,68.0353
08/08/17,0,67.6843
08/07/17,0,68.1295
08/04/17,0.9333,67.1999
08/03/17,0,65.7883
08/02/17,0,65.9885
08/01/17,0,65.5876
07/31/17,0,66.8518
07/28/17,0,67.3579
07/27/17,0,67.2463
07/26/17,0.9432,66.9698
07/25/17,0,65.4415
07/24/17,0,66.7401
07/21/17,1.9176,67.1169
07/20/17,0,66.7922
07/19/17,0,65.6055
07/18/17,0,64.7254
07/17/17,0,64.315
07/14/17,0,64.479
07/13/17,-1.4023,63.5718
07/12/17,0,67.1561
07/11/17,0,69.525
07/10/17,0,69.5701
07/07/17,-0.4896,68.0541
07/06/17,0,68.3333
07/05/17,0,68.5221
07/03/17,0,67.8424
06/30/17,0,66.8307
06/29/17,0,64.8076
06/28/17,0,64.2793
06/27/17,0,64.4962
06/26/17,0,64.4445
06/23/17,0.458,64.1245
06/22/17,0,64.4895
06/21/17,0,65.4309
06/20/17,0,65.617
06/19/17,0,66.4332
06/16/17,0,67.7532
06/15/17,0,67.0663
06/14/17,0,66.777
06/13/17,0,67.3136
06/12/17,0,66.7441
06/09/17,0,68.3025
06/08/17,0,67.8677
06/07/17,0,67.7334
06/06/17,0,66.7453
06/05/17,0,66.146
06/02/17,0,66.013
06/01/17,0,65.7594
05/31/17,0,65.9417
05/30/17,0,65.2058
05/26/17,0,66.2478
05/25/17,0,65.5121
05/24/17,0,65.8523
05/23/17,0,65.5773
05/22/17,-0.955,66.3692
05/19/17,0,66.9014
05/18/17,0,65.9212
05/17/17,0,66.8406
05/16/17,0,66.3051
05/15/17,0,66.3107
05/12/17,-1.8946,66.7839
05/11/17,0,68.4
05/10/17,0,69.1144
05/09/17,0,67.9353
05/08/17,0,67.8236
05/05/17,0,68.6309
05/04/17,0,67.8914
05/03/17,0,69.3464
05/02/17,0,68.9276
05/01/17,0,69.8243
04/28/17,0,67.9523
04/27/17,0,68.3639
04/26/17,0,67.9159
04/25/17,0,68.8123
04/24/17,0,67.7309
04/21/17,0,67.4481
04/20/17,0,67.5683
04/19/17,0,68.2988
04/18/17,0,68.2885
04/17/17,0,69.0975
04/13/17,0,69.9202
04/12/17,0,69.592
04/11/17,0,69.2181
04/10/17,0,69.3576
04/07/17,0,68.1074
04/06/17,0,68.3793
04/05/17,0,69.0504
04/04/17,0,68.7536
04/03/17,0,69.5602
03/31/17,0,68.9212
03/30/17,0,67.6554
03/29/17,0,67.8426
03/28/17,0,67.8001
03/27/17,0,67.4578
03/24/17,0,67.462
03/23/17,0,67.5856
03/22/17,0,67.9545
03/21/17,-0.9432,68.3844
03/20/17,0,69.733
03/17/17,0,70.4142
03/16/17,0,70.0663
03/15/17,0,69.6114
03/14/17,0,69.4461
03/13/17,0,69.2739
03/10/17,0,69.8894
03/09/17,0,70.3434
03/08/17,0,71.2833
03/07/17,0,71.9444
03/06/17,0,72.3719
03/03/17,0,72.7066
03/02/17,0,72.5363
03/01/17,0,73.0537
02/28/17,0,71.5631
02/27/17,-11.5243,70.5866
02/24/17,0,82.6454
02/23/17,0,82.9543
02/22/17,0,84.1937
02/21/17,0,83.8376
02/17/17,0,83.5725
02/16/17,0,84.7227
02/15/17,0,85.708
02/14/17,12.4093,84.8799
02/13/17,0,72.5844
02/10/17,0,72.4966
02/09/17,0,71.7104
02/08/17,-1.4793,71.9946
02/07/17,0,73.1007
02/06/17,0,72.2223
02/03/17,0,72.4649
02/02/17,0,72.8784
02/01/17,0,73.0916
01/31/17,0,71.4014
01/30/17,0,71.0583
01/27/17,0,71.8883
01/26/17,0,72.1756
01/25/17,0,72.7042
01/24/17,0,72.1418
01/23/17,0,73.2104
01/20/17,0,73.1693
01/19/17,0,72.6663
01/18/17,-1.9449,72.4483
01/17/17,0,74.5288
01/13/17,0,73.1697
01/12/17,0,73.0819
01/11/17,0,72.9749
01/10/17,0,73.2071
01/09/17,-1.441,73.4911
01/06/17,0,74.4925
01/05/17,0,75.0769
01/04/17,0,74.7193
01/03/17,0,73.9611
12/30/16,0,73.2136
12/29/16,0,72.9746
12/28/16,0,72.7813
12/27/16,0,74.0514
12/23/16,0,72.3769
12/22/16,-1.8638,72.6868
12/21/16,-2.3315,74.6072
12/20/16,0,77.6159
12/19/16,0,78.2201
12/16/16,0,78.8065
12/15/16,0,78.8249
12/14/16,0,79.8193
12/13/16,0,79.6677
12/12/16,0,79.6041
12/09/16,0,79.4148
12/08/16,0,78.2043
12/07/16,0,79.121
12/06/16,0,79.6629
12/05/16,-1.927,79.4898
12/02/16,0,78.8299
12/01/16,0,77.9882
11/30/16,0,79.2028
11/29/16,0,79.2993
11/28/16,0,81.2459
11/25/16,0,81.1994
11/23/16,0.9629,81.3677
11/22/16,0,80.3298
11/21/16,0,80.0654
11/18/16,0,79.1681
11/17/16,-1.8781,78.4094
11/16/16,0,79.6634
11/15/16,-4.6969,80.3167
11/14/16,0,84.1196
11/11/16,-3.7581,85.0269
11/10/16,0,89.4853
11/09/16,0,88.9991
11/08/16,0,92.0776
11/07/16,0,90.3013
11/04/16,0,90.8426
11/03/16,0,90.6806
11/02/16,0,90.3166
11/01/16,0,90.8381
10/31/16,0,91.9111
10/28/16,0,92.0598
10/27/16,0,92.7799
10/26/16,0,92.0697
10/25/16,0,91.1326
10/24/16,0,90.9144
10/21/16,0,91.8244
10/20/16,0,91.538
10/19/16,0,93.0638
10/18/16,0,92.2296
10/17/16,0,92.3188
10/14/16,0,92.2662
10/13/16,0,91.3642
10/12/16,0,88.4346
10/11/16,0,90.3521
10/10/16,2.8561,89.9658
10/07/16,5.6564,86.2603
10/06/16,0,80.7727
10/05/16,2.8885,82.3228
10/04/16,0,79.5825
10/03/16,0,79.0334
09/30/16,0,77.1706
09/29/16,-0.9157,75.5452
09/28/16,0,76.5205
09/27/16,0,77.1102
09/26/16,0,76.5359
09/23/16,0,78.0172
09/22/16,-2.8101,78.2148
09/21/16,0,81.7313
09/20/16,0,81.9249
09/19/16,0,81.2351
09/16/16,0,81.1481
09/15/16,-1.8411,79.628
09/14/16,0,82.0689
09/13/16,0,81.6934
09/12/16,0,83.8394
09/09/16,0,84.1229
09/08/16,0,83.5576
09/07/16,-1.861,82.3486
09/06/16,0,83.2085
09/02/16,-2.2956,83.0992
09/01/16,0,84.3866
08/31/16,0,82.4687
08/30/16,0,82.4997
08/29/16,0,83.6836
08/26/16,0,84.5856
08/25/16,0,86.3186
08/24/16,0,87.2584
08/23/16,0,87.5337
08/22/16,0,88.72
08/19/16,0,89.0573
08/18/16,0,88.6855
08/17/16,1.8949,88.1131
08/16/16,0,85.5992
08/15/16,0,85.5855
08/12/16,0,84.7983
08/11/16,0,84.4775
08/10/16,0,84.6881
08/09/16,0,84.5524
08/08/16,0,85.0472
08/05/16,1.3997,84.9129
08/04/16,0,82.8551
08/03/16,0,83.6621
08/02/16,0,83.2928
08/01/16,0,83.0068
07/29/16,0,84.8254
07/28/16,0,83.871
07/27/16,0,84.7144
07/26/16,2.8216,84.1783
07/25/16,0,81.8042
07/22/16,0,81.9844
07/21/16,5.6777,81.8531
07/20/16,3.8141,76.7579
07/19/16,1.9254,73.6472
07/18/16,0,74.3122
07/15/16,0.9836,73.2777
07/14/16,0,73.4753
07/13/16,0,74.2827
07/12/16,1.9809,72.7966
07/11/16,1.9563,69.9391
07/08/16,4.4814,69.2132
07/07/16,0,62.6232
07/06/16,0,62.6001
07/05/16,0,64.0861
07/01/16,0,65.4731
06/30/16,0,66.1115
06/29/16,0,67.3607
06/28/16,0,69.0434
06/27/16,0,69.2964
06/24/16,0,69.2877
06/23/16,0,69.8176
06/22/16,-3.2599,70.6314
06/21/16,0,74.8136
06/20/16,0,78.0606
06/17/16,0,80.2618
06/16/16,0,78.3337
06/15/16,-1.7386,78.8155
06/14/16,0,81.8111
06/13/16,0,80.9339
06/10/16,3.4411,79.7184
06/09/16,0,76.8408
06/08/16,0,77.6879
06/07/16,1.7409,77.1783
06/06/16,0,75.1964
06/03/16,2.8425,73.906
06/02/16,0,70.5591
06/01/16,0,70.5108
05/31/16,0,69.231
05/27/16,1.6864,70.265
05/26/16,0,68.0848
05/25/16,1.6661,67.7529
05/24/16,1.6456,65.2741
05/23/16,0,63.7036
05/20/16,0,63.3182
05/19/16,0,62.9951
05/18/16,0,64.3576
05/17/16,0,64.1157
05/16/16,0,63.6645
05/13/16,0,63.3921
05/12/16,0,63.1225
05/11/16,0,61.4438
05/10/16,0,61.8568
05/09/16,0,60.0396
05/06/16,0,61.3758
05/05/16,0,60.8189
05/04/16,0,61.3498
05/03/16,1.5972,61.7603
05/02/16,0,61.8603
04/29/16,0,61.7814
04/28/16,0,61.6669
04/27/16,0,60.858
04/26/16,0,61.3756
04/25/16,0,60.401
04/22/16,0,59.3729
04/21/16,0,61.5168
04/20/16,0,63.0566
04/19/16,0,61.7274
04/18/16,0,60.8829
04/15/16,0,60.4957
04/14/16,0,60.0121
04/13/16,0,59.8578
04/12/16,0,58.1699
04/11/16,0,57.2955
04/08/16,0,58.1958
04/07/16,0,58.0717
04/06/16,0,57.6168
04/05/16,0,57.5306
04/04/16,1.5188,57.2079
04/01/16,0,55.7351
03/31/16,0,55.5349
03/30/16,0,57.9253
03/29/16,0,58.8036
03/28/16,0,58.4649
03/24/16,0,58.4342
03/23/16,2.1186,58.2611
03/22/16,0,56.4079
03/21/16,0,56.3669
03/18/16,0,56.0164
03/17/16,0,56.2613
03/16/16,0,56.2552
03/15/16,0,56.3254
03/14/16,0,56.3091
03/11/16,0,55.713
03/10/16,0,55.4356
03/09/16,0,55.044
03/08/16,0,55.2254
03/07/16,0,55.0564
03/04/16,-2.0714,54.8909
03/03/16,0,56.6504
03/02/16,0,56.5678
03/01/16,0,56.4838
02/29/16,0,56.7374
02/26/16,0,57.1342
02/25/16,0,57.3628
02/24/16,0,58.0049
02/23/16,0,58.3513
02/22/16,0,59.1378
02/19/16,0,58.6148
02/18/16,0,58.6657
02/17/16,0,59.0093
02/16/16,0,58.471
02/12/16,0,57.8416
02/11/16,0,58.0678
02/10/16,0,58.1529
02/09/16,0,58.2642
02/08/16,0,58.4663
02/05/16,-1.0738,59.0589
02/04/16,0,60.5529
02/03/16,0,60.9171
02/02/16,0,61.1243
02/01/16,0,60.828
01/29/16,0,61.0088
01/28/16,0,60.0649
01/27/16,0,60.6425
01/26/16,0,60.7405
01/25/16,0,60.8287
01/22/16,0,60.7973
01/21/16,0,60.3561
01/20/16,0,60.6011
01/19/16,0,60.4113
01/15/16,0,59.7279
01/14/16,0,59.0944
01/13/16,0,59.2066
01/12/16,0,59.1217
01/11/16,0,58.399
01/08/16,-1.5861,59.2153
01/07/16,0,60.1171
01/06/16,0,60.0969
01/05/16,0,60.0889
01/04/16,0,59.9468
12/31/15,0,61.0561
12/30/15,0,61.1709
12/29/15,0,61.7673
12/28/15,0,61.5837
12/24/15,0,62.0974
12/23/15,0,62.2914
12/22/15,0,62.4079
12/21/15,0,63.2616
12/18/15,0,63.6391
12/17/15,0,63.595
12/16/15,0,62.7551
12/15/15,0,63.8722
12/14/15,0,64.1603
12/11/15,0,63.5781
12/10/15,0,64.2221
12/09/15,0,63.4409
12/08/15,0,63.4338
12/07/15,0,63.3867
12/04/15,0,64.7626
12/03/15,0,64.0816
12/02/15,0,62.9976
12/01/15,-1.1046,63.5173
11/30/15,0,64.4181
11/27/15,0,63.6104
11/25/15,0,64.4792
11/24/15,0,63.9614
11/23/15,0,64.5307
11/20/15,0,64.0021
11/19/15,0,64.0974
11/18/15,0,63.7398
11/17/15,0,63.7612
11/16/15,0,63.6262
11/13/15,0,63.4067
11/12/15,0,64.0941
11/11/15,0,64.1293
11/10/15,0,63.8963
11/09/15,0,65.0566
11/06/15,0,66.0816
11/05/15,0,66.2473
11/04/15,0,67.0871
11/03/15,0,67.1219
11/02/15,0,66.5098
10/30/15,0,67.5707
10/29/15,0,67.3171
10/28/15,0,66.6583
10/27/15,0,67.302
10/26/15,0,67.8457
10/23/15,0,67.0337
10/22/15,0,66.9048
10/21/15,0,67.2781
10/20/15,0,66.9339
10/19/15,0,66.4463
10/16/15,0,67.0785
10/15/15,0,66.9193
10/14/15,0,67.4477
10/13/15,0,68.3019
10/12/15,-1.1573,67.7006
10/09/15,0,69.1388
10/08/15,0,70.3687
10/07/15,0,71.1826
10/06/15,0,71.5497
10/05/15,0,70.7364
10/02/15,0,70.0075
10/01/15,0,70.1046
09/30/15,-1.1769,70.0274
09/29/15,-1.1779,71.2646
09/28/15,0,72.1842
09/25/15,0,72.6078
09/24/15,0,71.3394
09/23/15,0,71.7516
09/22/15,0,71.3123
09/21/15,0,72.0664
09/18/15,-2.3017,70.7786
09/17/15,0,73.4079
09/16/15,0,74.5091
09/15/15,0,75.2366
09/14/15,0,75.8003
09/11/15,0,74.7236
09/10/15,0,72.4153
09/09/15,0,71.5477
09/08/15,0,71.3973
09/04/15,0,70.4346
09/03/15,0,70.2641
09/02/15,0,71.243
09/01/15,0,71.5332
08/31/15,0,72.7027
08/28/15,0,72.6759
08/27/15,0,72.7018
08/26/15,0,72.2386
08/25/15,0,72.808
08/24/15,-1.7371,73.5362
08/21/15,0,74.8189
08/20/15,0,75.6773
08/19/15,0,74.8793
08/18/15,0,74.8103
08/17/15,0,74.4189
08/14/15,-1.7205,74.5552
08/13/15,0,76.3177
08/12/15,0,74.743
08/11/15,0,77.8746
08/10/15,0,80.3967
08/07/15,0,77.3908
08/06/15,0,76.8246
08/05/15,-1.7449,77.3567
08/04/15,0,78.2731
08/03/15,0,77.7245
07/31/15,0,78.5875
07/30/15,0,79.1323
07/29/15,0,78.0499
07/28/15,0,79.3811
07/27/15,0,78.9887
07/24/15,0,82.3986
07/23/15,0,84.4008
07/22/15,0,84.4091
07/21/15,0,85.1697
07/20/15,0,84.9283
07/17/15,0,87.644
07/16/15,0,89.2853
07/15/15,0,89.3903
07/14/15,0,89.2061
07/13/15,0,91.5708
07/10/15,0,90.3361
07/09/15,0,89.4854
07/08/15,0,88.6078
07/07/15,0,88.3593
07/06/15,0,89.0124
07/02/15,1.312,89.2145
07/01/15,0,86.8913
06/30/15,0,86.6944
06/29/15,0,81.6586
06/26/15,0,81.8424
06/25/15,0,80.4493
06/24/15,0,78.2924
06/23/15,0,78.4511
06/22/15,0,77.1192
06/19/15,0,76.0238
06/18/15,0,76.9311
06/17/15,0,77.2614
06/16/15,0,76.2339
06/15/15,0,75.0189
06/12/15,0,76.1109
06/11/15,0,76.9624
06/10/15,0,77.1416
06/09/15,0,78.6599
06/08/15,0,78.7175
06/05/15,0,77.6609
06/04/15,0,78.2268
06/03/15,0,77.3866
06/02/15,0,77.1598
06/01/15,0,75.8296
05/29/15,0,75.7024
05/28/15,0,76.1843
05/27/15,0,75.4429
05/26/15,0,76.6693
05/22/15,1.1574,77.5426
05/21/15,0,77.2018
05/20/15,0,76.3083
05/19/15,0,76.8316
05/18/15,0,77.9279
05/15/15,0,77.4196
05/14/15,2.3597,77.8694
05/13/15,0,74.3391
05/12/15,0,73.9193
05/11/15,0,73.8202
05/08/15,0,74.3788
05/07/15,0,74.1334
05/06/15,0,75.2301
05/05/15,1.7457,74.4828
05/04/15,0,72.4832
05/01/15,0,72.9003
04/30/15,0,73.5486
04/29/15,0,73.9146
04/28/15,0,73.3153
04/27/15,0,73.4358
04/24/15,0,74.4281
04/23/15,0,75.7652
04/22/15,-0.6109,76.3611
04/21/15,0,77.0304
04/20/15,-1.2363,77.8833
04/17/15,0,79.5312
04/16/15,0,78.8992
04/15/15,0,78.9066
04/14/15,0,78.5456
04/13/15,0,77.9484
04/10/15,0,79.3011
04/09/15,0,79.5272
04/08/15,0,79.8208
04/07/15,0,80.5344
04/06/15,0,80.9314
04/02/15,0,81.1787
04/01/15,0,80.3845
03/31/15,0,79.2138
03/30/15,0,82.8413
03/27/15,0,82.1425
03/26/15,0,82.2003
03/25/15,0,82.9172
03/24/15,0,82.6558
03/23/15,0,82.0236
03/20/15,-1.8981,80.9873
03/19/15,0,80.6828
03/18/15,0,80.9165
03/17/15,-1.2242,80.1845
03/16/15,0,83.0625
03/13/15,0,83.2383
03/12/15,0,84.8599
03/11/15,0,85.4168
03/10/15,0,84.8742
03/09/15,0,85.0081
03/06/15,0,84.5168
03/05/15,-1.2841,85.3943
03/04/15,-1.9231,86.5416
03/03/15,0,88.9182
03/02/15,0,88.2437
02/27/15,0,89.3224
02/26/15,0,88.371
02/25/15,0,87.3279
02/24/15,0,87.6486
02/23/15,0,87.8793
02/20/15,0,89.2169
02/19/15,0,90.1996
02/18/15,-1.2895,88.973
02/17/15,0,91.5993
02/13/15,0,90.9906
02/12/15,0,90.0328
02/11/15,0,90.6379
02/10/15,0,91.2656
02/09/15,0,91.9496
02/06/15,0,90.8138
02/05/15,-1.9426,90.6533
02/04/15,-0.6449,92.2194
02/03/15,0,93.3605
02/02/15,0,89.7594
01/30/15,0,89.8454
01/29/15,0,90.2744
01/28/15,0,90.6126
01/27/15,0,92.4165
01/26/15,0,93.0991
01/23/15,-1.9534,93.7644
01/22/15,0,94.8964
01/21/15,0,95.6358
01/20/15,0,96.0415
01/16/15,-0.6487,95.3581
01/15/15,-1.9118,94.3177
01/14/15,0,96.5399
01/13/15,0,97.6566
01/12/15,-2.6879,101.4685
01/09/15,-0.6674,103.4549
01/08/15,0,102.9125
01/07/15,0,103.5101
01/06/15,0,105.6513
01/05/15,-4.7527,105.9176
01/02/15,0,108.0732
12/31/14,-1.9962,108.4595
12/30/14,0,112.9859
12/29/14,0,114.6444
12/26/14,0,115.1678
12/24/14,0,113.3878
12/23/14,-2.7682,114.8817
12/22/14,0,117.0831
12/19/14,0,116.9319
12/18/14,-0.6883,117.0051
12/17/14,-1.3672,116.8986
12/16/14,0,117.7674
12/15/14,0,118.2928
12/12/14,0,118.0578
12/11/14,0,115.7349
12/10/14,0,114.5383
12/09/14,-3.3256,115.0662
12/08/14,0,116.9217
12/05/14,0,118.2884
12/04/14,0,116.8128
12/03/14,0,114.7375
12/02/14,0,114.4351
12/01/14,0,116.8929
11/28/14,0,116.5402
11/26/14,0,117.5082
11/25/14,-5.2299,116.3662
11/24/14,0,119.5983
11/21/14,0,121.1032
11/20/14,0,121.3609
11/19/14,0,118.3767
11/18/14,0,121.1006
11/17/14,-2.64,122.7601
11/14/14,0,126.4444
11/13/14,0,127.9249
11/12/14,0,125.5503
11/11/14,0,124.4406
11/10/14,0,123.0758
11/07/14,0,122.5659
11/06/14,0,123.6594
11/05/14,0,123.2006
11/04/14,0,121.3725
11/03/14,0,123.9469
10/31/14,-3.9472,124.9949
10/30/14,-1.9634,128.2761
10/29/14,0,130.5237
10/28/14,0,127.4304
10/27/14,0,127.1134
10/24/14,0,123.998
10/23/14,0,126.1196
10/22/14,0,124.0849
10/21/14,0,124.9101
10/20/14,-0.6156,122.5019
10/17/14,0,122.8811
10/16/14,0,124.1659
10/15/14,0,122.6698
10/14/14,0,125.7438
10/13/14,0,122.1674
10/10/14,0,118.4817
10/09/14,0,121.7972
10/08/14,2.4306,121.5316
10/07/14,5.4299,118.251
10/06/14,0,110.3504
10/03/14,2.302,107.6173
10/02/14,0,105.0723
10/01/14,0,104.528
09/30/14,0,104.3136
09/29/14,0,105.7266
09/26/14,0,104.9582
09/25/14,0,106.0366
09/24/14,0,106.9977
09/23/14,2.3143,105.8783
09/22/14,0,104.8478
09/19/14,4.7103,105.3933
09/18/14,0,102.4449
09/17/14,0,103.4371
09/16/14,1.2153,103.9121
09/15/14,0,102.4992
09/12/14,0,101.4206
09/11/14,0,102.128
09/10/14,0,103.3429
09/09/14,0,102.9942
09/08/14,0,104.138
09/05/14,0,106.2546
09/04/14,0,103.6998
09/03/14,0,105.1312
09/02/14,0,108.2683
08/29/14,0,108.5124
08/28/14,0,109.7093
08/27/14,0,108.7669
08/26/14,-0.644,108.8443
08/25/14,0,110.0503
08/22/14,0,110.9919
08/21/14,7.1435,110.3989
08/20/14,0,102.9054
08/19/14,3.2769,104.2045
08/18/14,2.6194,100.8471
08/15/14,0,99.5424
08/14/14,3.2895,98.6849
08/13/14,3.9074,94.4293
08/12/14,2.5975,90.2614
08/11/14,0,87.5751
08/08/14,0,86.6717
08/07/14,0,88.3463
08/06/14,0,89.0196
08/05/14,2.594,87.5487
08/04/14,2.6105,85.4931
08/01/14,0,81.361
07/31/14,2.5954,82.4052
07/30/14,0,80.6349
07/29/14,0,80.5406
07/28/14,1.9875,81.4868
07/25/14,0,78.5485
07/24/14,1.3039,78.2366
07/23/14,3.9199,77.0918
07/22/14,0,72.7234
07/21/14,0,73.4269
07/18/14,0,74.6476
07/17/14,0,76.2674
07/16/14,0,76.1192
07/15/14,0,75.2005
07/14/14,0,76.3237
07/11/14,0,75.7337
07/10/14,0,77.026
07/09/14,0,78.0573
07/08/14,0,79.2544
07/07/14,0,79.6176
07/03/14,0,81.2104
07/02/14,0.7284,81.5853
07/01/14,4.4155,81.6864
06/30/14,0,77.4229
06/27/14,0,81.1061
06/26/14,1.5329,80.4784
06/25/14,0,78.4869
06/24/14,0,78.5843
06/23/14,0,78.8289
06/20/14,0,80.4111
06/19/14,0,79.7819
06/18/14,0,78.4808
06/17/14,0,78.3961
06/16/14,0,78.7426
06/13/14,0,79.7419
06/12/14,-1.5376,79.1856
06/11/14,0,80.2937
06/10/14,0,80.8294
06/09/14,0,81.7113
06/06/14,0,82.9949
06/05/14,-3.093,81.1909
06/04/14,0,85.5482
06/03/14,0,85.6541
06/02/14,0,86.4125
05/30/14,0,86.1695
05/29/14,-1.5994,87.1661
05/28/14,-2.4311,89.9509
05/27/14,0,91.7249
05/23/14,0,93.531
05/22/14,0,93.1427
05/21/14,-2.4478,93.0166
05/20/14,0,95.4545
05/19/14,0,96.2028
05/16/14,0,97.0783
05/15/14,-0.8299,97.0961
05/14/14,-3.3758,99.5849
05/13/14,0,104.1416
05/12/14,-1.6973,103.5383
05/09/14,-1.7232,106.8368
05/08/14,0,110.9822
05/07/14,0,110.5064
05/06/14,0,110.9098
05/05/14,0,108.8823
05/02/14,0,107.3143
05/01/14,0,108.7344
04/30/14,-0.8816,111.0874
04/29/14,0,112.5957
04/28/14,0,111.2063
04/25/14,-6.9944,111.0356
04/24/14,0,117.0368
04/23/14,-3.4823,117.5283
04/22/14,-1.7133,119.0724
04/21/14,-5.0668,119.0692
04/17/14,0,125.8527
04/16/14,0,126.5501
04/15/14,0,127.9063
04/14/14,-0.8703,127.9336
04/11/14,-0.8628,127.6893
04/10/14,0,129.6939
04/09/14,0,129.7978
04/08/14,0,131.3165
04/07/14,0,129.4786
04/04/14,0,129.9183
04/03/14,0,128.9499
04/02/14,0,127.8524
04/01/14,0,130.4257
03/31/14,-1.7284,128.7693
03/28/14,0,127.715
03/27/14,0,127.8351
03/26/14,-5.0234,126.4213
03/25/14,8.4102,132.0402
03/24/14,-1.6902,124.2322
03/21/14,0,123.5406
03/20/14,0,123.6565
03/19/14,0,125.8711
03/18/14,0,125.5388
03/17/14,0,123.9236
03/14/14,0,125.4476
03/13/14,0,124.9152
03/12/14,0,125.6754
03/11/14,-3.339,124.3772
03/10/14,0,126.5878
03/07/14,0,129.0677
03/06/14,0,129.8804
03/05/14,7.5172,127.7925
03/04/14,3.3588,120.9153
03/03/14,11.4576,114.5758
02/28/14,3.2298,101.7398
02/27/14,0,96.5329
02/26/14,10.4244,97.8293
02/25/14,0,87.5414
02/24/14,0,86.9692
02/21/14,5.5898,87.0411
02/20/14,4.0279,82.1696
02/19/14,4.8188,77.9037
02/18/14,1.5903,72.3599
02/14/14,0,70.0758
02/13/14,0,69.5104
02/12/14,2.3459,69.5957
02/11/14,3.1286,67.2652
02/10/14,2.3576,64.4399
02/07/14,0,62.2659
02/06/14,2.3565,62.0557
02/05/14,7.0527,59.5562
02/04/14,3.1422,52.6321
02/03/14,0,48.8335
01/31/14,0,48.5519
01/30/14,0,48.5714
01/29/14,0,48.0955
01/28/14,0,48.5417
01/27/14,0,48.6409
01/24/14,0,48.3769
01/23/14,-1.5351,48.3568
01/22/14,0,49.6665
01/21/14,0,49.6083
01/17/14,3.0569,49.6743
01/16/14,0,47.0164
01/15/14,0,46.8734
01/14/14,0,47.4654
01/13/14,0,47.7748
01/10/14,0,47.6523
01/09/14,0,45.6518
01/08/14,0,46.1747
01/07/14,0,47.0253
01/06/14,-0.7745,47.2469
01/03/14,0,47.635
01/02/14,0,47.319
12/31/13,0,47.4996
12/30/13,0,47.6514
12/27/13,0,48.103
12/26/13,0,48.0216
12/24/13,0,48.8605
12/23/13,0,48.8516
12/20/13,0,48.7801
12/19/13,0,48.4821
12/18/13,0,47.986
12/17/13,0,48.1304
12/16/13,0,47.7333
12/13/13,0,47.984
12/12/13,0,48.9717
12/11/13,0,49.5662
12/10/13,0,49.2554
12/09/13,0,49.4936
12/06/13,0,49.0995
12/05/13,0,49.0257
12/04/13,-3.1808,49.3022
12/03/13,0,51.9271
12/02/13,-1.5513,51.194
11/29/13,0,52.7454
11/27/13,0,53.0044
11/26/13,0,52.7922
11/25/13,0,53.5252
11/22/13,0,53.3231
11/21/13,0,53.3709
11/20/13,0,52.8854
11/19/13,0,53.0451
11/18/13,0,52.4612
11/15/13,3.1513,53.5718
11/14/13,0,51.1781
11/13/13,0,51.5764
11/12/13,2.438,52.0111
11/11/13,0,49.8814
11/08/13,0,49.0319
11/07/13,0,48.2894
11/06/13,0.7918,48.3
11/05/13,0,47.9376
11/04/13,0,48.0908
11/01/13,0,48.1517
10/31/13,0,48.4024
10/30/13,0,48.6794
10/29/13,0,48.9824
10/28/13,0,48.9286
10/25/13,0,49.8399
10/24/13,0,49.9219
10/23/13,0,50.1898
10/22/13,0,49.7441
10/21/13,0,50.3328
10/18/13,0,50.0385
10/17/13,0,50.1816
10/16/13,0,50.164
10/15/13,0,50.2533
10/14/13,0,49.6446
10/11/13,0,49.2785
10/10/13,0,49.8247
10/09/13,0,50.3894
10/08/13,0.8364,50.1839
10/07/13,0,50.0982
10/04/13,0,49.5508
10/03/13,0,49.1378
10/02/13,0,49.1046
10/01/13,0,49.1047
09/30/13,0,49.334
09/27/13,0,50.5944
09/26/13,1.7259,50.9132
09/25/13,0,48.9389
09/24/13,0,48.3938
09/23/13,0,48.8986
09/20/13,0,48.712
09/19/13,0,49.5338
09/18/13,0,49.2443
09/17/13,0,49.0138
09/16/13,0,49.2969
09/13/13,0,49.567
09/12/13,0,50.3183
09/11/13,0,50.8646
09/10/13,2.6615,50.5688
09/09/13,0,47.381
09/06/13,0,47.8017
09/05/13,0,47.1614
09/04/13,0,48.0785
09/03/13,0,48.5652
08/30/13,0,49.1758
08/29/13,1.8202,49.1445
08/28/13,0,47.1728
08/27/13,0,47.6498
08/26/13,0,48.8912
08/23/13,0,46.2799
08/22/13,-1.7618,45.8059
08/21/13,0,49.3075
08/20/13,-4.5019,48.621
08/19/13,0,54.1273
08/16/13,0,51.9339
08/15/13,2.6904,52.9109
08/14/13,1.7354,48.5911
08/13/13,0,46.0527
08/12/13,3.5264,47.6066
08/09/13,0,43.1618
08/08/13,0,43.7711
08/07/13,0,43.6119
08/06/13,0,43.713
08/05/13,0,43.7833
08/02/13,0,43.9914
08/01/13,0,44.3255
07/31/13,0,45.3305
07/30/13,1.8102,45.255
07/29/13,5.3916,43.1328
07/26/13,0.9036,37.9499
07/25/13,0,37.301
07/24/13,0,37.4169
07/23/13,0,37.7973
07/22/13,0,38.6817
07/19/13,0,38.8218
07/18/13,0,38.8285
07/17/13,0.9497,38.9385
07/16/13,0,38.581
07/15/13,0,38.1237
07/12/13,0,38.5843
07/11/13,0,39.7713
07/10/13,0,39.4113
07/09/13,0,39.3128
07/08/13,0,37.9538
07/05/13,0,37.4199
07/03/13,0,38.1546
07/02/13,0,38.122
07/01/13,0,38.0536
06/28/13,0,38.7044
06/27/13,0,40.4832
06/26/13,0,40.7938
06/25/13,0,40.913
06/24/13,0,41.0985
06/21/13,0,41.8479
06/20/13,0,42.2112
06/19/13,0,42.9623
06/18/13,0,41.6153
06/17/13,0,40.8387
06/14/13,0,40.3931
06/13/13,0,40.4676
06/12/13,0,40.6764
06/11/13,0,41.4589
06/10/13,0,41.1324
06/07/13,1.0488,41.9522
06/06/13,4.1276,40.2444
06/05/13,0,35.7621
06/04/13,0,36.4138
06/03/13,0,36.7591
05/31/13,0,37.1918
05/30/13,0,36.9425
05/29/13,0,37.149
05/28/13,0,36.4126
05/24/13,0,35.5273
05/23/13,0,35.4614
05/22/13,0,35.1504
05/21/13,-0.9847,35.4504
05/20/13,0,35.597
05/17/13,0,35.6112
05/16/13,0,35.768
05/15/13,0,36.2935
05/14/13,1.0184,36.6631
05/13/13,0,35.6851
05/10/13,0,34.8345
05/09/13,0,35.5893
05/08/13,0,34.8446
05/07/13,0,35.299
05/06/13,0,35.1824
05/03/13,0,36.386
05/02/13,0,36.6333
05/01/13,0,35.9475
04/30/13,0,36.2976
04/29/13,0,36.6426
04/26/13,0,34.3051
04/25/13,0,34.6938
04/24/13,0,34.4341
04/23/13,-1.9519,34.1589
04/22/13,0,36.8309
04/19/13,-2.0374,37.6923
04/18/13,0,39.424
04/17/13,0,39.9872
04/16/13,0,39.6549
04/15/13,0,38.9682
04/12/13,0,40.1443
04/11/13,0,39.6335
04/10/13,0,39.5883
04/09/13,0,39.3216
04/08/13,0,38.7123
04/05/13,0,38.7739
04/04/13,0,39.0036
04/03/13,0,39.3391
04/02/13,0,39.1148
04/01/13,0,39.006
03/28/13,0,40.3853
03/27/13,0,42.9641
03/26/13,0,42.9086
03/25/13,0,43.0323
03/22/13,0,42.5433
03/21/13,1.0992,42.8673
03/20/13,0,41.6691
03/19/13,0,41.3479
03/18/13,0,41.1276
03/15/13,0,41.0358
03/14/13,2.1528,40.9024
03/13/13,0,38.4353
03/12/13,0,38.5978
03/11/13,0,38.4193
03/08/13,0,37.9387
03/07/13,0,37.4678
03/06/13,0,37.4712
03/05/13,-2.1274,38.2928
03/04/13,0,40.1926
03/01/13,0,40.5636
02/28/13,3.1935,40.4509
02/27/13,0,36.9369
02/26/13,0,36.9967
02/25/13,0,36.5677
02/22/13,4.1844,36.6133
02/21/13,0,32.5188
02/20/13,-8.5153,32.9968
02/19/13,0,41.2879
02/15/13,0,41.6272
02/14/13,0,41.5329
02/13/13,0,41.5876
02/12/13,0,41.6728
02/11/13,0,41.7851
02/08/13,0,42.1891
02/07/13,0,42.4144
02/06/13,0,43.2288
02/05/13,0,43.8034
02/04/13,0,44.1241
02/01/13,0,44.1398
01/31/13,0,44.3065
01/30/13,0,#N/A N/A
01/29/13,0,#N/A N/A
01/28/13,0,#N/A N/A
01/25/13,0,#N/A N/A
01/24/13,0,#N/A N/A
01/23/13,-2.2383,#N/A N/A
01/22/13,0,#N/A N/A
01/18/13,0,#N/A N/A
01/17/13,0,#N/A N/A
01/16/13,0,#N/A N/A
01/15/13,0,#N/A N/A
01/14/13,0,#N/A N/A
01/11/13,9.8554,#N/A N/A
01/10/13,0,#N/A N/A
01/09/13,0,#N/A N/A
01/08/13,0,#N/A N/A
01/07/13,0,#N/A N/A
01/04/13,0,#N/A N/A
01/03/13,-2.1792,#N/A N/A
01/02/13,0,#N/A N/A
12/31/12,0,37.6866
12/28/12,0,#N/A N/A
12/27/12,-2.2028,#N/A N/A
12/26/12,-1.1059,#N/A N/A
12/24/12,0,#N/A N/A
12/21/12,-1.1198,#N/A N/A
12/20/12,0,#N/A N/A
12/19/12,0,#N/A N/A
12/18/12,0,#N/A N/A
12/17/12,0,#N/A N/A
12/14/12,0,#N/A N/A
12/13/12,0,#N/A N/A
12/12/12,0,#N/A N/A
12/11/12,0,#N/A N/A
12/10/12,0,#N/A N/A
12/07/12,0,#N/A N/A
12/06/12,0,#N/A N/A
12/05/12,0,#N/A N/A
12/04/12,0,#N/A N/A
12/03/12,0,#N/A N/A
11/30/12,0,45.3871
11/29/12,0,#N/A N/A
11/28/12,0,#N/A N/A
11/27/12,0,#N/A N/A
11/26/12,0,#N/A N/A
11/23/12,0,#N/A N/A
11/21/12,2.3594,#N/A N/A
11/20/12,-7.0898,#N/A N/A
11/19/12,0,#N/A N/A
11/16/12,0,#N/A N/A
11/15/12,-2.2975,#N/A N/A
11/14/12,0,#N/A N/A
11/13/12,0,#N/A N/A
11/12/12,0,#N/A N/A
11/09/12,0,#N/A N/A
11/08/12,0,#N/A N/A
11/07/12,0,#N/A N/A
11/06/12,0,#N/A N/A
11/05/12,0,#N/A N/A
11/02/12,0,#N/A N/A
11/01/12,-2.4063,#N/A N/A
10/31/12,0,55.4201
10/26/12,0,#N/A N/A
10/25/12,0,#N/A N/A
10/24/12,0,#N/A N/A
10/23/12,0,#N/A N/A
10/22/12,1.2061,#N/A N/A
10/19/12,-2.4153,#N/A N/A
10/18/12,0,#N/A N/A
10/17/12,0,#N/A N/A
10/16/12,0,#N/A N/A
10/15/12,0,#N/A N/A
10/12/12,0,#N/A N/A
10/11/12,0,#N/A N/A
10/10/12,0,#N/A N/A
10/09/12,-1.1873,#N/A N/A
10/08/12,0,#N/A N/A
10/05/12,0,#N/A N/A
10/04/12,0,#N/A N/A
10/03/12,0,#N/A N/A
10/02/12,0,#N/A N/A
10/01/12,0,#N/A N/A
09/28/12,-8.4707,58.0846
09/27/12,-2.3092,#N/A N/A
09/26/12,0,#N/A N/A
09/25/12,0,#N/A N/A
09/24/12,0,#N/A N/A
09/21/12,0,#N/A N/A
09/20/12,-2.4175,#N/A N/A
09/19/12,-2.4354,#N/A N/A
09/18/12,0,#N/A N/A
09/17/12,0,#N/A N/A
09/14/12,0,#N/A N/A
09/13/12,0,#N/A N/A
09/12/12,0,#N/A N/A
09/11/12,0,#N/A N/A
09/10/12,0,#N/A N/A
09/07/12,0,#N/A N/A
09/06/12,0,#N/A N/A
09/05/12,-2.5378,#N/A N/A
09/04/12,-7.7002,#N/A N/A
08/31/12,0,87.8405
08/30/12,-1.2831,#N/A N/A
08/29/12,0,#N/A N/A
08/28/12,0,#N/A N/A
08/27/12,0,#N/A N/A
08/24/12,0,#N/A N/A
08/23/12,0,#N/A N/A
08/22/12,-2.6225,#N/A N/A
08/21/12,-2.6339,#N/A N/A
08/20/12,-2.5948,#N/A N/A
08/17/12,0,#N/A N/A
08/16/12,0,#N/A N/A
08/15/12,-5.079,#N/A N/A
08/14/12,0,#N/A N/A
08/13/12,0,#N/A N/A
08/10/12,0,#N/A N/A
08/09/12,0,#N/A N/A
08/08/12,0,#N/A N/A
08/07/12,-2.5432,#N/A N/A
08/06/12,-2.5505,#N/A N/A
08/03/12,0,#N/A N/A
08/02/12,-2.5302,#N/A N/A
08/01/12,0,#N/A N/A
07/31/12,5.0866,109.3629
07/30/12,0,#N/A N/A
07/27/12,-2.5007,#N/A N/A
07/26/12,-3.6932,#N/A N/A
07/25/12,0,#N/A N/A
07/24/12,0,#N/A N/A
07/23/12,0,#N/A N/A
07/20/12,0,#N/A N/A
07/19/12,8.5641,#N/A N/A
07/18/12,0,#N/A N/A
07/17/12,3.7137,#N/A N/A
07/16/12,0,#N/A N/A
07/13/12,0,#N/A N/A
07/12/12,0,#N/A N/A
07/11/12,0,#N/A N/A
07/10/12,8.1934,#N/A N/A
07/09/12,0,#N/A N/A
07/06/12,10.2178,#N/A N/A
07/05/12,0,#N/A N/A
07/03/12,0,#N/A N/A
07/02/12,2.1687,#N/A N/A
06/29/12,2.1008,61.973
06/28/12,4.1772,#N/A N/A
06/27/12,0,#N/A N/A
06/26/12,0,#N/A N/A
06/25/12,0,#N/A N/A
06/22/12,0,#N/A N/A
06/21/12,0,#N/A N/A
06/20/12,0,#N/A N/A
06/19/12,0,#N/A N/A
06/18/12,0,#N/A N/A
06/15/12,0,#N/A N/A
06/14/12,-1.7966,#N/A N/A
06/13/12,-0.8911,#N/A N/A
06/12/12,0,#N/A N/A
06/11/12,0,#N/A N/A
06/08/12,0,#N/A N/A
06/07/12,0,#N/A N/A
06/06/12,0,#N/A N/A
06/05/12,0,#N/A N/A
06/04/12,0,#N/A N/A
06/01/12,0,#N/A N/A
05/31/12,0,50.8879
05/30/12,-2.7306,#N/A N/A
05/29/12,0,#N/A N/A
05/25/12,0,#N/A N/A
05/24/12,0,#N/A N/A
05/23/12,0,#N/A N/A
05/22/12,0,#N/A N/A
05/21/12,0,#N/A N/A
05/18/12,0,#N/A N/A
05/17/12,0,#N/A N/A
05/16/12,0,#N/A N/A
05/15/12,-0.9053,#N/A N/A
05/14/12,0,#N/A N/A
05/11/12,0,#N/A N/A
05/10/12,0,#N/A N/A
05/09/12,0,#N/A N/A
05/08/12,0,#N/A N/A
05/07/12,-1.8734,#N/A N/A
05/04/12,0,#N/A N/A
05/03/12,0,#N/A N/A
05/02/12,0,#N/A N/A
05/01/12,-3.8396,#N/A N/A
04/30/12,0,64.0933
04/27/12,0,#N/A N/A
04/26/12,0,#N/A N/A
04/25/12,0,#N/A N/A
04/24/12,0,#N/A N/A
04/23/12,0,#N/A N/A
04/20/12,0,#N/A N/A
04/19/12,0,#N/A N/A
04/18/12,0,#N/A N/A
04/17/12,0,#N/A N/A
04/16/12,0,#N/A N/A
04/13/12,0,#N/A N/A
04/12/12,0,#N/A N/A
04/11/12,-0.9738,#N/A N/A
04/10/12,0,#N/A N/A
04/09/12,0,#N/A N/A
04/05/12,0,#N/A N/A
04/04/12,0,#N/A N/A
04/03/12,0,#N/A N/A
04/02/12,0,#N/A N/A
03/30/12,0,65.6116
03/29/12,0,#N/A N/A
03/28/12,0,#N/A N/A
03/27/12,0,#N/A N/A
03/26/12,3.9644,#N/A N/A
03/23/12,0,#N/A N/A
03/22/12,0,#N/A N/A
03/21/12,0,#N/A N/A
03/20/12,-1.0092,#N/A N/A
03/19/12,0,#N/A N/A
03/16/12,-4.156,#N/A N/A
03/15/12,0,#N/A N/A
03/14/12,0,#N/A N/A
03/13/12,0,#N/A N/A
03/12/12,0,#N/A N/A
03/09/12,0,#N/A N/A
03/08/12,0,#N/A N/A
03/07/12,0,#N/A N/A
03/06/12,0,#N/A N/A
03/05/12,0,#N/A N/A
03/02/12,0,#N/A N/A
03/01/12,0,#N/A N/A
02/29/12,0,70.0271
02/28/12,0,#N/A N/A
02/27/12,0,#N/A N/A
02/24/12,0,#N/A N/A
02/23/12,0,#N/A N/A
02/22/12,0,#N/A N/A
02/21/12,0,#N/A N/A
02/17/12,0,#N/A N/A
02/16/12,0,#N/A N/A
02/15/12,0,#N/A N/A
02/14/12,0,#N/A N/A
02/13/12,0,#N/A N/A
02/10/12,0,#N/A N/A
02/09/12,0,#N/A N/A
02/08/12,0,#N/A N/A
02/07/12,0,#N/A N/A
02/06/12,0,#N/A N/A
02/03/12,0,#N/A N/A
02/02/12,0,#N/A N/A
02/01/12,0,#N/A N/A
01/31/12,0,69.4986
01/30/12,0,#N/A N/A
01/27/12,0,#N/A N/A
01/26/12,0,#N/A N/A
01/25/12,0,#N/A N/A
01/24/12,0,#N/A N/A
01/23/12,0,#N/A N/A
01/20/12,0,#N/A N/A
01/19/12,0,#N/A N/A
01/18/12,0,#N/A N/A
01/17/12,0,#N/A N/A
01/13/12,0,#N/A N/A
01/12/12,0,#N/A N/A
01/11/12,0,#N/A N/A
01/10/12,0,#N/A N/A
01/09/12,0,#N/A N/A
01/06/12,0,#N/A N/A
01/05/12,0,#N/A N/A
01/04/12,0,#N/A N/A
01/03/12,0,#N/A N/A
12/30/11,0,71.2684
