Date,NAV,Price,Roll
2012-01-04,42.48069,42.51,0
2012-01-05,41.57664,41.51,0
2012-01-06,41.40785,41.35,0
2012-01-09,41.97032,42.189,0
2012-01-10,42.03453,42.05,0
2012-01-11,41.88213,42.06,0
2012-01-12,39.68678,39.75,0
2012-01-13,39.04462,39.19,0
2012-01-16,39.04462,39.19,0
2012-01-17,39.26152,39.25,0
2012-01-18,38.59325,38.64,0
2012-01-19,39.2705,39.26,0
2012-01-20,39.31259,39.45,0
2012-01-23,39.80049,39.82,0
2012-01-24,40.32905,40.39,0
2012-01-25,40.55207,40.67,0
2012-01-26,40.61084,40.66,0
2012-01-27,41.02302,41.07,0
2012-01-30,40.45923,40.55,0
2012-01-31,40.88136,40.88,0
2012-02-01,41.18132,41.01,0
2012-02-02,41.29251,41.33,0
2012-02-03,41.40398,41.29,0
2012-02-06,41.41733,41.38,0
2012-02-07,41.12923,41.07,0
2012-02-08,41.06377,41.08,0
2012-02-09,40.65265,40.62,0
2012-02-10,40.17264,40.15,0
2012-02-13,40.64172,40.61,0
2012-02-14,40.37113,40.34,0
2012-02-15,39.95635,39.95,0
2012-02-16,40.51627,40.41,0
2012-02-17,40.72582,40.641,0
2012-02-20,40.72582,40.641,0
2012-02-21,40.14436,40.18,0
2012-02-22,40.4567,40.5,0
2012-02-23,40.34391,40.3217,0
2012-02-24,40.37347,40.27,0
2012-02-27,40.52109,40.39,0
2012-02-28,41.02231,41.03,0
2012-02-29,41.19227,41.09,0
2012-03-01,40.96089,41.05,0
2012-03-02,41.06233,41.13,0
2012-03-05,41.32799,41.26,0
2012-03-06,40.843,40.67,0
2012-03-07,40.08248,40.04,0
2012-03-08,39.93046,39.83,0
2012-03-09,40.3856,40.18,0
2012-03-12,41.03679,40.98,0
2012-03-13,41.13581,40.96,0
2012-03-14,40.94733,41.05,1
2012-03-15,41.47052,41.32,0
2012-03-16,41.55988,41.57,0
2012-03-19,41.17434,41.11,0
2012-03-20,40.36632,40.3,0
2012-03-21,40.03172,40.0,0
2012-03-22,40.00116,40.0,0
2012-03-23,40.06012,40.04,0
2012-03-26,39.64375,39.72,0
2012-03-27,39.40695,39.36,0
2012-03-28,38.54083,38.56,0
2012-03-29,37.56012,37.59,0
2012-03-30,39.17104,39.26,0
2012-04-02,39.60757,39.71,0
2012-04-03,39.60486,39.81,0
2012-04-04,39.44293,39.48,0
2012-04-05,39.69941,39.65,0
2012-04-06,39.69941,39.65,0
2012-04-09,39.44514,39.41,0
2012-04-10,38.77548,38.79,0
2012-04-11,38.95161,38.83,0
2012-04-12,38.99423,38.91,0
2012-04-13,38.36861,38.23,0
2012-04-16,37.62594,37.537,0
2012-04-17,37.59308,37.48,0
2012-04-18,37.23886,37.17,0
2012-04-19,38.26362,38.19,0
2012-04-20,37.71947,37.51,0
2012-04-23,38.33965,38.13,0
2012-04-24,38.15221,38.04,0
2012-04-25,37.77237,37.8449,0
2012-04-26,37.82487,37.76,0
2012-04-27,38.34694,38.35,0
2012-04-30,38.84432,38.89,0
2012-05-01,38.39595,38.22,0
2012-05-02,37.59169,37.4999,0
2012-05-03,37.57776,37.56,0
2012-05-04,37.50748,37.51,0
2012-05-07,37.46716,37.5,0
2012-05-08,37.70591,37.71,0
2012-05-09,36.85384,36.78,0
2012-05-10,35.90862,35.88,0
2012-05-11,35.65535,35.68,0
2012-05-14,35.7351,35.55,1
2012-05-15,36.21082,36.28,0
2012-05-16,37.02096,37.06,0
2012-05-17,37.14145,36.98,0
2012-05-18,37.52665,37.34,0
2012-05-21,37.58706,37.49,0
2012-05-22,36.31737,36.43,0
2012-05-23,36.44093,36.56,0
2012-05-24,36.02063,35.98,0
2012-05-25,36.44093,36.42,0
2012-05-28,36.44093,36.42,0
2012-05-29,36.1331,35.98,0
2012-05-30,36.4077,36.36,0
2012-05-31,36.34854,36.21,0
2012-06-01,35.51656,35.68,0
2012-06-04,36.42521,36.344,0
2012-06-05,35.5002,35.53,0
2012-06-06,36.31864,36.18,0
2012-06-07,37.37411,37.22,0
2012-06-08,37.84409,37.69,0
2012-06-11,37.17051,36.77,0
2012-06-12,36.41747,36.16,0
2012-06-13,35.64214,35.557,0
2012-06-14,35.9311,36.05,0
2012-06-15,35.13592,35.47,0
2012-06-18,37.00367,37.05,0
2012-06-19,38.89908,38.71,0
2012-06-20,38.90015,38.91,0
2012-06-21,37.84093,37.76,0
2012-06-22,37.97609,38.0,0
2012-06-25,40.08459,40.21,0
2012-06-26,41.55236,41.61,0
2012-06-27,42.01523,42.14,0
2012-06-28,41.77193,41.8,0
2012-06-29,42.01551,42.1,0
2012-07-02,43.37482,43.53,0
2012-07-03,44.52729,44.61,0
2012-07-04,44.52729,44.61,0
2012-07-05,46.40207,46.42,0
2012-07-06,45.41249,45.33,0
2012-07-09,47.56459,47.53,0
2012-07-10,46.8195,46.87,0
2012-07-11,45.85988,45.95,0
2012-07-12,47.47617,47.39,0
2012-07-13,48.00658,48.03,1
2012-07-16,49.66527,49.85,0
2012-07-17,49.5157,49.74,0
2012-07-18,49.99979,50.01,0
2012-07-19,48.9376,48.76,0
2012-07-20,49.78925,49.94,0
2012-07-23,49.55834,49.6,0
2012-07-24,49.25607,49.21,0
2012-07-25,49.83688,49.77,0
2012-07-26,49.24275,49.3,0
2012-07-27,50.01446,50.06,0
2012-07-30,51.19962,51.27,0
2012-07-31,50.86638,50.9,0
2012-08-01,50.66582,50.61,0
2012-08-02,50.60421,50.5,0
2012-08-03,51.03109,51.01,0
2012-08-06,51.00985,50.93,0
2012-08-07,50.86437,50.76,0
2012-08-08,51.54937,51.61,0
2012-08-09,51.98339,51.94,0
2012-08-10,51.4238,51.36,0
2012-08-13,50.53811,50.403,0
2012-08-14,50.25025,50.18,0
2012-08-15,50.78961,50.79,0
2012-08-16,50.96739,50.82,0
2012-08-17,50.87915,50.78,0
2012-08-20,51.89579,51.89,0
2012-08-21,52.67857,52.6699,0
2012-08-22,52.45064,52.49,0
2012-08-23,51.47132,51.35,0
2012-08-24,51.19403,51.21,0
2012-08-27,50.91181,50.79,0
2012-08-28,50.73668,50.73,0
2012-08-29,51.54998,51.46,0
2012-08-30,51.32436,51.29,0
2012-08-31,50.92189,50.94,0
2012-09-03,50.92189,50.94,0
2012-09-04,51.33466,51.31,0
2012-09-05,50.75559,50.82,0
2012-09-06,51.15384,51.03,0
2012-09-07,51.18965,50.99,0
2012-09-10,50.39792,50.34,0
2012-09-11,50.11267,50.01,0
2012-09-12,49.69925,49.65,0
2012-09-13,49.94893,49.97,0
2012-09-14,50.42889,50.5,1
2012-09-17,48.52721,48.59,0
2012-09-18,47.93709,48.01,0
2012-09-19,48.70722,48.7,0
2012-09-20,48.35003,48.28,0
2012-09-21,48.36797,48.38,0
2012-09-24,48.22898,48.12,0
2012-09-25,48.18303,48.13,0
2012-09-26,46.85285,46.89,0
2012-09-27,46.18342,46.23,0
2012-09-28,48.40373,48.42,0
2012-10-01,48.41245,48.36,0
2012-10-02,48.37735,48.34,0
2012-10-03,48.36225,48.2901,0
2012-10-04,48.18602,48.12,0
2012-10-05,47.69102,47.72,0
2012-10-08,47.40729,47.45,0
2012-10-09,47.49021,47.42,0
2012-10-10,47.37824,47.35,0
2012-10-11,49.25944,49.24,0
2012-10-12,48.06394,48.06,0
2012-10-15,47.20587,47.19,0
2012-10-16,47.16004,47.12,0
2012-10-17,47.5091,47.46,0
2012-10-18,48.34217,48.22,0
2012-10-19,48.30601,48.24,0
2012-10-22,48.24281,48.24,0
2012-10-23,48.15002,48.05,0
2012-10-24,48.28999,48.18,0
2012-10-25,47.67586,47.76,0
2012-10-26,47.49773,47.57,0
2012-10-29,47.49773,47.57,0
2012-10-30,47.49773,47.57,0
2012-10-31,48.19118,48.14,0
2012-11-01,48.12627,48.26,0
2012-11-02,47.58258,47.58,0
2012-11-05,47.26477,47.34,0
2012-11-06,47.60101,47.57,0
2012-11-07,47.81858,47.69,0
2012-11-08,47.5743,47.56,0
2012-11-09,47.32129,47.32,0
2012-11-12,46.04207,46.1,0
2012-11-13,46.15456,46.05,0
2012-11-14,46.18996,46.14,0
2012-11-15,45.9502,45.93,0
2012-11-16,46.2341,46.18,0
2012-11-19,46.9624,46.96,0
2012-11-20,47.26529,47.15,0
2012-11-21,47.1879,47.15,0
2012-11-22,47.1879,47.15,0
2012-11-23,47.40912,47.39,0
2012-11-26,47.56365,47.59,0
2012-11-27,48.30626,48.34,0
2012-11-28,48.36603,48.3392,0
2012-11-29,48.07147,48.07,0
2012-11-30,47.77572,47.85,0
2012-12-03,47.96542,47.98,0
2012-12-04,47.9237,47.94,0
2012-12-05,48.2445,48.29,0
2012-12-06,47.93886,47.96,0
2012-12-07,47.18158,47.18,0
2012-12-10,46.85013,46.864,0
2012-12-11,46.52929,46.6,0
2012-12-12,46.37388,46.34,0
2012-12-13,46.16734,46.16,0
2012-12-14,46.59628,46.57,1
2012-12-17,46.19203,46.22,0
2012-12-18,46.06206,46.13,0
2012-12-19,45.12681,45.0599,0
2012-12-20,44.54077,44.48,0
2012-12-21,44.79224,44.7,0
2012-12-24,44.857,44.82,0
2012-12-25,44.857,44.82,0
2012-12-26,44.23749,44.16,0
2012-12-27,44.05611,44.04,0
2012-12-28,44.22173,44.17,0
2012-12-31,44.33686,44.32,0
2013-01-01,44.33686,44.32,0
2013-01-02,43.85124,43.66,0
2013-01-03,43.58333,43.44,0
2013-01-04,42.69728,42.77,0
2013-01-07,42.93085,42.92,0
2013-01-08,43.1682,43.2,0
2013-01-09,43.47311,43.51,0
2013-01-10,43.64776,43.73,0
2013-01-11,43.80159,43.99,0
2013-01-14,44.61384,44.78,0
2013-01-15,45.04502,45.2,0
2013-01-16,45.13341,45.22,0
2013-01-17,44.76319,44.77,0
2013-01-18,45.01127,45.01,0
2013-01-21,45.01127,45.01,0
2013-01-22,45.02639,45.04,0
2013-01-23,44.76555,44.73,0
2013-01-24,44.63004,44.68,0
2013-01-25,44.46811,44.42,0
2013-01-28,44.92554,44.97,0
2013-01-29,44.85432,44.81,0
2013-01-30,45.45853,45.43,0
2013-01-31,45.44242,45.5,0
2013-02-01,45.27141,45.18,0
2013-02-04,45.25534,45.21,0
2013-02-05,44.92635,45.07,0
2013-02-06,44.33702,44.34,0
2013-02-07,43.50174,43.57,0
2013-02-08,43.27067,43.35,0
2013-02-11,42.85636,42.86,0
2013-02-12,42.74111,42.75,0
2013-02-13,42.65373,42.65,0
2013-02-14,42.59766,42.62,0
2013-02-15,42.69439,42.649,0
2013-02-18,42.69439,42.649,0
2013-02-19,42.34639,42.44,0
2013-02-20,42.57626,42.59,0
2013-02-21,41.95944,42.01,0
2013-02-22,41.84351,41.96,0
2013-02-25,41.79145,41.68,0
2013-02-26,42.28172,42.29,0
2013-02-27,42.21337,42.24,0
2013-02-28,42.57969,42.581,0
2013-03-01,42.69839,42.66,0
2013-03-04,42.30781,42.25,0
2013-03-05,42.54732,42.54,0
2013-03-06,41.63447,41.66,0
2013-03-07,41.63071,41.7,0
2013-03-08,42.15394,42.11,0
2013-03-11,42.68795,42.64,0
2013-03-12,42.88618,43.0,0
2013-03-13,42.7057,42.68,0
2013-03-14,43.05501,43.11,1
2013-03-15,43.1954,43.22,0
2013-03-18,43.29201,43.31,0
2013-03-19,43.52394,43.45,0
2013-03-20,43.86201,43.86,0
2013-03-21,43.96629,44.0,0
2013-03-22,43.63392,43.59,0
2013-03-25,44.13548,43.99,0
2013-03-26,44.00865,43.99,0
2013-03-27,44.0655,43.98,0
2013-03-28,41.42056,40.9,0
2013-03-29,41.42056,40.9,0
2013-04-01,40.00599,40.2,0
2013-04-02,40.11755,40.19,0
2013-04-03,40.34761,40.32,0
2013-04-04,40.0035,39.92,0
2013-04-05,39.76796,39.82,0
2013-04-08,39.70476,39.67,0
2013-04-09,40.32972,40.25,0
2013-04-10,40.60322,40.579,0
2013-04-11,40.64957,40.63,0
2013-04-12,41.17348,41.19,0
2013-04-15,39.96723,39.76,0
2013-04-16,40.67157,40.56,0
2013-04-17,41.01231,40.77,0
2013-04-18,40.43468,40.43,0
2013-04-19,40.74826,40.62,0
2013-04-22,39.81705,39.78,0
2013-04-23,39.03861,38.91,0
2013-04-24,39.35311,39.34,0
2013-04-25,39.6498,39.58,0
2013-04-26,39.2056,39.27,0
2013-04-29,41.87705,41.84,0
2013-04-30,41.48281,41.49,0
2013-05-01,41.08268,41.13,0
2013-05-02,41.86639,41.86,0
2013-05-03,41.58378,41.62,0
2013-05-06,40.20823,40.18,0
2013-05-07,40.34154,40.29,0
2013-05-08,39.82214,39.86,0
2013-05-09,40.67325,40.55,0
2013-05-10,39.81068,39.78,0
2013-05-13,40.78284,40.82,0
2013-05-14,40.7366,40.81,1
2013-05-15,40.3259,40.34,0
2013-05-16,39.74205,39.73,0
2013-05-17,39.56781,39.59,0
2013-05-20,39.55205,39.55,0
2013-05-21,39.38918,39.27,0
2013-05-22,40.17172,40.2,0
2013-05-23,40.5272,40.54,0
2013-05-24,40.60249,40.63,0
2013-05-27,40.60249,40.63,0
2013-05-28,41.61422,41.69,0
2013-05-29,42.45578,42.44,0
2013-05-30,42.21984,42.37,0
2013-05-31,42.50469,42.4684,0
2013-06-03,42.01019,42.09,0
2013-06-04,41.6155,41.74,0
2013-06-05,40.87071,40.78,0
2013-06-06,41.27615,41.5,0
2013-06-07,41.95199,42.0,0
2013-06-10,41.13219,41.17,0
2013-06-11,41.45877,41.49,0
2013-06-12,40.67624,40.72,0
2013-06-13,40.46746,40.59,0
2013-06-14,40.39296,40.26,0
2013-06-17,40.83851,41.01,0
2013-06-18,41.61506,41.65,0
2013-06-19,42.96206,42.8,0
2013-06-20,42.21103,42.09,0
2013-06-21,41.84768,41.84,0
2013-06-24,41.09835,41.16,0
2013-06-25,40.91283,40.92,0
2013-06-26,40.7936,40.91,0
2013-06-27,40.48304,40.48,0
2013-06-28,38.70434,38.67,0
2013-07-01,38.05342,38.07,0
2013-07-02,38.12185,38.2,0
2013-07-03,38.15442,38.17,0
2013-07-04,38.15442,38.17,0
2013-07-05,37.4197,37.53,0
2013-07-08,37.95359,37.9,0
2013-07-09,39.3126,39.38,0
2013-07-10,39.41107,39.39,0
2013-07-11,39.77117,39.66,0
2013-07-12,38.58417,38.55,1
2013-07-15,38.12351,38.15,0
2013-07-16,38.58086,38.55,0
2013-07-17,37.98861,37.96,0
2013-07-18,37.8813,37.82,0
2013-07-19,37.87481,37.9,0
2013-07-22,37.7381,37.79,0
2013-07-23,36.8752,37.01,0
2013-07-24,36.50415,36.6,0
2013-07-25,36.39109,36.42,0
2013-07-26,36.14259,36.16,0
2013-07-29,35.94388,36.03,0
2013-07-30,36.2039,36.16,0
2013-07-31,36.26433,36.34,0
2013-08-01,35.46029,35.55,0
2013-08-02,35.19305,35.28,0
2013-08-05,35.02647,35.08,0
2013-08-06,34.9703,35.12,0
2013-08-07,34.88946,34.92,0
2013-08-08,35.01672,35.07,0
2013-08-09,34.52933,34.5,0
2013-08-12,35.26407,35.43,0
2013-08-13,34.11302,34.16,0
2013-08-14,34.70783,34.68,0
2013-08-15,35.87168,35.92,0
2013-08-16,35.20934,35.23,0
2013-08-19,36.69639,36.63,0
2013-08-20,36.01545,36.03,0
2013-08-21,36.52395,36.48,0
2013-08-22,35.23518,35.27,0
2013-08-23,35.59984,35.56,0
2013-08-26,37.60847,37.71,0
2013-08-27,36.65357,36.68,0
2013-08-28,36.28661,36.21,0
2013-08-29,36.40323,36.31,0
2013-08-30,36.4264,36.5,0
2013-09-02,36.4264,36.5,0
2013-09-03,35.97409,36.04,0
2013-09-04,35.61362,35.63,0
2013-09-05,34.9343,35.05,0
2013-09-06,35.40855,35.4,0
2013-09-09,35.09693,35.16,0
2013-09-10,35.48675,35.54,0
2013-09-11,35.69436,35.76,0
2013-09-12,35.31095,35.24,0
2013-09-13,34.78377,34.9,1
2013-09-16,34.59425,34.64,0
2013-09-17,34.39558,34.47,0
2013-09-18,34.55731,34.65,0
2013-09-19,34.76045,34.88,0
2013-09-20,34.18377,34.27,0
2013-09-23,34.31473,34.32,0
2013-09-24,33.96042,34.07,0
2013-09-25,34.34301,34.28,0
2013-09-26,34.51733,34.52,0
2013-09-27,34.3012,34.3,0
2013-09-30,33.44668,33.57,0
2013-10-01,33.29122,33.37,0
2013-10-02,33.29113,33.34,0
2013-10-03,33.31363,33.33,0
2013-10-04,33.59362,33.62,0
2013-10-07,33.96477,33.96,0
2013-10-08,33.45589,33.46,0
2013-10-09,33.59283,33.63,0
2013-10-10,33.21636,33.27,0
2013-10-11,32.85223,32.9,0
2013-10-14,33.09634,33.07,0
2013-10-15,33.50207,33.52,0
2013-10-16,33.44259,33.38,0
2013-10-17,33.45433,33.18,0
2013-10-18,33.35891,33.44,0
2013-10-21,33.55511,33.55,0
2013-10-22,33.16264,33.19,0
2013-10-23,33.45979,33.44,0
2013-10-24,33.2812,33.33,0
2013-10-25,33.22653,33.18,0
2013-10-28,32.61894,32.67,0
2013-10-29,32.65482,32.68,0
2013-10-30,32.45282,32.49,0
2013-10-31,32.26825,32.34,0
2013-11-01,32.10104,32.15,0
2013-11-04,32.06047,32.01,0
2013-11-05,31.95832,32.03,0
2013-11-06,31.67206,31.68,0
2013-11-07,31.66514,31.66,0
2013-11-08,32.15201,32.14,0
2013-11-11,32.70905,32.87,0
2013-11-12,32.50685,32.52,0
2013-11-13,32.23516,32.22,0
2013-11-14,31.98623,31.85,0
2013-11-15,31.5127157,31.49,0
2013-11-18,30.85946,30.79,0
2013-11-19,31.20295,31.15,0
2013-11-20,31.10899,31.04,0
2013-11-21,31.39455,31.29,0
2013-11-22,31.36646,31.47,0
2013-11-25,31.48532,31.42,0
2013-11-26,31.05416,31.03,0
2013-11-27,31.17899,31.18,0
2013-11-28,31.17899,31.18,0
2013-11-29,31.02664,31.08,0
2013-12-02,31.02659,31.0,0
2013-12-03,31.47088,31.42,0
2013-12-04,31.80779,31.76,0
2013-12-05,31.62938,31.67,0
2013-12-06,31.677,31.68,0
2013-12-09,31.93124,31.96,0
2013-12-10,31.77758,31.78,0
2013-12-11,31.97812,31.98,0
2013-12-12,31.59457,31.61,0
2013-12-13,30.95733,30.99,1
2013-12-16,30.79555,30.79,0
2013-12-17,31.05179,31.05,0
2013-12-18,30.95863,31.0,0
2013-12-19,31.27869,31.24,0
2013-12-20,31.47095,31.44,0
2013-12-23,31.51711,31.43,0
2013-12-24,31.52281,31.49,0
2013-12-25,31.52281,31.49,0
2013-12-26,30.9816,31.05,0
2013-12-27,31.03412,30.95,0
2013-12-30,30.74279,30.71,0
2013-12-31,30.64484,30.58,0
2014-01-01,30.64484,30.58,0
2014-01-02,30.52833,30.53,0
2014-01-03,30.73219,30.7599,0
2014-01-06,30.98148,31.14,0
2014-01-07,30.83613,30.89,0
2014-01-08,30.27842,30.21,0
2014-01-09,29.93549,29.94,0
2014-01-10,31.24729,31.16,0
2014-01-13,31.32766,31.36,0
2014-01-14,31.12476,31.24,0
2014-01-15,30.73656,30.8,0
2014-01-16,30.83036,30.79,0
2014-01-17,30.56868,30.57,0
2014-01-20,30.56868,30.57,0
2014-01-21,30.52813,30.52,0
2014-01-22,30.56391,30.58,0
2014-01-23,30.70261,30.6,0
2014-01-24,30.7154,30.76,0
2014-01-27,30.88302,30.91,0
2014-01-28,30.82003,30.84,0
2014-01-29,30.53674,30.6,0
2014-01-30,30.83892,30.83,0
2014-01-31,30.82647,30.9,0
2014-02-03,31.00533,31.028,0
2014-02-04,31.42205,31.52,0
2014-02-05,31.34531,31.5099,0
2014-02-06,31.42053,31.55,0
2014-02-07,31.52695,31.62,0
2014-02-10,31.43406,31.55,0
2014-02-11,31.28607,31.25,0
2014-02-12,31.27892,31.4,0
2014-02-13,31.24055,31.27,0
2014-02-14,31.49469,31.49,0
2014-02-17,31.49469,31.49,0
2014-02-18,31.8065,31.98,0
2014-02-19,32.12519,32.26,0
2014-02-20,32.22334,32.35,0
2014-02-21,31.94163,31.88,0
2014-02-24,31.91525,31.91,0
2014-02-25,32.12524,32.11,0
2014-02-26,32.07512,31.92,0
2014-02-27,31.6501,31.76,0
2014-02-28,32.29825,32.48,0
2014-03-03,32.73592,32.97,0
2014-03-04,33.58755,33.64,0
2014-03-05,33.40978,33.41,0
2014-03-06,33.95564,34.0,0
2014-03-07,33.74317,33.63,0
2014-03-10,33.09482,32.95,0
2014-03-11,33.38982,33.48,0
2014-03-12,33.73833,33.69,0
2014-03-13,33.53425,33.49,1
2014-03-14,33.67716,33.52,1
2014-03-17,33.26803,33.22,0
2014-03-18,33.70166,33.77,0
2014-03-19,33.79086,33.63,0
2014-03-20,33.19634,33.2,0
2014-03-21,33.16522,33.15,0
2014-03-24,33.80466,33.68,0
2014-03-25,33.6408,33.6,0
2014-03-26,33.48904,33.45,0
2014-03-27,33.86356,33.98,0
2014-03-28,33.83175,33.65,0
2014-03-31,34.56893,34.66,0
2014-04-01,35.01359,35.04,0
2014-04-02,34.32275,34.25,0
2014-04-03,34.61739,34.64,0
2014-04-04,34.87735,34.92,0
2014-04-07,34.7593,34.61,0
2014-04-08,35.25272,35.2,0
2014-04-09,34.845,34.69,0
2014-04-10,34.81711,34.66,0
2014-04-11,34.51059,34.49,0
2014-04-14,34.81182,34.76,0
2014-04-15,34.80439,34.72,0
2014-04-16,34.43536,34.43,0
2014-04-17,34.24559,34.12,0
2014-04-18,34.24559,34.12,0
2014-04-21,33.77846,33.6,0
2014-04-22,34.26541,34.16,0
2014-04-23,34.82317,34.7,0
2014-04-24,34.67753,34.68,0
2014-04-25,34.97178,34.84,0
2014-04-28,35.02556,34.97,0
2014-04-29,35.46317,35.5,0
2014-04-30,35.26582,35.23,0
2014-05-01,34.51882,34.59,0
2014-05-02,34.06799,34.06,0
2014-05-05,34.56576,34.47,0
2014-05-06,35.20942,35.12,0
2014-05-07,35.08135,35.03,0
2014-05-08,35.23239,35.16,0
2014-05-09,34.46344,34.34,0
2014-05-12,33.94695,33.96,0
2014-05-13,34.14475,34.15,1
2014-05-14,33.75757,33.78,1
2014-05-15,33.1952,33.14,0
2014-05-16,33.1891,33.12,0
2014-05-19,32.88981,32.78,0
2014-05-20,32.63398,32.55,0
2014-05-21,32.63736,32.55,0
2014-05-22,32.68159,32.62,0
2014-05-23,32.81785,32.75,0
2014-05-26,32.81785,32.75,0
2014-05-27,32.18414,32.1,0
2014-05-28,32.41471,32.39,0
2014-05-29,31.98751,31.93,0
2014-05-30,31.62185,31.57,0
2014-06-02,31.71097,31.62,0
2014-06-03,31.43264,31.31,0
2014-06-04,31.39379,31.34,0
2014-06-05,30.92981,30.88,0
2014-06-06,31.61708,31.55,0
2014-06-09,31.12807,31.125,0
2014-06-10,30.7921,30.71,0
2014-06-11,30.58802,30.57,0
2014-06-12,30.75162,30.82,0
2014-06-13,30.9677,30.92,0
2014-06-16,30.5796,30.6,0
2014-06-17,30.44504,30.46,0
2014-06-18,30.47793,30.47,0
2014-06-19,30.98323,31.01,0
2014-06-20,31.22756,31.35,0
2014-06-23,30.61311,30.65,0
2014-06-24,30.51812,30.57,0
2014-06-25,30.48029,30.58,0
2014-06-26,30.6584,30.67,0
2014-06-27,30.89752,30.96,0
2014-06-30,29.49441,29.43,0
2014-07-01,29.43649,29.44,0
2014-07-02,29.13756,29.16,0
2014-07-03,29.00366,29.02,0
2014-07-04,29.00366,29.02,0
2014-07-07,28.43484,28.5,0
2014-07-08,28.3051,28.28,0
2014-07-09,27.87754,27.79,0
2014-07-10,27.50925,27.51,0
2014-07-11,27.04772,26.89,1
2014-07-14,27.25843,27.31,1
2014-07-15,26.85727,26.85,0
2014-07-16,27.1854,27.25,0
2014-07-17,27.23833,27.18,0
2014-07-18,26.65981,26.67,0
2014-07-21,26.22388,26.21,0
2014-07-22,25.97262,25.99,0
2014-07-23,26.13278,26.155,0
2014-07-24,26.07882,26.11,0
2014-07-25,26.18281,26.21,0
2014-07-28,26.49972,26.5,0
2014-07-29,26.19201,26.24,0
2014-07-30,26.22271,26.31,0
2014-07-31,25.95435,26.01,0
2014-08-01,25.62548,25.6,0
2014-08-04,26.10473,26.18,0
2014-08-05,25.94033,25.99,0
2014-08-06,26.37613,26.43,0
2014-08-07,26.17666,26.2,0
2014-08-08,25.68048,25.79,0
2014-08-11,25.94815,25.98,0
2014-08-12,25.97447,26.01,0
2014-08-13,26.04942,26.08,0
2014-08-14,26.31594,26.38,0
2014-08-15,26.54461,26.595,0
2014-08-18,26.19404,26.18,0
2014-08-19,26.21494,26.2,0
2014-08-20,25.88812,25.96,0
2014-08-21,25.97618,26.03,0
2014-08-22,26.11572,26.21,0
2014-08-25,25.89416,25.89,0
2014-08-26,25.76194,25.78,0
2014-08-27,25.74364,25.73,0
2014-08-28,25.96667,25.99,0
2014-08-29,25.6834,25.75,0
2014-09-01,25.6834,25.75,0
2014-09-02,25.6256,25.63,0
2014-09-03,24.8831,24.82,0
2014-09-04,24.54431,24.51,0
2014-09-05,25.149,25.15,0
2014-09-08,24.64802,24.61,0
2014-09-09,24.3773,24.39,0
2014-09-10,24.45984,24.48,0
2014-09-11,24.17229,24.19,1
2014-09-12,24.00484,23.97,1
2014-09-15,24.26013,24.3,0
2014-09-16,24.3069,24.35,0
2014-09-17,24.19579,24.15,0
2014-09-18,23.9637,23.98,0
2014-09-19,23.55156,23.54,0
2014-09-22,23.42965,23.35,0
2014-09-23,23.14277,23.08,0
2014-09-24,23.38745,23.42,0
2014-09-25,23.17737,23.215,0
2014-09-26,22.94165,22.99,0
2014-09-29,23.10962,23.14,0
2014-09-30,22.80077,22.78,0
2014-10-01,22.84764,22.88,0
2014-10-02,22.96661,23.02,0
2014-10-03,23.01971,23.1,0
2014-10-06,23.60434,23.7,0
2014-10-07,24.13284,24.2,0
2014-10-08,24.3063,24.3,0
2014-10-09,24.35942,24.33,0
2014-10-10,23.69632,23.78,0
2014-10-13,24.43345,24.52,0
2014-10-14,25.14874,25.09,0
2014-10-15,24.53394,24.64,0
2014-10-16,24.83316,24.82,0
2014-10-17,24.5762,24.545,0
2014-10-20,24.62348,24.59,0
2014-10-21,25.10754,25.15,0
2014-10-22,24.94166,24.94,0
2014-10-23,25.35066,25.34,0
2014-10-24,24.9242,24.9,0
2014-10-27,25.55042,25.47,0
2014-10-28,25.61414,25.55,0
2014-10-29,26.2359,26.25,0
2014-10-30,26.17877,26.1,0
2014-10-31,26.31471,26.27,0
2014-11-03,26.09407,26.07,0
2014-11-04,25.55209,25.55,0
2014-11-05,25.93694,25.87,0
2014-11-06,26.03354,25.97,0
2014-11-07,25.80334,25.73,0
2014-11-10,25.91066,25.85,0
2014-11-11,26.19799,26.15,0
2014-11-12,26.43162,26.48,0
2014-11-13,26.93155,26.86,0
2014-11-14,26.61986,26.61,0
2014-11-17,26.39999,26.41,0
2014-11-18,26.04311,26.05,0
2014-11-19,25.45732,25.43,0
2014-11-20,26.0991,26.02,0
2014-11-21,26.04368,25.86,0
2014-11-24,25.72004,25.71,0
2014-11-25,26.1497,26.12,0
2014-11-26,26.40631,26.32,0
2014-11-27,26.40631,26.32,0
2014-11-28,26.18878,26.2,0
2014-12-01,26.26804,26.23,0
2014-12-02,25.71574,25.7399,0
2014-12-03,25.78369,25.73,0
2014-12-04,26.25003,26.16,0
2014-12-05,26.58165,26.55,0
2014-12-08,26.27452,26.29,0
2014-12-09,26.60487,26.56,0
2014-12-10,26.4828,26.43,0
2014-12-11,26.7595,26.68,1
2014-12-12,27.29657,27.25,1
2014-12-15,27.3509,27.34,0
2014-12-16,27.22944,27.16,0
2014-12-17,27.34467,27.27,0
2014-12-18,27.53059,27.5,0
2014-12-19,27.51338,27.55,0
2014-12-22,27.54895,27.5,0
2014-12-23,27.6823,27.61,0
2014-12-24,27.32235,27.28,0
2014-12-25,27.32235,27.28,0
2014-12-26,27.75124,27.71,0
2014-12-29,27.62514,27.56,0
2014-12-30,27.22551,27.15,0
2014-12-31,26.6158,26.64,0
2015-01-01,26.6158,26.64,0
2015-01-02,26.521,26.48,0
2015-01-05,27.15832,27.12,0
2015-01-06,27.09005,27.05,0
2015-01-07,26.54101,26.52,0
2015-01-08,26.38779,26.38,0
2015-01-09,26.69801,26.65,0
2015-01-12,26.87905,26.83,0
2015-01-13,25.86926,25.86,0
2015-01-14,25.57346,25.62,0
2015-01-15,25.49123,25.51,0
2015-01-16,25.94776,25.87,0
2015-01-19,25.94776,25.87,0
2015-01-20,26.13372,26.1,0
2015-01-21,26.02332,25.98,0
2015-01-22,25.82211,25.84,0
2015-01-23,26.04565,26.0,0
2015-01-26,25.86082,25.83,0
2015-01-27,25.67122,25.62,0
2015-01-28,25.17012,25.19,0
2015-01-29,25.0762,25.14,0
2015-01-30,24.95703,24.98,0
2015-02-02,24.93316,24.95,0
2015-02-03,25.93344,25.8,0
2015-02-04,25.79562,25.75,0
2015-02-05,25.90092,25.84,0
2015-02-06,25.94677,25.91,0
2015-02-09,26.27128,26.25,0
2015-02-10,26.07585,26.04,0
2015-02-11,25.89653,25.855,0
2015-02-12,25.72362,25.69,0
2015-02-13,25.99728,26.02,0
2015-02-16,25.99728,26.02,0
2015-02-17,26.17118,26.15,0
2015-02-18,25.78924,25.78,0
2015-02-19,26.14478,26.14,0
2015-02-20,25.85993,25.87,0
2015-02-23,25.47223,25.44,0
2015-02-24,25.40534,25.39,0
2015-02-25,25.31241,25.33,0
2015-02-26,25.61476,25.6,0
2015-02-27,25.89052,25.8,0
2015-03-02,25.57786,25.58,0
2015-03-03,25.77336,25.72,0
2015-03-04,25.64194,25.61,0
2015-03-05,25.68246,25.62,0
2015-03-06,25.41854,25.37,0
2015-03-09,25.56631,25.57,0
2015-03-10,25.52604,25.49,0
2015-03-11,25.68924,25.68,0
2015-03-12,25.52173,25.53,1
2015-03-13,25.03405,25.0,1
2015-03-16,24.98116,24.96,0
2015-03-17,24.48378,24.46,0
2015-03-18,24.7073,24.7399,0
2015-03-19,24.63595,24.67,0
2015-03-20,25.30848,25.27,0
2015-03-23,25.63234,25.61,0
2015-03-24,25.82988,25.839,0
2015-03-25,25.91159,25.87,0
2015-03-26,25.68756,25.65,0
2015-03-27,25.6695,25.64,0
2015-03-30,25.88788,25.91,0
2015-03-31,24.75427,24.74,0
2015-04-01,25.12013,25.05,0
2015-04-02,25.36831,25.37,0
2015-04-03,25.36831,25.37,0
2015-04-06,25.29101,25.25,0
2015-04-07,25.16696,25.14,0
2015-04-08,24.94394,24.89,0
2015-04-09,24.85221,24.84,0
2015-04-10,24.78157,24.7501,0
2015-04-13,24.35886,24.3199,0
2015-04-14,24.54548,24.48,0
2015-04-15,24.65827,24.59,0
2015-04-16,24.65597,24.61,0
2015-04-17,24.85346,24.81,0
2015-04-20,24.72481,24.68,0
2015-04-21,24.45406,24.48,0
2015-04-22,24.43551,24.44,0
2015-04-23,24.24483,24.25,0
2015-04-24,23.81695,23.84,0
2015-04-27,23.49942,23.5,0
2015-04-28,23.46086,23.5,0
2015-04-29,23.65263,23.68,0
2015-04-30,23.5355,23.52,0
2015-05-01,23.32806,23.36,0
2015-05-04,23.19458,23.22,0
2015-05-05,23.27584,23.25,0
2015-05-06,23.50937,23.48,0
2015-05-07,23.16665,23.17,0
2015-05-08,23.24332,23.34,0
2015-05-11,23.06878,23.0946,0
2015-05-12,23.09976,23.07,0
2015-05-13,23.23092,23.21,1
2015-05-14,23.59678,23.62,1
2015-05-15,23.46046,23.47,0
2015-05-18,23.61451,23.63,0
2015-05-19,23.28227,23.29,0
2015-05-20,23.1237,23.09,0
2015-05-21,23.39444,23.39,0
2015-05-22,23.14701,23.18,0
2015-05-25,23.14701,23.18,0
2015-05-26,22.88632,22.85,0
2015-05-27,22.52025,22.55,0
2015-05-28,22.74157,22.76,0
2015-05-29,22.59769,22.6299,0
2015-06-01,22.63567,22.67,0
2015-06-02,23.03273,23.05,0
2015-06-03,23.10046,23.1,0
2015-06-04,23.35125,23.34,0
2015-06-05,23.18235,23.18,0
2015-06-08,23.49774,23.46,0
2015-06-09,23.48054,23.49,0
2015-06-10,23.02731,23.06,0
2015-06-11,22.97381,22.99,0
2015-06-12,22.71963,22.77,0
2015-06-15,22.39367,22.41,0
2015-06-16,22.75635,22.7,0
2015-06-17,23.06307,23.07,0
2015-06-18,22.96447,23.0,0
2015-06-19,22.69366,22.7,0
2015-06-22,23.02065,23.03,0
2015-06-23,23.41822,23.43,0
2015-06-24,23.37085,23.36,0
2015-06-25,24.01469,24.04,0
2015-06-26,24.43052,24.4,0
2015-06-29,24.37567,24.34,0
2015-06-30,25.8789,25.85,0
2015-07-01,25.93767,26.03,0
2015-07-02,26.23952,26.21,0
2015-07-03,26.23952,26.21,0
2015-07-06,26.18007,26.21,0
2015-07-07,25.98798,26.01,0
2015-07-08,26.06107,26.06,0
2015-07-09,26.3192,26.29,0
2015-07-10,26.5694,26.58,0
2015-07-13,26.93255,26.985,1
2015-07-14,26.23705,26.23,1
2015-07-15,26.29122,26.32,0
2015-07-16,26.26035,26.2,0
2015-07-17,25.77761,25.73,0
2015-07-20,24.97886,24.97,0
2015-07-21,25.04989,25.02,0
2015-07-22,24.82617,24.77,0
2015-07-23,24.82374,24.76,0
2015-07-24,24.23484,24.16,0
2015-07-27,23.23194,23.17,0
2015-07-28,23.34734,23.34,0
2015-07-29,22.95582,22.88,0
2015-07-30,23.27416,23.31,0
2015-07-31,23.11394,23.14,0
2015-08-03,22.86013,22.91,0
2015-08-04,23.02149,22.99,0
2015-08-05,23.26515,23.23,0
2015-08-06,23.1051,23.0799,0
2015-08-07,23.27539,23.24,0
2015-08-10,24.17943,24.17,0
2015-08-11,23.42091,23.4691,0
2015-08-12,22.47906,22.57,0
2015-08-13,22.95266,22.94,0
2015-08-14,22.94003,22.94,0
2015-08-17,22.8981,22.9,0
2015-08-18,23.01852,23.01,0
2015-08-19,23.03977,23.03,0
2015-08-20,23.2853,23.25,0
2015-08-21,23.02117,22.99,0
2015-08-24,23.16097,23.22,0
2015-08-25,22.93163,22.94,0
2015-08-26,22.75227,22.75,0
2015-08-27,22.89816,22.91,0
2015-08-28,22.89002,22.84,0
2015-08-31,22.89846,22.91,0
2015-09-01,22.5301,22.45,0
2015-09-02,22.43871,22.38,0
2015-09-03,22.1304,22.15,0
2015-09-04,22.1841,22.16,0
2015-09-07,22.1841,22.16,0
2015-09-08,22.4873,22.46,0
2015-09-09,22.53469,22.48,0
2015-09-10,22.80795,22.81,0
2015-09-11,23.53497,23.51,1
2015-09-14,23.87409,23.8,1
2015-09-15,23.69654,23.65,0
2015-09-16,23.4674,23.44,0
2015-09-17,23.12057,23.15,0
2015-09-18,23.01741,23.01,0
2015-09-21,23.43621,23.4,0
2015-09-22,23.19094,23.17,0
2015-09-23,23.33383,23.29,0
2015-09-24,23.19978,23.21,0
2015-09-25,23.61224,23.6,0
2015-09-28,23.4745,23.46,0
2015-09-29,23.55851,23.54,0
2015-09-30,23.53857,23.56,0
2015-10-01,23.56452,23.56,0
2015-10-02,23.5319,23.5392,0
2015-10-05,23.77691,23.764,0
2015-10-06,24.05029,23.99,0
2015-10-07,23.9269,23.86,0
2015-10-08,23.65331,23.6699,0
2015-10-09,23.23988,23.21,0
2015-10-12,23.14546,23.13,0
2015-10-13,23.35103,23.3,0
2015-10-14,23.05901,23.05,0
2015-10-15,22.87836,22.87,0
2015-10-16,22.93279,22.93,0
2015-10-19,22.71666,22.69,0
2015-10-20,22.88335,22.85,0
2015-10-21,23.00101,22.94,0
2015-10-22,22.87339,22.85,0
2015-10-23,22.91747,22.9,0
2015-10-26,23.19508,23.19,0
2015-10-27,23.0092,22.96,0
2015-10-28,22.78912,22.79,0
2015-10-29,23.01436,22.97,0
2015-10-30,23.10106,23.08,0
2015-11-02,22.73834,22.72,0
2015-11-03,22.94761,22.88,0
2015-11-04,22.93574,22.9,0
2015-11-05,22.64863,22.6,0
2015-11-06,22.59196,22.5756,0
2015-11-09,22.24152,22.27,0
2015-11-10,21.84487,21.9,0
2015-11-11,21.92453,21.91,0
2015-11-12,21.91247,21.88,0
2015-11-13,21.67748,21.69,0
2015-11-16,21.75251,21.72,0
2015-11-17,21.79867,21.77,0
2015-11-18,21.79137,21.79,0
2015-11-19,21.91362,21.875,0
2015-11-20,21.88102,21.91,0
2015-11-23,22.06174,22.04,0
2015-11-24,21.86713,21.89,0
2015-11-25,22.04413,21.99,0
2015-11-26,22.04413,21.99,0
2015-11-27,21.74713,21.75,0
2015-11-30,22.02324,22.03,0
2015-12-01,22.09295,22.128,0
2015-12-02,21.91217,21.87,0
2015-12-03,22.2892,22.2299,0
2015-12-04,22.52608,22.51,0
2015-12-07,22.04752,22.06,0
2015-12-08,22.0639,22.05,0
2015-12-09,22.06636,22.08,0
2015-12-10,22.33811,22.32,0
2015-12-11,22.11409,22.17,1
2015-12-14,22.31659,22.29,1
2015-12-15,22.21638,22.2,0
2015-12-16,21.82784,21.86,0
2015-12-17,22.11998,22.081,0
2015-12-18,22.13533,22.13,0
2015-12-21,22.004,22.0,0
2015-12-22,21.70707,21.6986,0
2015-12-23,21.66654,21.6433,0
2015-12-24,21.59905,21.592,0
2015-12-25,21.59905,21.592,0
2015-12-28,21.42038,21.4317,0
2015-12-29,21.48423,21.48,0
2015-12-30,21.27682,21.28,0
2015-12-31,21.23688,21.2199,0
2016-01-01,21.23688,21.2199,0
2016-01-04,20.85101,20.88,0
2016-01-05,20.90047,20.9141,0
2016-01-06,20.90322,20.87,0
2016-01-07,20.91026,20.92,0
2016-01-08,21.14828,21.1399,0
2016-01-11,20.85676,20.83,0
2016-01-12,21.11486,21.0311,0
2016-01-13,21.14517,21.14,0
2016-01-14,21.1051,21.0811,0
2016-01-15,21.33136,21.3001,0
2016-01-18,21.33136,21.3001,0
2016-01-19,21.57542,21.6,0
2016-01-20,21.64323,21.62,0
2016-01-21,21.55572,21.53,0
2016-01-22,21.71328,21.66,0
2016-01-25,21.7245,21.68,0
2016-01-26,21.69301,21.62,0
2016-01-27,21.65801,21.67,0
2016-01-28,21.45173,21.41,0
2016-01-29,21.78884,21.72,0
2016-02-01,21.72426,21.69,0
2016-02-02,21.83005,21.78,0
2016-02-03,21.75607,21.73,0
2016-02-04,21.626,21.64,0
2016-02-05,21.47594,21.42,0
2016-02-08,21.26042,21.24,0
2016-02-09,21.18695,21.17,0
2016-02-10,21.14646,21.1,0
2016-02-11,21.11554,21.14,0
2016-02-12,21.03326,21.04,0
2016-02-15,21.03326,21.04,0
2016-02-16,21.26214,21.2,0
2016-02-17,21.45789,21.41,0
2016-02-18,21.33294,21.33,0
2016-02-19,21.31445,21.34,0
2016-02-22,21.50464,21.47,0
2016-02-23,21.21862,21.17,0
2016-02-24,21.09264,21.06,0
2016-02-25,20.85917,20.87,0
2016-02-26,20.77604,20.83,0
2016-02-29,20.63176,20.63,0
2016-03-01,20.53951,20.56,0
2016-03-02,20.57009,20.54,0
2016-03-03,20.60012,20.6,0
2016-03-04,20.71352,20.78,0
2016-03-07,20.77599,20.79,0
2016-03-08,20.83976,20.82,0
2016-03-09,20.77128,20.76,0
2016-03-10,20.91906,20.919,0
2016-03-11,21.02375,21.02,0
2016-03-14,21.24869,21.25,0
2016-03-15,21.25482,21.26,0
2016-03-16,21.22835,21.23,0
2016-03-17,21.23066,21.22,0
2016-03-18,21.13823,21.14,0
2016-03-21,21.27051,21.29,0
2016-03-22,21.28599,21.2999,0
2016-03-23,21.18583,21.2,0
2016-03-24,21.24876,21.25,0
2016-03-25,21.24876,21.25,0
2016-03-28,21.25995,21.31,0
2016-03-29,21.38309,21.4,0
2016-03-30,21.06373,21.1,0
2016-03-31,20.19446,20.12,0
2016-04-01,20.26728,20.25,0
2016-04-04,20.25056,20.21,0
2016-04-05,20.36478,20.3501,0
2016-04-06,20.39529,20.37,0
2016-04-07,20.55632,20.57,0
2016-04-08,20.60027,20.58,0
2016-04-11,20.28157,20.29,0
2016-04-12,20.5911,20.58,0
2016-04-13,21.18857,21.199,0
2016-04-14,21.24319,21.22,0
2016-04-15,21.41437,21.36,0
2016-04-18,21.55144,21.579,0
2016-04-19,21.85039,21.8677,0
2016-04-20,22.32088,22.36,0
2016-04-21,21.77581,21.72,0
2016-04-22,21.01693,20.99,0
2016-04-25,21.38085,21.48,0
2016-04-26,21.72586,21.74,0
2016-04-27,21.54263,21.53,0
2016-04-28,21.82895,21.84,0
2016-04-29,21.86948,21.94,0
2016-05-02,21.89741,21.93,0
2016-05-03,21.2966,21.25,0
2016-05-04,21.15506,21.13,0
2016-05-05,20.97199,20.96,0
2016-05-06,21.16405,21.19,0
2016-05-09,20.7033,20.68,0
2016-05-10,21.32991,21.31,0
2016-05-11,21.18747,21.2499,0
2016-05-12,21.76635,21.79,0
2016-05-13,21.85933,21.85,0
2016-05-16,21.95324,21.96,0
2016-05-17,22.10883,22.18,0
2016-05-18,22.19226,22.06,0
2016-05-19,21.7224,21.7,0
2016-05-20,21.83382,21.83,0
2016-05-23,21.96671,22.02,0
2016-05-24,21.94083,21.9,0
2016-05-25,22.21403,22.24,0
2016-05-26,22.32286,22.36,0
2016-05-27,22.48478,22.54,0
2016-05-30,22.48478,22.54,0
2016-05-31,22.15389,22.14,0
2016-06-01,22.56342,22.61,0
2016-06-02,22.57888,22.55,0
2016-06-03,22.74029,22.76,0
2016-06-06,23.13734,23.15,0
2016-06-07,23.21149,23.23,0
2016-06-08,23.36474,23.26,0
2016-06-09,23.10998,23.11,0
2016-06-10,22.94053,22.9401,0
2016-06-13,23.29031,23.2885,0
2016-06-14,23.54275,23.54,0
2016-06-15,23.181,23.1599,0
2016-06-16,23.03929,23.03,0
2016-06-17,23.60639,23.6,0
2016-06-20,22.95896,22.88,0
2016-06-21,22.00398,21.96,0
2016-06-22,21.7327,21.67,0
2016-06-23,21.4823,21.48,0
2016-06-24,21.31925,21.33,0
2016-06-27,21.32195,21.36,0
2016-06-28,21.2441,21.27,0
2016-06-29,20.72633,20.75,0
2016-06-30,20.34198,20.5,0
2016-07-01,20.14554,20.15,0
2016-07-04,20.14554,20.15,0
2016-07-05,19.71879,19.7,0
2016-07-06,19.26154,19.35,0
2016-07-07,19.26865,19.29,0
2016-07-08,19.91744,19.94,0
2016-07-11,19.56335,19.659,0
2016-07-12,19.80858,19.83,0
2016-07-13,20.21296,20.31,0
2016-07-14,19.99327,19.95,0
2016-07-15,19.67184,19.71,0
2016-07-18,19.94956,20.01,0
2016-07-19,19.25414,19.34,0
2016-07-20,19.07027,19.07,0
2016-07-21,18.92554,18.92,0
2016-07-22,18.9559,19.03,0
2016-07-25,18.91425,18.95,0
2016-07-26,18.81077,18.83,0
2016-07-27,18.93057,18.94,0
2016-07-28,18.7421,18.77,0
2016-07-29,18.95537,18.94,0
2016-08-01,18.54899,18.59,0
2016-08-02,18.61289,18.64,0
2016-08-03,18.69542,18.75,0
2016-08-04,18.51508,18.52,0
2016-08-05,18.66217,18.64,0
2016-08-08,18.69168,18.72,0
2016-08-09,18.58293,18.64,0
2016-08-10,18.61276,18.63,0
2016-08-11,18.56646,18.6099,0
2016-08-12,18.63696,18.69,0
2016-08-15,18.80998,18.86,0
2016-08-16,18.81299,18.82,0
2016-08-17,18.94904,18.94,0
2016-08-18,19.07213,19.14,0
2016-08-19,19.15208,19.17,0
2016-08-22,19.07955,19.12,0
2016-08-23,18.82444,18.84,0
2016-08-24,18.76524,18.77,0
2016-08-25,18.56312,18.56,0
2016-08-26,18.19045,18.22,0
2016-08-29,17.99646,18.01,0
2016-08-30,17.74186,17.74,0
2016-08-31,17.73519,17.71,0
2016-09-01,18.14764,18.12,0
2016-09-02,18.36445,18.36,0
2016-09-05,18.36445,18.36,0
2016-09-06,18.38861,18.27,0
2016-09-07,18.60982,18.61,0
2016-09-08,18.88304,18.85,0
2016-09-09,19.0108,18.96,0
2016-09-12,18.94674,18.95,0
2016-09-13,18.46176,18.45,0
2016-09-14,18.54662,18.55,0
2016-09-15,18.41109,18.38,0
2016-09-16,18.76254,18.72,0
2016-09-19,18.78268,18.75,0
2016-09-20,18.94216,18.87,0
2016-09-21,18.89738,18.87,0
2016-09-22,18.73407,18.69,0
2016-09-23,18.68673,18.6202,0
2016-09-26,18.33194,18.32,0
2016-09-27,18.4695,18.47,0
2016-09-28,18.32825,18.34,0
2016-09-29,18.31396,18.33,0
2016-09-30,18.708,18.68,0
2016-10-03,19.15959,19.18,0
2016-10-04,19.29271,19.2865,0
2016-10-05,19.25679,19.3,0
2016-10-06,18.89418,18.91,0
2016-10-07,18.85468,18.89,0
2016-10-10,19.04036,19.05,0
2016-10-11,19.12213,19.13,0
2016-10-12,18.71631,18.75,0
2016-10-13,19.33632,19.33,0
2016-10-14,19.52722,19.52,0
2016-10-17,19.53834,19.56,0
2016-10-18,19.51948,19.55,0
2016-10-19,19.69603,19.71,0
2016-10-20,19.37311,19.37,0
2016-10-21,19.43372,19.4214,0
2016-10-24,19.24113,19.25,0
2016-10-25,19.28731,19.3,0
2016-10-26,19.48564,19.49,0
2016-10-27,19.63595,19.63,0
2016-10-28,19.48354,19.53,0
2016-10-31,19.45205,19.44,0
2016-11-01,19.22497,19.21,0
2016-11-02,19.11462,19.16,0
2016-11-03,19.19166,19.19,0
2016-11-04,19.22593,19.17,0
2016-11-07,19.11136,19.1,0
2016-11-08,19.48732,19.45,0
2016-11-09,18.83577,18.82,0
2016-11-10,18.93867,18.85,0
2016-11-11,18.79045,18.76,0
2016-11-14,18.58995,18.6,0
2016-11-15,18.78752,18.78,0
2016-11-16,18.63469,18.66,0
2016-11-17,18.78069,18.76,0
2016-11-18,18.9624,18.9646,0
2016-11-21,19.17733,19.19,0
2016-11-22,19.24066,19.24,0
2016-11-23,19.25861,19.26,0
2016-11-24,19.25861,19.26,0
2016-11-25,19.21878,19.23,0
2016-11-28,19.22979,19.21,0
2016-11-29,18.76905,18.72,0
2016-11-30,18.7462,18.74,0
2016-12-01,18.45873,18.45,0
2016-12-02,18.65794,18.65,0
2016-12-05,19.27022,19.2,0
2016-12-06,19.31221,19.23,0
2016-12-07,19.18083,19.18,0
2016-12-08,18.9586,18.99,0
2016-12-09,19.25204,19.17,0
2016-12-12,19.29795,19.26,0
2016-12-13,19.31336,19.33,0
2016-12-14,19.3501,19.32,0
2016-12-15,19.10905,19.06,0
2016-12-16,19.10458,19.13,0
2016-12-19,18.96243,18.94,0
2016-12-20,18.81595,18.78,0
2016-12-21,18.65177,18.64,0
2016-12-22,18.63762,18.6255,0
2016-12-23,18.55817,18.57,0
2016-12-26,18.55817,18.57,0
2016-12-27,18.98753,18.94,0
2016-12-28,18.66186,18.65,0
2016-12-29,18.7114,18.72,0
2016-12-30,18.77268,18.71,0
2017-01-02,18.77268,18.71,0
2017-01-03,18.96437,18.93,0
2017-01-04,19.15878,19.17,0
2017-01-05,19.25045,19.22,0
2017-01-06,19.10063,19.12,0
2017-01-09,19.21334,19.19,0
2017-01-10,19.1391,19.12,0
2017-01-11,19.07837,19.06,0
2017-01-12,19.10636,19.11,0
2017-01-13,19.12933,19.14,0
2017-01-16,19.12933,19.14,0
2017-01-17,19.48464,19.45,0
2017-01-18,19.4492,19.43,0
2017-01-19,19.50771,19.48,0
2017-01-20,19.64273,19.65,0
2017-01-23,19.65378,19.65,0
2017-01-24,19.36691,19.37,0
2017-01-25,19.51788,19.49,0
2017-01-26,19.37599,19.37,0
2017-01-27,19.29883,19.29,0
2017-01-30,19.07601,19.07,0
2017-01-31,19.16813,19.14,0
2017-02-01,19.62187,19.54,0
2017-02-02,19.56464,19.49,0
2017-02-03,19.45364,19.42,0
2017-02-06,19.3885,19.37,0
2017-02-07,19.62433,19.59,0
2017-02-08,19.72451,19.65,0
2017-02-09,19.64665,19.61,0
2017-02-10,19.86207,19.85,0
2017-02-13,19.88612,19.88,0
2017-02-14,19.85493,19.85,0
2017-02-15,20.04863,20.04,0
2017-02-16,19.81816,19.79,0
2017-02-17,19.54911,19.55,0
2017-02-20,19.54911,19.55,0
2017-02-21,19.61111,19.62,0
2017-02-22,19.69441,19.68,0
2017-02-23,19.40449,19.41,0
2017-02-24,19.33224,19.35,0
2017-02-27,19.20722,19.22,0
2017-02-28,19.47295,19.41,0
2017-03-01,19.87854,19.89,0
2017-03-02,19.73775,19.685,0
2017-03-03,19.7841,19.76,0
2017-03-06,19.693,19.66,0
2017-03-07,19.57669,19.55,0
2017-03-08,19.39678,19.39,0
2017-03-09,19.14104,19.13,0
2017-03-10,19.01751,19.02,0
2017-03-13,18.85002,18.84,0
2017-03-14,18.89688,18.88,0
2017-03-15,18.94186,18.9499,0
2017-03-16,19.06565,19.04,0
2017-03-17,19.1603,19.16,0
2017-03-20,18.97495,18.94,0
2017-03-21,18.86464,18.85,0
2017-03-22,18.74605,18.73,0
2017-03-23,18.64428,18.6201,0
2017-03-24,18.61019,18.61,0
2017-03-27,18.60903,18.62,0
2017-03-28,18.70347,18.68,0
2017-03-29,18.71519,18.71,0
2017-03-30,18.66355,18.69,0
2017-03-31,19.01272,19.03,0
2017-04-03,19.18899,19.17,0
2017-04-04,18.96649,18.94,0
2017-04-05,19.04835,18.99,0
2017-04-06,18.86324,18.86,0
2017-04-07,18.78821,18.8,0
2017-04-10,19.13312,19.06,0
2017-04-11,19.09464,19.05,0
2017-04-12,19.19778,19.2,0
2017-04-13,19.28831,19.25,0
2017-04-14,19.28831,19.25,0
2017-04-17,19.06136,19.03,0
2017-04-18,18.83819,18.83,0
2017-04-19,18.84101,18.82,0
2017-04-20,18.63949,18.59,0
2017-04-21,18.60634,18.59,0
2017-04-24,18.68437,18.68,0
2017-04-25,18.98266,18.95,0
2017-04-26,18.7354,18.71,0
2017-04-27,18.85897,18.79,0
2017-04-28,18.74542,18.71,0
2017-05-01,19.26186,19.21,0
2017-05-02,19.0145,19.01,0
2017-05-03,19.13001,19.0901,0
2017-05-04,18.72865,18.74,0
2017-05-05,18.93264,18.95,0
2017-05-08,18.70995,18.7,0
2017-05-09,18.74076,18.72,0
2017-05-10,19.06601,19.0,0
2017-05-11,18.86894,18.84,0
2017-05-12,18.94576,18.91,0
2017-05-15,18.81152,18.77,0
2017-05-16,18.80993,18.79,0
2017-05-17,18.96186,18.94,0
2017-05-18,18.70102,18.66,0
2017-05-19,18.97912,18.98,0
2017-05-22,19.09905,19.103,0
2017-05-23,18.87115,18.88,0
2017-05-24,18.95027,18.91,0
2017-05-25,18.85238,18.86,0
2017-05-26,19.06408,19.04,0
2017-05-29,19.06408,19.04,0
2017-05-30,18.76424,18.75,0
2017-05-31,18.97599,18.97,0
2017-06-01,18.92353,18.9,0
2017-06-02,18.99654,18.98,0
2017-06-05,19.0348,19.0121,0
2017-06-06,19.20725,19.25,0
2017-06-07,19.49161,19.5,0
2017-06-08,19.53026,19.4601,0
2017-06-09,19.65538,19.63,0
2017-06-12,19.20692,19.2,0
2017-06-13,19.3708,19.39,0
2017-06-14,19.21639,19.21,0
2017-06-15,19.29963,19.2347,0
2017-06-16,19.49729,19.52,0
2017-06-19,19.11744,19.1297,0
2017-06-20,18.8826,18.85,0
2017-06-21,18.829,18.84,0
2017-06-22,18.5581,18.55,0
2017-06-23,18.3213,18.37,0
2017-06-26,18.4127,18.4472,0
2017-06-27,18.4275,18.42,0
2017-06-28,18.3655,18.42,0
2017-06-29,18.5164,18.52,0
2017-06-30,19.0945,19.05,0
2017-07-03,19.3835,19.33,0
2017-07-04,19.3835,19.33,0
2017-07-05,19.5777,19.59,0
2017-07-06,19.5238,19.53,0
2017-07-07,19.5839,19.56,0
2017-07-10,20.0201,19.99,0
2017-07-11,20.0072,19.99,0
2017-07-12,19.3255,19.33,0
2017-07-13,18.6976,18.74,0
2017-07-14,18.9644,18.97,0
2017-07-17,18.9161,18.99,0
2017-07-18,19.0369,19.06,0
2017-07-19,19.2957,19.3,0
2017-07-20,19.6447,19.62,0
2017-07-21,19.1762,19.2,0
2017-07-24,19.0686,19.04,0
2017-07-25,18.6975,18.72,0
2017-07-26,18.8647,18.86,0
2017-07-27,18.9426,18.9,0
2017-07-28,18.974,19.02,0
2017-07-31,18.8315,18.88,0
2017-08-01,18.4754,18.5,0
2017-08-02,18.5883,18.5899,0
2017-08-03,18.5319,18.59,0
2017-08-04,18.6666,18.71,0
2017-08-07,18.9249,18.89,0
2017-08-08,18.8012,18.79,0
2017-08-09,18.8987,18.84,0
2017-08-10,18.2198,18.32,0
2017-08-11,18.4013,18.42,0
2017-08-14,18.4745,18.46,0
2017-08-15,18.1233,18.16,0
2017-08-16,18.0355,18.06,0
2017-08-17,17.9394,17.92,0
2017-08-18,18.0104,17.99,0
2017-08-21,17.90644,17.87,0
2017-08-22,17.7671,17.78,0
2017-08-23,17.5769,17.6,0
2017-08-24,17.6032,17.63,0
2017-08-25,17.5002,17.48,0
2017-08-28,17.4082,17.41,0
2017-08-29,17.2971,17.31,0
2017-08-30,17.1386,17.1299,0
2017-08-31,17.6963,17.69,0
2017-09-01,17.5818,17.56,0
2017-09-04,17.5818,17.56,0
2017-09-05,17.7379,17.71,0
2017-09-06,17.8391,17.84,0
2017-09-07,17.5745,17.6,0
2017-09-08,17.6421,17.66,0
2017-09-11,17.6763,17.67,0
2017-09-12,17.4076,17.4,0
2017-09-13,17.3987,17.43,0
2017-09-14,17.5364,17.54,0
2017-09-15,17.5672,17.57,0
2017-09-18,17.4235,17.41,0
2017-09-19,17.272,17.28,0
2017-09-20,17.3479,17.37,0
2017-09-21,17.3701,17.37,0
2017-09-22,17.5088,17.48,0
2017-09-25,17.5272,17.52,0
2017-09-26,17.4872,17.4695,0
2017-09-27,17.574,17.555,0
2017-09-28,17.4887,17.48,0
2017-09-29,17.602,17.64,0
2017-10-02,17.4573,17.47,0
2017-10-03,17.3712,17.36,0
2017-10-04,17.3201,17.3,0
2017-10-05,17.3846,17.37,0
2017-10-06,17.4129,17.41,0
2017-10-09,17.3884,17.39,0
2017-10-10,17.3763,17.34,0
2017-10-11,17.2255,17.2,0
2017-10-12,17.3701,17.3603,0
2017-10-13,17.5331,17.51,0
2017-10-16,17.4208,17.44,0
2017-10-17,17.3818,17.4,0
2017-10-18,17.32271,17.33,0
2017-10-19,17.3525,17.34,0
2017-10-20,17.1722,17.19,0
2017-10-23,17.4638,17.47,0
2017-10-24,17.5283,17.525,0
2017-10-25,17.4545,17.46,0
2017-10-26,17.4301,17.41,0
2017-10-27,17.3387,17.34,0
2017-10-30,17.3455,17.35,0
2017-10-31,17.2023,17.21,0
2017-11-01,17.2937,17.29,0
2017-11-02,17.3854,17.401,0
2017-11-03,17.3014,17.32,0
2017-11-06,17.2812,17.27,0
2017-11-07,17.2688,17.27,0
2017-11-08,17.2758,17.23,0
2017-11-09,16.9825,17.0,0
2017-11-10,17.0645,17.04,0
2017-11-13,16.9791,16.96,0
2017-11-14,16.7744,16.78,0
2017-11-15,16.7854,16.8099,0
2017-11-16,16.7034,16.69,0
2017-11-17,16.9734,16.97,0
2017-11-20,17.0266,17.01,0
2017-11-21,17.018,16.98,0
2017-11-22,17.0546,17.03,0
2017-11-23,17.0546,17.03,0
2017-11-24,16.9673,16.93,0
2017-11-27,16.8205,16.83,0
2017-11-28,16.73124,16.72,0
2017-11-29,16.8957,16.92,0
2017-11-30,16.9793,16.99,0
2017-12-01,17.1037,17.08,0
2017-12-04,16.8867,16.88,0
2017-12-05,16.9011,16.91,0
2017-12-06,16.8545,16.83,0
2017-12-07,16.7995,16.81,0
2017-12-08,16.847,16.84,0
2017-12-11,16.6771,16.7,0
2017-12-12,16.6186,16.65,0
2017-12-13,16.6693,16.68,0
2017-12-14,16.6457,16.67,0
2017-12-15,16.6049,16.57,0
2017-12-18,16.589,16.58,0
2017-12-19,16.6145,16.62,0
2017-12-20,16.6928,16.67,0
2017-12-21,16.7677,16.76,0
2017-12-22,16.8056,16.81,0
2017-12-25,16.8056,16.81,0
2017-12-26,16.8423,16.8,0
2017-12-27,16.8907,16.861,0
2017-12-28,16.8187,16.77,0
2017-12-29,16.7488,16.767,0
2018-01-01,16.7488,16.767,0
2018-01-02,16.8558,16.845,0
2018-01-03,16.8437,16.84,0
2018-01-04,16.7632,16.78,0
2018-01-05,16.7566,16.7552,0
2018-01-08,16.58968,16.58,0
2018-01-09,16.664,16.6698,0
2018-01-10,16.6559,16.69,0
2018-01-11,16.6549,16.7,0
2018-01-12,16.5489,16.61,0
2018-01-15,16.5489,16.61,0
2018-01-16,16.6418,16.67,0
2018-01-17,16.8216,16.82,0
2018-01-18,16.7604,16.78,0
2018-01-19,16.8063,16.81,0
2018-01-22,16.80128,16.79,0
2018-01-23,16.763,16.8,0
2018-01-24,16.98051,16.96,0
2018-01-25,16.9309,16.96,0
2018-01-26,16.9842,16.98,0
2018-01-29,17.0702,17.06,0
2018-01-30,17.1787,17.13,0
2018-01-31,17.1665,17.15,0
2018-02-01,17.1807,17.14,0
2018-02-02,17.1514,17.11,0
2018-02-05,17.0149,16.98,0
2018-02-06,17.2138,17.19,0
2018-02-07,17.2769,17.25,0
2018-02-08,17.2981,17.23,0
2018-02-09,17.1485,17.15,0
2018-02-12,17.3695,17.36,0
2018-02-13,17.3383,17.31,0
2018-02-14,17.3599,17.32,0
2018-02-15,17.3932,17.41,0
2018-02-16,17.3701,17.35,0
2018-02-19,17.3701,17.35,0
2018-02-20,17.3165,17.29,0
2018-02-21,17.3307,17.32,0
2018-02-22,17.3636,17.35,0
2018-02-23,17.3532,17.35,0
2018-02-26,17.4611,17.46,0
2018-02-27,17.5349,17.52,0
2018-02-28,17.6354,17.61,0
2018-03-01,17.8076,17.84,0
2018-03-02,17.7672,17.76,0
2018-03-05,17.8526,17.86,0
2018-03-06,17.8891,17.8849,0
2018-03-07,17.8545,17.85,0
2018-03-08,18.0977,18.1,0
2018-03-09,17.9663,17.97,0
2018-03-12,17.9839,17.99,0
2018-03-13,18.0519,18.05,0
2018-03-14,17.9425,17.96,0
2018-03-15,17.8528,17.86,0
2018-03-16,17.7127,17.69,0
2018-03-19,17.4026,17.41,0
2018-03-20,17.3826,17.36,0
2018-03-21,17.3786,17.34,0
2018-03-22,17.4301,17.42,0
2018-03-23,17.4905,17.44,0
2018-03-26,17.3596,17.37,0
2018-03-27,17.3625,17.34,0
2018-03-28,17.3581,17.32,0
2018-03-29,17.9905,17.96,0
2018-03-30,17.9905,17.96,0
2018-04-02,17.9704,17.96,0
2018-04-03,18.0288,17.9952,0
2018-04-04,17.69747,17.66,0
2018-04-05,18.0649,18.08,0
2018-04-06,18.021,18.0252,0
2018-04-09,18.1131,18.139,0
2018-04-10,18.0641,18.1,0
2018-04-11,17.9742,17.9686,0
2018-04-12,18.0401,18.06,0
2018-04-13,17.9153,17.88,0
2018-04-16,17.7619,17.76,0
2018-04-17,17.6942,17.7,0
2018-04-18,17.8048,17.78,0
2018-04-19,17.7745,17.78,0
2018-04-20,17.5273,17.5606,0
2018-04-23,17.6118,17.62,0
2018-04-24,17.7152,17.7359,0
2018-04-25,17.9706,17.95,0
2018-04-26,17.9366,17.96,0
2018-04-27,18.0791,18.12,0
2018-04-30,18.1638,18.19,0
2018-05-01,18.3779,18.38,0
2018-05-02,18.3577,18.38,0
2018-05-03,18.4795,18.48,0
2018-05-04,18.4071,18.419,0
2018-05-07,18.1802,18.15,0
2018-05-08,18.3018,18.32,0
2018-05-09,18.2903,18.28,0
2018-05-10,18.2631,18.18,0
2018-05-11,18.0666,18.06,0
2018-05-14,18.0513,18.0652,0
2018-05-15,18.2211,18.23,0
2018-05-16,18.1441,18.1101,0
2018-05-17,17.9869,17.99,0
2018-05-18,18.2612,18.21,0
2018-05-21,18.2895,18.28,0
2018-05-22,18.3609,18.36,0
2018-05-23,18.4917,18.47,0
2018-05-24,18.3498,18.34,0
2018-05-25,18.453,18.45,0
2018-05-28,18.453,18.45,0
2018-05-29,18.212,18.2,0
2018-05-30,17.9817,17.98,0
2018-05-31,18.0184,18.0299,0
2018-06-01,17.9404,17.94,0
2018-06-04,17.5552,17.55,0
2018-06-05,17.6567,17.6699,0
2018-06-06,17.5291,17.53,0
2018-06-07,17.4348,17.48,0
2018-06-08,17.484,17.4899,0
2018-06-11,17.0886,17.07,0
2018-06-12,17.4827,17.46,0
2018-06-13,17.4384,17.4004,0
2018-06-14,16.9337,16.95,0
2018-06-15,16.884,16.87,0
2018-06-18,16.6793,16.6501,0
2018-06-19,16.6268,16.6,0
2018-06-20,16.6557,16.63,0
2018-06-21,16.7284,16.75,0
2018-06-22,16.7268,16.71,0
2018-06-25,16.4659,16.41,0
2018-06-26,16.5347,16.52,0
2018-06-27,16.5247,16.5,0
2018-06-28,16.213,16.21,0
2018-06-29,16.431,16.44,0
2018-07-02,15.9689,16.01,0
2018-07-03,16.1794,16.19,0
2018-07-04,16.1794,16.19,0
2018-07-05,16.197,16.1449,0
2018-07-06,16.5274,16.51,0
2018-07-09,16.2776,16.2899,0
2018-07-10,16.0533,16.035,0
2018-07-11,15.7377,15.76,0
2018-07-12,15.9914,15.94,0
2018-07-13,15.8113,15.77,0
2018-07-16,15.8568,15.865,0
2018-07-17,16.0131,16.04,0
2018-07-18,16.0449,16.05,0
2018-07-19,16.1873,16.2,0
2018-07-20,16.3288,16.3199,0
2018-07-23,16.4278,16.41,0
2018-07-24,16.2169,16.24,0
2018-07-25,16.5054,16.53,0
2018-07-26,16.5837,16.53,0
2018-07-27,16.5998,16.57,0
2018-07-30,16.79163,16.8,0
2018-07-31,16.9869,16.96,0
2018-08-01,16.7228,16.74,0
2018-08-02,16.8437,16.845,0
2018-08-03,16.9665,16.95,0
2018-08-06,17.0088,16.98,0
2018-08-07,16.9765,16.97,0
2018-08-08,16.9829,16.98,0
2018-08-09,16.9037,16.85,0
2018-08-10,16.4633,16.42,0
2018-08-13,16.402,16.4,0
2018-08-14,16.6474,16.66,0
2018-08-15,16.6214,16.595,0
2018-08-16,16.7669,16.78,0
2018-08-17,16.7217,16.7,0
2018-08-20,16.6321,16.6639,0
2018-08-21,16.5425,16.52,0
2018-08-22,16.2606,16.26,0
2018-08-23,16.0321,16.04,0
2018-08-24,16.0942,16.09,0
2018-08-27,16.0578,16.02,0
2018-08-28,15.854,15.855,0
2018-08-29,15.8887,15.8701,0
2018-08-30,15.867,15.85,0
2018-08-31,16.1873,16.2,0
2018-09-03,16.1873,16.2,0
2018-09-04,16.3,16.29,0
2018-09-05,16.1954,16.185,0
2018-09-06,16.241,16.22,0
2018-09-07,16.2636,16.25,0
2018-09-10,16.2883,16.28,0
2018-09-11,16.2558,16.23,0
2018-09-12,15.7455,15.78,0
2018-09-13,15.6798,15.7,0
2018-09-14,15.7216,15.71,0
2018-09-17,15.5747,15.59,0
2018-09-18,15.4027,15.395,0
2018-09-19,15.4997,15.5,0
2018-09-20,15.7437,15.75,0
2018-09-21,15.9161,15.93,0
2018-09-24,16.0237,16.03,0
2018-09-25,16.1453,16.14,0
2018-09-26,16.11,16.064,0
2018-09-27,16.1686,16.1837,0
2018-09-28,15.8384,15.865,0
2018-10-01,16.2182,16.23,0
2018-10-02,16.2869,16.29,0
2018-10-03,16.1852,16.15,0
2018-10-04,16.2686,16.28,0
2018-10-05,16.2877,16.25,0
2018-10-08,16.2318,16.21,0
2018-10-09,16.1505,16.16,0
2018-10-10,16.0904,16.05,0
2018-10-11,16.3477,16.33,0
2018-10-12,16.499,16.495,0
2018-10-15,16.6725,16.6205,0
2018-10-16,16.5498,16.55,0
2018-10-17,16.5178,16.48,0
2018-10-18,16.388,16.38,0
2018-10-19,16.2641,16.22,0
2018-10-22,16.347,16.3499,0
2018-10-23,16.3813,16.37,0
2018-10-24,16.3143,16.29,0
2018-10-25,16.0487,16.05,0
2018-10-26,16.3154,16.33,0
2018-10-29,16.2763,16.28,0
2018-10-30,16.1919,16.19,0
2018-10-31,16.1283,16.12,0
2018-11-01,16.2447,16.21,0
2018-11-02,16.4205,16.39,0
2018-11-05,16.5031,16.475,0
2018-11-06,16.4785,16.44,0
2018-11-07,16.4151,16.4,0
2018-11-08,16.4946,16.46,0
2018-11-09,16.3433,16.3,0
2018-11-12,16.3814,16.32,0
2018-11-13,16.2064,16.17,0
2018-11-14,16.1989,16.18,0
2018-11-15,16.2021,16.17,0
2018-11-16,16.1202,16.12,0
2018-11-19,16.0257,16.02,0
2018-11-20,15.9903,15.98,0
2018-11-21,16.0136,16.01,0
2018-11-22,16.0136,16.01,0
2018-11-23,15.9319,15.94,0
2018-11-26,15.8196,15.81,0
2018-11-27,15.8229,15.83,0
2018-11-28,16.0103,16.04,0
2018-11-29,16.0097,15.9968,0
2018-11-30,16.1866,16.17,0
2018-12-03,16.344,16.315,0
2018-12-04,16.4155,16.4083,0
2018-12-05,16.4155,16.4083,0
2018-12-06,16.3456,16.36,0
2018-12-07,16.445,16.45,0
2018-12-10,16.3926,16.379,0
2018-12-11,16.4409,16.43,0
2018-12-12,16.4508,16.42,0
2018-12-13,16.4261,16.4052,0
2018-12-14,16.4384,16.41,0
2018-12-17,16.4209,16.38,0
2018-12-18,16.4892,16.4706,0
2018-12-19,16.3581,16.32,0
2018-12-20,16.0963,16.1,0
2018-12-21,16.2184,16.18,0
2018-12-24,16.1938,16.16,0
2018-12-25,16.1938,16.16,0
2018-12-26,16.0352,15.98,0
2018-12-27,16.0659,16.07,0
2018-12-28,16.1093,16.095,0
2018-12-31,16.1083,16.05,0
2019-01-01,16.1083,16.05,0
2019-01-02,16.1288,16.12,0
2019-01-03,16.2727,16.25,0
2019-01-04,16.4087,16.4,0
2019-01-07,16.3844,16.4,0
2019-01-08,16.315,16.33,0
2019-01-09,16.3834,16.4,0
2019-01-10,16.1662,16.2,0
2019-01-11,16.2583,16.27,0
2019-01-14,16.2783,16.318,0
2019-01-15,16.0,16.05,0
2019-01-16,16.1063,16.13,0
2019-01-17,16.3153,16.29,0
2019-01-18,16.3718,16.35,0
2019-01-21,16.3718,16.35,0
2019-01-22,16.2606,16.25,0
2019-01-23,16.2845,16.28,0
2019-01-24,16.2154,16.24,0
2019-01-25,16.3346,16.31,0
2019-01-28,16.3202,16.3,0
2019-01-29,16.2274,16.26,0
2019-01-30,16.3676,16.35,0
2019-01-31,16.189,16.19,0
2019-02-01,16.2703,16.24,0
2019-02-04,16.287,16.28,0
2019-02-05,16.3383,16.325,0
2019-02-06,16.3068,16.3113,0
2019-02-07,16.1691,16.17,0
2019-02-08,16.0965,16.07,0
2019-02-11,16.0343,16.07,0
2019-02-12,16.2399,16.22,0
2019-02-13,16.2632,16.28,0
2019-02-14,16.1153,16.14,0
2019-02-15,16.1069,16.11,0
2019-02-18,16.1069,16.11,0
2019-02-19,15.9456,15.94,0
2019-02-20,16.0106,16.0099,0
2019-02-21,16.1849,16.1603,0
2019-02-22,16.1905,16.2,0
2019-02-25,16.0252,16.03,0
2019-02-26,15.8877,15.85,0
2019-02-27,15.8017,15.76,0
2019-02-28,15.6878,15.65,0
2019-03-01,15.7765,15.76,0
2019-03-04,15.8447,15.87,0
2019-03-05,15.8957,15.8884,0
2019-03-06,15.7724,15.76,0
2019-03-07,15.497,15.49,0
2019-03-08,15.4647,15.47,0
2019-03-11,15.3783,15.4,0
2019-03-12,15.553,15.56,0
2019-03-13,15.5831,15.5812,0
2019-03-14,15.6862,15.6716,0
2019-03-15,15.7831,15.7493,0
2019-03-18,15.7283,15.75,0
2019-03-19,15.7348,15.7192,0
2019-03-20,15.7476,15.7359,0
2019-03-21,15.9033,15.9,0
2019-03-22,15.9667,15.99,0
2019-03-25,16.0403,16.03,0
2019-03-26,15.9621,15.96,0
2019-03-27,15.8461,15.85,0
2019-03-28,15.8589,15.84,0
2019-03-29,15.2213,15.23,0
2019-04-01,15.3973,15.43,0
2019-04-02,15.4037,15.431,0
2019-04-03,15.4541,15.49,0
2019-04-04,15.5315,15.56,0
2019-04-05,15.4152,15.4,0
2019-04-08,15.3372,15.36,0
2019-04-09,15.3402,15.37,0
2019-04-10,15.4146,15.4,0
2019-04-11,15.3265,15.35,0
2019-04-12,15.3522,15.35,0
2019-04-15,15.4294,15.44,0
2019-04-16,15.2869,15.26,0
2019-04-17,15.253,15.27,0
2019-04-18,15.248,15.24,0
2019-04-19,15.248,15.24,0
2019-04-22,15.0924,15.07,0
2019-04-23,14.9732,14.98,0
2019-04-24,14.8105,14.77,0
2019-04-25,14.8608,14.8499,0
2019-04-26,15.0148,15.04,0
2019-04-29,15.0346,15.0119,0
2019-04-30,15.0477,15.07,0
2019-05-01,15.2773,15.3,0
2019-05-02,15.3345,15.33,0
2019-05-03,15.3471,15.35,0
2019-05-06,15.10304,15.1,0
2019-05-07,15.1833,15.23,0
2019-05-08,15.1081,15.06,0
2019-05-09,14.7146,14.7,0
2019-05-10,14.6974,14.67,0
2019-05-13,14.8425,14.87,0
2019-05-14,15.18326,15.1895,0
2019-05-15,15.173,15.15,0
2019-05-16,15.3997,15.44,0
2019-05-17,15.454,15.46,0
2019-05-20,15.6462,15.63,0
2019-05-21,15.8282,15.85,0
2019-05-22,15.8776,15.91,0
2019-05-23,15.7428,15.78,0
2019-05-24,16.0865,16.13,0
2019-05-27,16.0865,16.13,0
2019-05-28,16.5673,16.64,0
2019-05-29,16.5495,16.58,0
2019-05-30,16.9937,17.02,0
2019-05-31,16.7064,16.71,0
2019-06-03,16.6733,16.64,0
2019-06-04,16.7465,16.75,0
2019-06-05,16.3879,16.35,0
2019-06-06,16.5461,16.56,0
2019-06-07,16.3781,16.39,0
2019-06-10,16.421,16.47,0
2019-06-11,16.8107,16.75,0
2019-06-12,16.8191,16.8,0
2019-06-13,17.0599,17.06,0
2019-06-14,17.2606,17.25,0
2019-06-17,17.3841,17.41,0
2019-06-18,17.2144,17.21,0
2019-06-19,16.9328,16.94,0
2019-06-20,17.1214,17.17,0
2019-06-21,16.9537,17.02,0
2019-06-24,17.0873,17.12,0
2019-06-25,17.1025,17.1,0
2019-06-26,17.0253,17.0,0
2019-06-27,16.9427,16.9,0
2019-06-28,16.404,16.44,0
2019-07-01,16.137,16.1,0
2019-07-02,16.2822,16.32,0
2019-07-03,16.7485,16.76,0
2019-07-04,16.7485,16.76,0
2019-07-05,16.7508,16.77,0
2019-07-08,16.7459,16.75,0
2019-07-09,16.5708,16.55,0
2019-07-10,16.6609,16.64,0
2019-07-11,16.90412,16.9,0
2019-07-12,17.2078,17.25,0
2019-07-15,16.879,16.87,0
2019-07-16,16.7228,16.71,0
2019-07-17,16.7461,16.72,0
2019-07-18,16.4344,16.45,0
2019-07-19,16.6022,16.64,0
2019-07-22,16.3713,16.35,0
2019-07-23,16.5051,16.48,0
2019-07-24,16.4793,16.44,0
2019-07-25,16.4038,16.4,0
2019-07-26,16.3072,16.3,0
2019-07-29,16.3862,16.38,0
2019-07-30,16.2167,16.17,0
2019-07-31,15.8889,15.86,0
2019-08-01,15.6712,15.67,0
2019-08-02,15.8944,15.88,0
2019-08-05,16.0624,16.06,0
2019-08-06,15.9106,15.91,0
2019-08-07,15.9875,16.04,0
2019-08-08,16.139,16.14,0
2019-08-09,16.128,16.14,0
2019-08-12,15.404,15.25,0
2019-08-13,15.0401,15.02,0
2019-08-14,14.8063,14.82,0
2019-08-15,14.8289,14.82,0
2019-08-16,15.1353,15.1,0
2019-08-19,14.9358,14.92,0
2019-08-20,14.7724,14.8,0
2019-08-21,14.8332,14.83,0
2019-08-22,14.8523,14.81,0
2019-08-23,14.748,14.7,0
2019-08-26,14.76356,14.75,0
2019-08-27,14.687,14.64,0
2019-08-28,14.787,14.8,0
2019-08-29,14.82671,14.795,0
2019-08-30,14.7996,14.75,0
2019-09-02,14.7996,14.75,0
2019-09-03,14.5225,14.51,0
2019-09-04,14.46135,14.43,0
2019-09-05,14.4581,14.47,0
2019-09-06,14.3446,14.32,0
2019-09-09,14.325,14.3,0
2019-09-10,14.578,14.61,0
2019-09-11,14.5144,14.51,0
2019-09-12,14.7575,14.77,0
2019-09-13,14.7993,14.79,0
2019-09-16,14.9566,14.99,0
2019-09-17,14.7272,14.71,0
2019-09-18,14.7901,14.79,0
2019-09-19,14.8242,14.81,0
2019-09-20,14.7287,14.73,0
2019-09-23,14.8097,14.76,0
2019-09-24,14.8348,14.86,0
2019-09-25,14.8533,14.83,0
2019-09-26,14.8278,14.79,0
2019-09-27,14.7828,14.79,0
2019-09-30,15.224,15.18,0
2019-10-01,15.3333,15.3,0
2019-10-02,15.17628,15.14,0
2019-10-03,15.2129,15.17,0
2019-10-04,15.1056,15.1,0
2019-10-07,15.1836,15.15,0
2019-10-08,15.3914,15.38,0
2019-10-09,15.3686,15.35,0
2019-10-10,14.98412,14.96,0
2019-10-11,15.4369,15.43,0
2019-10-14,15.4236,15.38,0
2019-10-15,15.3475,15.31,0
2019-10-16,15.3253,15.3,0
2019-10-17,15.4277,15.39,0
2019-10-18,15.3329,15.3,0
2019-10-21,15.2419,15.21,0
2019-10-22,15.2545,15.24,0
2019-10-23,15.2416,15.25,0
2019-10-24,15.1847,15.17,0
2019-10-25,15.1639,15.18,0
2019-10-28,15.0656,15.03,0
2019-10-29,15.1088,15.07,0
2019-10-30,15.1895,15.16,0
2019-10-31,15.16024,15.15,0
2019-11-01,15.1524,15.1013,0
2019-11-04,15.0141,14.99,0
2019-11-05,14.948,14.95,0
2019-11-06,14.8357,14.84,0
2019-11-07,14.72,14.68,0
2019-11-08,14.8023,14.75,0
2019-11-11,14.6522,14.66,0
2019-11-12,14.7796,14.77,0
2019-11-13,14.6793,14.66,0
2019-11-14,14.7192,14.71,0
2019-11-15,14.5735,14.57,0
2019-11-18,14.4574,14.44,0
2019-11-19,14.5782,14.59,0
2019-11-20,14.4656,14.45,0
2019-11-21,14.4994,14.5,0
2019-11-22,14.4657,14.45,0
2019-11-25,14.5649,14.55,0
2019-11-26,14.4763,14.45,0
2019-11-27,14.2939,14.33,0
2019-11-28,14.2939,14.33,0
2019-11-29,14.5017,14.52,0
2019-12-02,14.5222,14.55,0
2019-12-03,14.5329,14.5324,0
2019-12-04,14.4612,14.45,0
2019-12-05,14.3952,14.3722,0
2019-12-06,14.3902,14.387,0
2019-12-09,14.346,14.36,0
2019-12-10,14.4049,14.38,0
2019-12-11,14.235,14.24,0
2019-12-12,14.4552,14.46,0
2019-12-13,14.569,14.59,0
2019-12-16,14.7938,14.78,0
2019-12-17,14.861,14.85,0
2019-12-18,14.7646,14.75,0
2019-12-19,14.7555,14.75,0
2019-12-20,14.7912,14.82,0
2019-12-23,14.836,14.815,0
2019-12-24,14.8069,14.81,0
2019-12-25,14.8069,14.81,0
2019-12-26,14.8374,14.84,0
2019-12-27,14.8816,14.88,0
2019-12-30,14.8409,14.82,0
2019-12-31,14.8217,14.8,0
2020-01-01,14.8217,14.8,0
2020-01-02,14.9222,14.9,0
2020-01-03,14.7533,14.73,0
2020-01-06,14.7094,14.68,0
2020-01-07,14.7059,14.67,0
2020-01-08,14.7116,14.71,0
2020-01-09,14.6738,14.67,0
2020-01-10,14.7738,14.78,0
2020-01-13,14.8808,14.85,0
2020-01-14,14.8648,14.86,0
2020-01-15,14.7959,14.8,0
2020-01-16,14.407,14.44,0
2020-01-17,14.8176,14.82,0
2020-01-20,14.8176,14.82,0
2020-01-21,14.7584,14.77,0
2020-01-22,14.7578,14.77,0
2020-01-23,14.8894,14.87,0
2020-01-24,14.6866,14.65,0
2020-01-27,14.5077,14.49,0
2020-01-28,14.6603,14.59,0
2020-01-29,14.5673,14.57,0
2020-01-30,14.3878,14.39,0
2020-01-31,14.4299,14.42,0
2020-02-03,14.3689,14.35,0
2020-02-04,14.492,14.46,0
2020-02-05,14.449,14.43,0
2020-02-06,14.3535,14.35,0
2020-02-07,14.5057,14.47,0
2020-02-10,14.4556,14.42,0
2020-02-11,14.3784,14.35,0
2020-02-12,14.4521,14.43,0
2020-02-13,14.3891,14.36,0
2020-02-14,14.2724,14.26,0
2020-02-17,14.2724,14.26,0
2020-02-18,14.457,14.45,0
2020-02-19,14.3698,14.38,0
2020-02-20,14.277,14.3,0
2020-02-21,14.1944,14.2,0
2020-02-24,14.0422,14.05,0
2020-02-25,14.0501,14.0355,0
2020-02-26,13.9998,14.0,0
2020-02-27,13.7935,13.76,0
2020-02-28,13.789,13.76,0
2020-03-02,13.9975,14.01,0
2020-03-03,14.1785,14.15,0
2020-03-04,14.2675,14.26,0
2020-03-05,14.1743,14.155,0
2020-03-06,14.0184,14.02,0
2020-03-09,13.8605,13.85,0
2020-03-10,14.0263,14.0,0
2020-03-11,13.908,13.85,0
2020-03-12,13.6397,13.54,0
2020-03-13,13.6503,13.76,0
2020-03-16,13.3678,13.33,0
2020-03-17,13.1292,13.03,0
2020-03-18,12.8879,12.99,0
2020-03-19,13.1617,13.15,0
2020-03-20,13.1281,13.0,0
2020-03-23,13.1454,13.13,0
2020-03-24,13.2041,13.15,0
2020-03-25,13.2676,13.25,0
2020-03-26,13.285,13.3,0
2020-03-27,13.1782,13.16,0
2020-03-30,13.0201,13.01,0
2020-03-31,12.9461,12.96,0
2020-04-01,12.6208,12.64,0
2020-04-02,12.6623,12.69,0
2020-04-03,12.6522,12.71,0
2020-04-06,12.5438,12.55,0
2020-04-07,12.6602,12.73,0
2020-04-08,12.5947,12.66,0
2020-04-09,12.6404,12.66,0
2020-04-10,12.6404,12.66,0
2020-04-13,12.6092,12.71,0
2020-04-14,12.4731,12.42,0
2020-04-15,12.3027,12.25,0
2020-04-16,12.2565,12.17,0
2020-04-17,12.3554,12.41,0
2020-04-20,12.1056,12.02,0
2020-04-21,11.915,11.85,0
2020-04-22,12.1391,12.07,0
2020-04-23,12.2049,12.15,0
2020-04-24,12.1127,12.06,0
2020-04-27,11.7983,11.745,0
2020-04-28,11.7901,11.72,0
2020-04-29,11.8967,11.9,0
2020-04-30,12.0651,12.02,0
2020-05-01,12.0241,11.96,0
2020-05-04,11.9154,11.9,0
2020-05-05,11.9454,11.93,0
2020-05-06,11.8371,11.81,0
2020-05-07,11.9531,11.98,0
2020-05-08,12.0046,12.06,0
2020-05-11,11.972,11.96,0
2020-05-12,12.0361,12.02,0
2020-05-13,11.9256,11.91,0
2020-05-14,11.9062,11.855,0
2020-05-15,11.9155,11.93,0
2020-05-18,11.9385,11.91,0
2020-05-19,11.984,11.97,0
2020-05-20,11.9783,11.98,0
2020-05-21,11.9474,11.91,0
2020-05-22,11.9224,11.885,0
2020-05-25,11.9224,11.885,0
2020-05-26,11.9622,12.01,0
2020-05-27,11.9855,12.0,0
2020-05-28,12.1817,12.21,0
2020-05-29,12.1164,12.18,0
2020-06-01,12.0158,12.04,0
2020-06-02,12.0891,12.08,0
2020-06-03,12.0961,12.06,0
2020-06-04,12.2589,12.28,0
2020-06-05,12.3334,12.37,0
2020-06-08,12.4146,12.42,0
2020-06-09,12.2799,12.31,0
2020-06-10,12.2121,12.24,0
2020-06-11,12.291,12.32,0
2020-06-12,12.2607,12.2899,0
2020-06-15,12.2191,12.23,0
2020-06-16,12.2404,12.21,0
2020-06-17,12.2428,12.26,0
2020-06-18,12.2563,12.27,0
2020-06-19,12.3127,12.36,0
2020-06-22,12.2048,12.22,0
2020-06-23,12.0581,12.06,0
2020-06-24,11.9556,11.97,0
2020-06-25,11.7691,11.79,0
2020-06-26,11.6991,11.67,0
2020-06-29,11.9987,11.96,0
2020-06-30,12.4041,12.4,0
2020-07-01,12.6788,12.67,0
2020-07-02,12.4669,12.48,0
2020-07-03,12.4669,12.48,0
2020-07-06,12.5477,12.58,0
2020-07-07,12.4633,12.47,0
2020-07-08,12.5362,12.53,0
2020-07-09,12.6135,12.66,0
2020-07-10,12.2536,12.27,0
2020-07-13,12.0018,11.97,0
2020-07-14,11.907,11.94,0
2020-07-15,11.9174,11.91,0
2020-07-16,12.0052,12.01,0
2020-07-17,12.0681,12.09,0
2020-07-20,11.9667,11.98,0
2020-07-21,11.8084,11.83,0
2020-07-22,11.9254,11.95,0
2020-07-23,11.953,11.99,0
2020-07-24,11.9549,11.98,0
2020-07-27,11.9453,11.9201,0
2020-07-28,11.8013,11.77,0
2020-07-29,11.7081,11.7,0
2020-07-30,11.719,11.73,0
2020-07-31,11.7238,11.72,0
