Date,NAV,Price,Open,Low,High,Volume,FUND_FLOW
2013-07-15,37.66055,37.67,298.96,298.88,302.08,592731,30.1284
2013-07-16,37.57795,37.48,302.16,299.76,302.4,403738,-90.187
2013-07-17,37.81195,37.8,300.64,299.84,302.72,411396,-11.3436
2013-07-18,38.33045,38.34,303.44,303.44,307.68,604849,19.1652
2013-07-19,38.35104,38.45,308.88,304.08,308.96,755453,-42.1862
2013-07-22,38.01815,37.92,306.56,302.88,307.0408,802068,-41.82
2013-07-23,38.12047,38.09,301.92,301.76,305.52,577058,-49.5566
2013-07-24,37.46568,37.4,302.88,298.0,304.08,899236,29.9725
2013-07-25,37.50066,37.58,299.36,296.0,301.04,650254,41.2508
2013-07-26,37.21914,37.21,299.04,295.52,299.12,400043,59.5506
2013-07-29,37.16387,37.13,298.4,296.0,299.04,340094,-26.0147
2013-07-30,36.64068,36.67,295.2,292.0,295.28,656291,0.0
2013-07-31,37.33324,37.36,293.68,292.8,299.36,783179,0.0
2013-08-01,38.3491,38.27,304.8,304.48,307.28,1106474,-30.6793
2013-08-02,38.01067,37.94,304.56,302.72,304.96,550863,-57.016
2013-08-05,37.87345,37.83,301.28,301.04,304.4,341017,0.0
2013-08-06,37.42491,37.46,302.32,298.16,302.48,761324,29.9399
2013-08-07,37.09979,37.01,298.16,296.0,300.0,741450,0.0
2013-08-08,36.74043,36.84,294.16,290.8,294.88,1357261,40.4145
2013-08-09,37.58096,37.59,296.48,296.24,301.12,906521,93.9523
2013-08-12,37.70701,37.76,299.2,298.16,302.32,538523,0.0
2013-08-13,38.02091,37.9,301.84,300.56,304.56,558796,-11.4063
2013-08-14,38.07738,38.09,302.8,301.16,305.12,637520,-60.9237
2013-08-15,38.3019,38.24,306.48,303.84,307.2,569968,0.0
2013-08-16,38.33701,38.4,306.48,304.088,308.56,667602,0.0
2013-08-19,38.18132,38.17,305.6,304.48,307.44,425155,-53.4539
2013-08-20,37.55537,37.52,301.52,299.12,305.68,845895,0.0
2013-08-21,37.10465,37.17,299.92,295.92,300.16,685761,18.5523
2013-08-22,37.52563,37.54,297.2,296.72,300.8,563977,0.0
2013-08-23,38.02167,37.95,299.28,298.16,305.6,742907,60.8347
2013-08-26,37.84111,37.96,303.6,301.68,304.08,712570,-41.6253
2013-08-27,38.94442,38.87,311.2,309.76,312.4,1811795,0.0
2013-08-28,39.33321,39.08,313.76,312.0,315.68,1616705,43.2665
2013-08-29,38.86818,38.58,312.64,307.92,314.64,1017724,97.1705
2013-08-30,38.45592,38.48,308.32,305.68,310.8,1295702,-80.7575
2013-09-03,38.77208,38.76,306.0,305.84,311.024,990047,34.8949
2013-09-04,38.30352,38.34,306.8,305.12,308.4,536654,49.7945
2013-09-05,38.71015,38.69,308.24,306.4,310.16,551911,0.0
2013-09-06,39.48115,39.36,312.64,312.24,316.32,1304135,0.0
2013-09-09,39.11307,38.94,313.92,310.72,314.88,989159,-97.7827
2013-09-10,38.37445,38.335,305.76,304.24,307.52,1337609,0.0
2013-09-11,38.4289,38.48,307.92,305.76,308.72,693301,30.7431
2013-09-12,38.82769,38.865,308.8,308.48,312.08,612214,-19.4138
2013-09-13,38.75135,38.85,307.76,306.88,311.04,404274,-38.7514
2013-09-16,38.26295,38.11,306.0,304.8,308.08,773058,0.0
2013-09-17,37.76855,37.74,303.76,300.96,304.16,845203,-18.8843
2013-09-18,38.65443,38.68,303.12,302.48,310.4,993770,73.4435
2013-09-19,38.14218,38.08,308.48,304.32,308.96,861456,0.0
2013-09-20,37.74159,37.77,303.76,301.2,305.44,703801,-45.2899
2013-09-23,37.32177,37.27,298.64,297.28,299.68,738907,0.0
2013-09-24,37.15531,37.22,296.4,294.8,298.4,729714,78.0262
2013-09-25,36.98533,36.88,298.32,294.56,298.8,614199,0.0
2013-09-26,37.11799,37.08,296.32,295.12,297.36,367836,-77.9478
2013-09-27,37.05976,36.96,296.4,295.28,299.04,522749,-11.1179
2013-09-30,36.86323,36.85,291.84,291.2,296.16,666072,0.0
2013-10-01,36.75814,36.68,292.88,291.28,294.32,792381,0.0
2013-10-02,37.49978,37.42,293.44,292.64,300.32,1378299,-29.9998
2013-10-03,37.21459,37.14,300.64,296.48,300.72,605307,55.8218
2013-10-04,37.40482,37.31,299.52,297.68,300.24,346532,-59.8477
2013-10-07,37.1111,37.14,294.32,293.6,298.88,575824,-25.9777
2013-10-08,37.2762,37.31,299.04,297.76,299.92,431417,0.0
2013-10-09,36.59751,36.55,295.04,291.6,295.68,1374858,-10.9793
2013-10-10,37.1119,37.1,292.64,292.24,298.32,852290,59.379
2013-10-11,36.79692,36.75,291.68,291.36,294.72,768351,0.0
2013-10-14,36.94604,36.87,293.28,292.4,296.152,333170,44.3353
2013-10-15,36.55965,36.47,293.2,291.6,294.96,684405,0.0
2013-10-16,36.94845,36.92,292.96,292.64,297.44,612823,0.0
2013-10-17,36.36382,36.38,292.0,289.04,292.56,1219614,0.0
2013-10-18,36.44975,36.45,292.48,290.72,292.72,519646,14.5799
2013-10-21,35.93264,35.94,289.84,286.792,290.48,615274,0.0
2013-10-22,35.43464,35.41,287.84,283.12,289.2,1277056,-3.5435
2013-10-23,34.91493,34.95,278.24,277.36,281.0,1559734,-97.7618
2013-10-24,35.00435,34.99,277.44,276.72,280.4,697889,217.027
2013-10-25,35.27045,35.32,280.48,280.08,282.8,479114,35.2704
2013-10-28,35.56803,35.55,282.24,281.6,284.88,537382,-35.568
2013-10-29,35.39448,35.41,283.12,282.32,283.92,291636,0.0
2013-10-30,34.87842,34.85,280.56,278.48,281.04,741159,-104.635
2013-10-31,34.73737,34.69,278.24,276.88,279.76,637587,20.8424
2013-11-01,34.09898,34.129,275.6,272.16,275.6,1221920,30.6891
2013-11-04,34.10109,34.04,272.48,272.16,274.24,571652,54.5617
2013-11-05,33.65004,33.67,271.44,268.4,271.908,820731,70.6651
2013-11-06,34.16482,34.189,270.88,270.88,274.96,1249428,23.9154
2013-11-07,33.94846,33.97,272.32,270.48,272.4808,594309,-67.8969
2013-11-08,34.09307,34.01,272.64,270.96,273.68,465295,0.0
2013-11-11,34.2795,34.26,272.24,271.92,274.88,316694,-37.7075
2013-11-12,33.57822,33.64,272.88,268.0,274.4008,942448,0.0
2013-11-13,33.92608,33.9,270.8,270.1072,273.0408,495698,0.0
2013-11-14,33.89674,33.93,269.44,267.6,272.96,791041,-33.8967
2013-11-15,33.92494,33.88,272.4,270.72,272.4,495562,91.5973
2013-11-18,33.63263,33.62,271.2,268.24,272.64,666623,0.0
2013-11-19,33.7073,33.72,269.44,267.84,270.32,496091,-57.3024
2013-11-20,33.69242,33.63,270.24,267.84,271.04,645997,-33.6924
2013-11-21,34.26273,34.17,271.68,270.48,274.56,686328,37.689
2013-11-22,34.04679,34.04,272.8,270.16,273.6,717496,-40.8562
2013-11-25,33.77603,33.82,269.12,268.72,271.36,653320,0.0
2013-11-26,33.62836,33.69,270.24,268.64,270.88,407883,33.6284
2013-11-27,33.13248,33.19,265.44,263.56,265.84,980922,0.0
2013-11-29,33.28186,33.46,266.56,266.56,269.6,483756,89.8611
2013-12-02,33.67569,33.68,267.76,267.36,270.08,537280,-53.8811
2013-12-03,34.47193,34.51,270.4,270.3992,276.24,1752078,-10.3416
2013-12-04,34.8877,34.88,278.08,276.56,280.16,1193995,-69.7754
2013-12-05,34.95165,34.93,279.52,279.1992,281.36,612059,-24.4661
2013-12-06,35.04868,35.05,279.36,278.96,280.6408,339271,-196.273
2013-12-09,34.93007,34.91,280.8,279.28,280.88,712514,0.0
2013-12-10,35.32921,35.31,282.4,280.48,282.7992,717937,-10.5987
2013-12-11,34.99147,34.98,281.2,279.048,282.08,912277,-41.9898
2013-12-12,35.02672,34.97,281.12,279.68,281.264,541010,0.0
2013-12-13,34.70746,34.64,277.68,276.56,278.8,777207,13.883
2013-12-16,35.00671,34.94,279.2,279.04,280.6408,496992,38.5074
2013-12-17,34.89882,34.87,280.4,278.64,281.12,278593,52.3482
2013-12-18,35.10955,35.03,280.4,279.2,281.512,545122,28.0876
2013-12-19,35.4599,35.32,282.32,281.84,284.96,775572,0.0
2013-12-20,35.55947,35.48,283.44,282.24,284.68,403583,-74.6749
2013-12-23,35.4109,35.36,283.44,282.56,284.0,284235,-49.5753
2013-12-24,35.52155,35.49,283.68,283.68,284.4,114970,-21.3129
2013-12-26,35.63866,35.65,282.0,282.0,285.52,357467,-28.511
2013-12-27,35.9139,35.84,286.88,286.56,288.56,474131,17.9569
2013-12-30,35.54358,35.53,286.08,283.92,286.64,380238,-10.663
2013-12-31,35.23175,35.32,282.28,281.12,283.04,674915,-21.1391
2014-01-02,34.164,34.23,277.52,273.12,277.6,1342603,44.4132
2014-01-03,33.63366,33.75,273.04,268.8,273.04,1207432,77.3575
2014-01-06,33.44257,33.57,268.96,266.88,269.752,568322,200.655
2014-01-07,33.52799,33.58,267.76,267.592,269.84,390850,83.82
2014-01-08,33.05018,33.16,268.24,264.24,268.4,718990,89.2355
2014-01-09,32.8179,33.08,265.52,261.44,265.6,815718,26.252
2014-01-10,33.19265,33.19,265.04,263.44,266.36,682505,49.7889
2014-01-13,32.85469,32.81,264.0,261.76,264.48,780941,29.5693
2014-01-14,33.12911,33.04,264.16,263.36,265.92,495916,-92.7615
2014-01-15,33.68912,33.77,266.08,266.08,270.8,911627,-117.912
2014-01-16,33.59937,33.65,269.28,267.76,269.68,539673,0.0
2014-01-17,33.77388,33.69,270.88,268.8,270.88,859604,16.8869
2014-01-21,33.90752,33.99,272.0,269.88,272.32,490741,-30.5168
2014-01-22,34.53541,34.56,273.6,273.36,276.72,624456,-6.9071
2014-01-23,34.745,34.72,277.36,276.56,279.36,709646,-138.98
2014-01-24,34.50163,34.58,278.24,274.88,278.3208,616833,-51.7524
2014-01-27,34.17131,34.23,276.32,272.0,276.96,690579,-41.0056
2014-01-28,34.77409,34.69,276.72,276.72,278.8008,539175,-31.2966
2014-01-29,34.75564,34.73,275.6,275.2,279.04,619113,-52.1334
2014-01-30,35.06556,34.95,280.88,279.52,281.44,409351,-24.5459
2014-01-31,34.80092,34.8,278.4,278.0,280.96,618539,-13.9204
2014-02-03,34.42077,34.52,278.4,274.88,279.2,1527834,-44.7469
2014-02-04,34.69129,34.74,277.76,276.96,279.0,329299,90.1974
2014-02-05,34.75859,34.71,278.64,276.48,279.68,458960,52.1378
2014-02-06,34.92231,34.9,281.28,278.24,281.6,275738,41.9067
2014-02-07,35.64961,35.64,280.48,280.0,286.0,793422,-7.1299
2014-02-10,35.69404,35.63,285.52,284.48,286.88,367648,-114.223
2014-02-11,35.68228,35.64,284.88,284.32,286.24,260606,-71.3645
2014-02-12,35.853,35.8,288.56,286.0,289.28,551000,0.0
2014-02-13,35.89912,35.87,285.92,285.76,287.84,273125,-14.3596
2014-02-14,35.92711,35.91,285.68,284.92,287.76,219411,-25.149
2014-02-18,36.63175,36.66,290.4,289.7592,294.16,594953,14.6527
2014-02-19,36.89664,36.9,293.6,293.12,296.4,585356,7.3793
2014-02-20,36.86396,36.88,295.2,293.92,295.68,342258,55.2959
2014-02-21,36.66614,36.69,294.0,291.84,294.8,535413,40.3328
2014-02-24,36.88715,36.79,293.52,293.12,296.88,437395,3.6887
2014-02-25,36.53148,36.59,291.76,289.92,293.04,422395,54.7973
2014-02-26,36.80362,36.75,293.92,293.12,295.28,253638,-14.7215
2014-02-27,36.73502,36.69,293.12,292.0,294.32,335956,-18.3675
2014-02-28,36.80266,36.74,292.88,292.48,295.44,315661,-29.4421
2014-03-03,37.63678,37.52,299.12,298.72,301.92,934546,-3.7637
2014-03-04,37.06586,37.06,297.44,295.16,297.6,465838,29.6527
2014-03-05,36.39091,36.24,295.6,289.6,296.16,687571,0.0
2014-03-06,36.42983,36.57,289.04,287.36,292.88,456057,10.9289
2014-03-07,36.7906,36.78,293.28,293.04,295.28,277232,36.7906
2014-03-10,36.27399,36.3,290.24,289.44,291.36,401569,-25.3918
2014-03-11,35.90464,35.81,289.44,286.16,290.08,447619,0.0
2014-03-12,35.21478,35.35,282.16,280.32,284.4,821770,-21.1288
2014-03-13,35.30782,35.34,281.92,281.04,282.8,276415,42.3693
2014-03-14,35.53062,35.53,283.76,282.72,285.36,450705,0.0
2014-03-17,35.18974,35.15,282.88,279.76,283.28,319112,21.1139
2014-03-18,35.64326,35.58,281.76,281.76,285.432,323245,-17.8216
2014-03-19,35.7471,35.71,284.88,283.6,286.24,291678,0.0
2014-03-20,35.6491,35.58,284.64,282.88,286.72,286971,-24.9544
2014-03-21,35.85021,35.84,286.08,285.84,289.12,338503,-35.8502
2014-03-24,35.89879,35.82,289.12,286.16,289.12,206070,0.0
2014-03-25,35.75052,35.77,287.76,284.96,289.1192,272985,14.3003
2014-03-26,36.1357,36.09,288.0,286.88,289.68,242654,-14.4543
2014-03-27,36.50277,36.5,292.0,291.68,293.2,260236,-21.9016
2014-03-28,36.64276,36.62,294.32,292.4,294.72,250057,0.0
2014-03-31,36.60856,36.59,292.72,290.88,293.92,265501,-21.9652
2014-04-01,35.94472,35.83,291.6,286.4,292.0,586103,-21.5669
2014-04-02,35.90099,35.8,286.48,285.04,287.56,420777,0.0
2014-04-03,36.14186,36.14,286.72,286.32,289.68,233470,65.0553
2014-04-04,36.4476,36.43,291.84,291.12,292.96,303451,0.0
2014-04-07,36.19351,36.28,289.6,288.08,292.08,253805,-36.1935
2014-04-08,36.95695,36.9,291.68,290.56,296.08,562245,0.0
2014-04-09,37.31272,37.22,295.84,295.2,299.04,558402,29.8502
2014-04-10,37.22639,37.2,297.84,297.04,298.64,371173,-37.2264
2014-04-11,37.32126,37.18,297.6,297.44,300.32,329793,0.0
2014-04-14,37.53339,37.38,298.72,298.44,300.56,168559,-26.2734
2014-04-15,37.45636,37.39,299.04,298.76,300.32,339396,0.0
2014-04-16,37.46668,37.48,302.24,298.0,302.48,583692,0.0
2014-04-17,37.58965,37.66,300.08,299.6,302.32,385482,-26.3127
2014-04-21,37.68894,37.64,300.72,300.4,302.0768,169206,-30.1512
2014-04-22,36.99739,37.0,297.68,295.352,297.84,389820,0.0
2014-04-23,36.88416,36.91,296.32,294.72,296.96,298702,106.964
2014-04-24,37.06523,37.05,297.04,295.92,297.7592,172162,48.1849
2014-04-25,36.57736,36.6,292.64,292.24,293.76,248926,-21.9464
2014-04-28,36.66291,36.71,293.92,291.84,294.0,173935,0.0
2014-04-29,36.82232,36.72,296.56,293.44,297.2,174854,-29.4578
2014-04-30,36.26172,36.32,289.76,288.968,290.56,451473,0.0
2014-05-01,36.14483,36.16,288.24,287.76,290.48,317475,43.3737
2014-05-02,36.2679,36.29,289.36,288.8,291.2,230915,-14.5071
2014-05-05,36.16438,36.14,290.08,287.68,290.08,293001,0.0
2014-05-06,36.17109,36.19,290.48,289.28,292.0,205293,0.0
2014-05-07,36.63625,36.6,292.08,290.2,293.6,242281,-36.6362
2014-05-08,36.46541,36.49,291.36,290.64,292.16,162932,-10.9396
2014-05-09,36.37648,36.4,293.36,290.24,294.16,194063,0.0
2014-05-12,36.60468,36.59,293.12,292.16,293.72,187291,-25.6233
2014-05-13,37.01065,37.04,294.64,293.68,296.64,277739,0.0
2014-05-14,37.26277,37.18,297.76,297.16,298.72,323016,0.0
2014-05-15,37.03858,37.04,296.96,295.44,297.28,167370,-51.854
2014-05-16,37.20284,37.23,296.88,296.72,298.12,196901,22.3217
2014-05-19,37.39511,37.38,299.36,298.64,300.16,205602,-14.958
2014-05-20,37.47491,37.52,298.64,297.92,300.32,168575,0.0
2014-05-21,38.11146,37.98,302.16,302.0,305.44,570326,-53.356
2014-05-22,37.98986,38.01,304.88,303.36,305.28,429568,-34.1909
2014-05-23,38.21263,38.18,304.8,304.4,306.16,318227,34.3913
2014-05-27,38.12179,38.14,304.0,303.44,305.36,144779,0.0
2014-05-28,37.61214,37.68,303.92,300.72,304.08,235631,15.0449
2014-05-29,37.9264,37.91,301.76,301.36,304.48,148697,11.3779
2014-05-30,37.60638,37.68,301.2,299.92,301.84,163877,0.0
2014-06-02,37.517,37.53,300.16,299.04,300.56,388942,-15.0068
2014-06-03,37.58592,37.64,299.92,299.6,301.2,145036,45.1031
2014-06-04,37.57785,37.51,302.8,300.0,303.76,213913,0.0
2014-06-05,37.51858,37.55,298.16,297.68,300.8,159581,15.0074
2014-06-06,37.58379,37.61,301.28,299.68,301.44,129384,0.0
2014-06-09,38.21389,38.18,303.76,303.52,305.84,383908,0.0
2014-06-10,38.18325,38.28,306.64,304.4,307.52,220535,0.0
2014-06-11,38.22243,38.25,305.76,305.2,306.88,146371,-45.8669
2014-06-12,39.01809,39.08,310.4,309.6808,312.88,726241,0.0
2014-06-13,39.16134,39.12,312.64,312.16,314.2456,369423,19.5807
2014-06-16,39.20733,39.17,313.52,312.92,314.08,227456,-19.6037
2014-06-17,39.04812,38.99,313.04,311.84,314.72,270863,46.8577
2014-06-18,38.94429,39.01,313.28,310.88,313.6,280068,0.0
2014-06-19,39.11329,39.13,311.2,310.224,313.88,295095,-19.5567
2014-06-20,39.40028,39.32,314.16,313.6,315.48,336013,0.0
2014-06-23,39.15505,39.16,314.32,312.56,314.48,273329,23.493
2014-06-24,39.10231,39.09,312.72,311.92,314.0224,238909,132.948
2014-06-25,39.27502,39.29,312.96,311.12,314.56,257505,-31.42
2014-06-26,39.03099,38.97,313.12,309.92,313.12,251944,0.0
2014-06-27,38.9935,38.98,312.8,310.8,313.12,203422,0.0
2014-06-30,38.85522,38.88,311.52,308.7208,311.7824,228709,-19.4276
2014-07-01,38.84361,38.86,312.16,308.56,312.96,296719,0.0
2014-07-02,38.52585,38.4,309.12,307.12,311.28,331962,0.0
2014-07-03,38.37038,38.25,307.12,305.8808,307.2,180941,-23.0222
2014-07-07,38.17255,38.17,306.16,304.4,306.32,178553,0.0
2014-07-08,38.12388,38.18,306.08,303.84,307.36,302257,26.6867
2014-07-09,37.7194,37.69,303.12,300.96,303.24,729759,0.0
2014-07-10,37.95667,37.9,301.04,300.68,303.88,459065,60.7307
2014-07-11,37.17821,37.16,300.56,296.32,301.2,618401,40.8959
2014-07-14,37.24248,37.32,296.48,295.68,298.8,772788,-37.2425
2014-07-15,36.88979,36.88,294.72,292.64,295.48,553629,55.3347
2014-07-16,37.28586,37.31,296.64,296.5592,299.12,523007,67.1146
2014-07-17,37.87837,37.83,302.72,299.84,303.28,809713,-30.3027
2014-07-18,37.78502,37.72,302.32,301.36,303.2,421076,-64.2345
2014-07-21,38.1204,38.1,302.72,302.16,305.28,433604,-26.6843
2014-07-22,37.94556,37.95,304.56,302.88,304.56,185741,0.0
2014-07-23,38.2155,38.16,304.4,303.92,306.4,282181,-11.4646
2014-07-24,37.82574,37.82,305.44,302.08,305.68,343316,-41.6083
2014-07-25,37.83251,37.77,300.08,299.368,304.0,340958,0.0
2014-07-28,37.6749,37.64,300.16,299.12,302.488,274292,-11.3024
2014-07-29,37.41495,37.39,298.24,297.6,300.16,338651,-11.2245
2014-07-30,37.15511,36.92,300.72,294.8,301.44,625687,0.0
2014-07-31,36.37645,36.315,295.12,290.16,295.5992,597335,32.7388
2014-08-01,36.26846,36.19,288.96,287.84,290.36,535507,21.7611
2014-08-04,36.4188,36.48,289.6,289.52,292.44,302700,47.3445
2014-08-05,36.08102,36.16,290.64,287.6,290.8,411213,0.0
2014-08-06,35.91013,35.95,289.92,286.64,290.8,647341,28.7281
2014-08-07,36.06768,36.16,287.76,286.56,289.64,298667,0.0
2014-08-08,36.15197,36.12,289.76,287.84,290.06,281762,21.6912
2014-08-11,36.29312,36.22,289.84,289.528,291.68,235773,0.0
2014-08-12,36.01942,35.99,287.68,286.48,289.04,360690,0.0
2014-08-13,36.11595,36.02,288.32,286.248,289.3592,305461,0.0
2014-08-14,35.12201,35.11,286.72,280.32,286.88,987655,0.0
2014-08-15,35.58442,35.44,281.36,281.04,284.88,665205,28.4675
2014-08-18,34.99679,35.06,280.88,279.04,281.08,347273,34.9968
2014-08-19,34.66393,34.71,280.16,276.64,280.48,503570,-76.2606
2014-08-20,34.88378,34.86,279.04,277.48,279.4392,397771,6.9767
2014-08-21,35.07363,35.09,279.2,278.96,282.04,486017,0.0
2014-08-22,34.9574,34.96,278.64,277.56,280.2392,488314,34.9574
2014-08-25,34.84384,34.87,278.4,277.92,279.64,416920,0.0
2014-08-26,35.03369,35.04,280.8,278.8,281.68,379373,35.0337
2014-08-27,35.0407,35.03,280.24,278.8,281.36,317561,-3.5041
2014-08-28,35.29027,35.32,282.08,280.32,282.72,319361,0.0
2014-08-29,35.81485,35.76,284.64,283.84,286.6,397765,0.0
2014-09-02,34.66435,34.79,282.24,276.8,283.28,754058,0.0
2014-09-03,35.65657,35.55,281.04,280.08,286.08,551875,-21.3939
2014-09-04,35.24925,35.3,283.04,281.12,284.4,441692,10.5747
2014-09-05,34.81584,34.9,282.16,277.28,282.24,568422,0.0
2014-09-08,34.57937,34.7,274.32,274.16,277.6,356900,0.0
2014-09-09,34.58852,34.62,278.08,276.04,278.56,263700,17.2943
2014-09-10,34.18846,34.26,275.36,272.16,275.44,636803,0.0
2014-09-11,34.58357,34.69,271.6,271.3024,278.48,1018837,34.5836
2014-09-12,34.3981,34.38,276.72,274.4,278.4,514107,41.2778
2014-09-15,34.63002,34.56,273.76,273.52,277.28,400170,-58.871
2014-09-16,35.31475,35.25,278.48,278.16,283.36,647569,0.0
2014-09-17,35.08449,35.01,281.92,279.28,282.96,644530,-45.6098
2014-09-18,34.62477,34.62,281.44,276.48,281.52,539092,-58.8621
2014-09-19,34.50008,34.57,276.08,274.56,277.76,425381,0.0
2014-09-22,34.20507,34.19,275.28,272.24,275.68,493551,0.0
2014-09-23,34.46436,34.44,274.24,273.44,277.28,341585,0.0
2014-09-24,34.93068,35.0,276.24,274.48,280.88,768899,6.9862
2014-09-25,34.82867,34.83,280.64,277.2,281.04,533313,0.0
2014-09-26,35.20838,35.16,279.28,278.72,282.56,379327,-24.6459
2014-09-29,35.59467,35.52,280.0,279.84,284.96,416682,0.0
2014-09-30,34.31079,34.41,283.44,273.6,283.84,1449085,-17.1554
2014-10-01,34.1485,34.15,276.8,272.4,279.84,860783,-13.6594
2014-10-02,34.25345,34.37,270.08,269.12,275.3592,1058092,20.5521
2014-10-03,33.77509,33.77,273.36,269.12,274.08,822906,13.51
2014-10-06,33.99953,34.04,270.16,267.28,273.2,567674,0.0
2014-10-07,33.43834,33.44,270.32,266.88,270.48,540473,0.0
2014-10-08,32.87043,33.0,264.56,261.52,264.72,932582,0.0
2014-10-09,32.28734,32.11,261.2,256.08,261.84,990113,45.2022
2014-10-10,32.30811,32.18,257.04,253.88,259.84,949908,61.3854
2014-10-13,32.25684,31.99,256.32,253.708,258.552,635868,0.0
2014-10-14,30.82165,30.85,255.28,245.04,255.36,1926086,18.493
2014-10-15,30.72255,30.67,245.52,242.72,248.08,1828534,0.0
2014-10-16,31.10544,31.1,242.88,241.6,255.28,2384404,0.0
2014-10-17,31.14671,31.25,250.6,248.24,253.04,938850,-43.6054
2014-10-20,31.08862,31.14,248.72,245.28,249.92,756304,0.0
2014-10-21,31.30828,31.3,251.36,247.752,252.8,722343,-50.0932
2014-10-22,30.56014,30.55,251.76,243.64,252.0,1075436,30.5601
2014-10-23,31.15549,31.06,247.2,246.16,250.08,907522,0.0
2014-10-24,30.74527,30.88,246.4,244.0008,247.12,706228,49.1924
2014-10-27,30.74021,30.64,242.32,241.28,246.16,650539,0.0
2014-10-28,30.89915,30.82,245.52,244.56,247.36,510417,0.0
2014-10-29,31.19472,31.23,249.44,248.0,251.6,954148,0.0
2014-10-30,30.78437,30.76,247.12,245.04,248.08,750369,0.0
2014-10-31,30.56381,30.63,241.92,241.52,245.2,585119,3.0564
2014-11-03,29.8948,29.76,244.08,237.24,245.76,2362275,29.8948
2014-11-04,29.29111,29.3,234.48,231.12,234.96,1581837,0.0
2014-11-05,29.85612,29.95,234.8,234.72,240.88,1731394,41.7986
2014-11-06,29.56354,29.6,235.76,234.08,237.52,793964,38.4326
2014-11-07,29.84241,29.76,238.0,237.84,241.04,823132,0.0
2014-11-10,29.372,29.34,241.36,234.16,241.36,937405,29.372
2014-11-11,29.56178,29.42,234.72,232.16,236.72,607452,44.3426
2014-11-12,29.28746,29.14,233.92,232.64,236.56,754071,23.43
2014-11-13,28.15201,28.29,231.44,224.8,231.832,2205791,14.076
2014-11-14,28.78181,28.83,227.28,226.32,231.6,999857,97.8581
2014-11-17,28.71932,28.679,227.68,227.44,230.24,723907,17.2317
2014-11-18,28.33176,28.2,227.84,225.52,228.4,909075,22.6654
2014-11-19,28.27828,28.25,226.88,224.8,228.96,841645,2.8278
2014-11-20,28.79018,28.73,228.08,227.04,230.48,903214,46.0644
2014-11-21,29.0403,29.1,232.48,229.68,233.12,1351004,31.9443
2014-11-24,28.76198,28.74,231.2,229.2,233.84,1056591,0.0
2014-11-25,28.12018,28.03,232.32,224.08,232.56,3099280,5.6241
2014-11-26,27.96792,27.9,223.76,222.8,225.44,1874172,-81.1071
2014-11-28,25.10456,25.58,210.72,203.68,211.36,2532106,-35.1463
2014-12-01,26.18595,26.315,202.48,202.08,211.1192,3248753,10.4743
2014-12-02,25.38108,25.58,206.8,202.56,208.64,2553268,20.3049
2014-12-03,25.57051,25.58,205.12,202.8,207.12,1537942,-17.8994
2014-12-04,25.35383,25.34,201.92,200.8,204.0,864740,0.0
2014-12-05,24.98533,24.96,201.2,197.84,201.92,1438498,42.4751
2014-12-08,23.92911,23.91,195.84,190.64,196.0,1912447,-23.9291
2014-12-09,24.22008,24.2,190.96,189.92,194.56,1508378,24.2201
2014-12-10,23.14533,23.28,189.36,183.56,189.44,3276562,0.0
2014-12-11,22.77739,22.68,183.76,181.04,186.96,2695861,36.4438
2014-12-12,21.97864,21.93,178.64,174.48,178.96,3308579,30.7701
2014-12-15,21.28913,21.06,175.68,167.76,176.4,3217964,83.0275
2014-12-16,21.28882,21.3,165.2,164.24,173.84,5962001,-6.3866
2014-12-17,21.48898,21.34,167.68,166.8,179.4392,5928056,174.061
2014-12-18,20.56894,20.74,173.44,164.32,174.0,4141295,111.072
2014-12-19,21.61681,21.96,169.84,167.44,176.8,3480117,25.9402
2014-12-22,20.90842,20.92,171.12,166.88,171.12,2572707,41.8169
2014-12-23,21.61184,21.56,167.52,167.52,174.176,2022329,90.7696
2014-12-24,21.12727,21.05,169.52,166.72,169.6,1220322,-29.5782
2014-12-26,20.70656,20.78,169.76,165.04,169.76,1569310,0.0
2014-12-29,20.28184,20.3,167.6,160.16,167.6008,2700737,-20.2818
2014-12-30,20.47453,20.293,162.48,161.36,164.4,2138472,20.4745
2014-12-31,20.15267,20.36,160.08,158.7208,163.32,3037665,16.1221
2015-01-02,19.93271,19.89,159.76,157.52,162.8,2638311,1.9933
2015-01-05,18.92938,18.79,154.64,150.32,154.88,3937443,98.4327
2015-01-06,18.13093,18.05,148.48,144.0,149.6,5279372,56.2059
2015-01-07,18.39233,18.369,146.4,144.4,149.2,3916571,125.068
2015-01-08,18.45541,18.55,146.24,144.48,148.72,3338185,46.1386
2015-01-09,18.3324,18.28,147.2,142.88,148.0,3312776,69.6631
2015-01-12,17.49644,17.41,142.08,139.12,142.08,3845306,152.219
2015-01-13,17.40266,17.62,138.0,136.8,141.864,4125962,40.0262
2015-01-14,18.31914,18.27,139.6,138.16,147.8,5296166,75.1084
2015-01-15,17.48448,17.45,148.32,139.36,148.88,6261590,52.4535
2015-01-16,18.38215,18.33,141.92,141.76,147.68,4717326,0.0
2015-01-20,17.38579,17.48,141.36,138.8,142.8,3563369,-15.6473
2015-01-21,17.87562,17.77,141.76,140.8,144.24,2957983,92.9532
2015-01-22,17.32538,17.41,142.72,137.28,143.52,4722639,39.8484
2015-01-23,17.05572,17.0,137.44,135.68,139.76,4067657,102.334
2015-01-26,16.89033,16.87,136.0,134.88,138.8,3548132,-11.8232
2015-01-27,17.29406,17.21,135.36,135.2,139.28,2901327,183.317
2015-01-28,16.62791,16.56,135.68,132.0,136.72,5010627,79.814
2015-01-29,16.65759,16.68,134.4,130.4,134.48,3577385,0.0
2015-01-30,18.04492,17.82,133.92,133.84,144.56,5995182,-34.2853
2015-02-02,18.54195,18.62,147.2,143.44,149.6,5189969,-18.5419
2015-02-03,19.84341,19.62,151.6,150.88,162.32,9557622,-105.17
2015-02-04,18.12251,18.28,152.64,143.6,152.8,8318592,52.5553
2015-02-05,18.88156,19.03,147.92,147.84,155.84,6273274,28.3223
2015-02-06,19.33389,19.47,153.48,152.88,159.04,5191267,38.6676
2015-02-09,19.76848,19.77,158.24,157.44,161.44,4354897,0.0
2015-02-10,18.73194,18.94,156.72,149.36,156.8,4217723,-35.5906
2015-02-11,18.30341,18.51,147.92,144.08,149.68,4519533,0.0
2015-02-12,19.17768,19.18,152.32,149.2,154.48,3990529,57.5331
2015-02-13,19.73261,19.62,157.84,155.68,159.76,3862982,31.5723
2015-02-17,19.95949,19.79,155.04,151.92,161.52,3811404,-59.8785
2015-02-18,19.41881,19.26,156.4,153.36,158.6392,3145071,23.3025
2015-02-19,19.05459,19.1,147.6,147.12,155.04,6027517,-40.0147
2015-02-20,18.67932,18.65,152.56,149.12,153.36,3568042,112.076
2015-02-23,18.17861,18.11,145.36,144.16,148.72,6229329,0.0
2015-02-24,18.11588,18.04,147.28,144.16,147.7608,2277099,23.5507
2015-02-25,18.74419,18.65,145.2,142.56,150.4,4786510,46.8605
2015-02-26,17.70729,18.03,146.24,140.64,147.44,5014590,0.0
2015-02-27,18.29134,18.1,144.88,142.56,146.8,3558793,18.2913
2015-03-02,18.22839,18.32,145.04,144.168,150.08,2988467,45.5709
2015-03-03,18.56999,18.49,146.56,145.44,149.36,2859316,25.9979
2015-03-04,18.94101,19.01,149.68,145.9192,152.8,4095292,0.0
2015-03-05,18.65772,18.71,150.72,148.88,152.8,2845652,-41.047
2015-03-06,18.23477,18.24,147.28,143.76,148.4,3431995,-18.2347
2015-03-09,18.35783,18.35,145.44,145.12,149.08,2466120,95.4606
2015-03-10,17.76054,17.91,144.72,141.92,145.92,3344226,17.7606
2015-03-11,17.73534,17.77,142.72,139.52,142.8,3726269,-79.8089
2015-03-12,17.41898,17.44,142.16,138.72,142.48,2975614,127.159
2015-03-13,16.68481,16.8001,137.2,133.32,137.36,5575760,0.0
2015-03-16,16.35442,16.35,131.76,128.0,131.92,4962718,107.939
2015-03-17,16.02089,15.96,128.4,127.2,129.92,3909250,259.538
2015-03-18,16.53827,16.76,125.44,124.88,134.24,6803462,62.8454
2015-03-19,16.14095,16.08,127.52,127.28,130.72,4052596,227.587
2015-03-20,16.50941,16.43,132.4,131.04,134.4,3674469,-16.5094
2015-03-23,16.8207,16.78,131.68,131.52,135.04,2645054,-95.8779
2015-03-24,16.84173,16.79,135.76,133.68,136.08,2656111,0.0
2015-03-25,17.44411,17.36,136.4,134.32,140.24,3994238,-38.377
2015-03-26,18.23075,18.21,143.44,141.2,146.4,5439214,-18.2308
2015-03-27,17.32299,17.14,143.28,136.96,143.28,3954142,-109.135
2015-03-30,17.25479,17.23,138.4,135.04,139.36,3259449,-150.117
2015-03-31,16.87174,16.84,135.92,134.32,137.92,2884622,33.7435
2015-04-01,17.75411,17.58,136.0,135.44,143.04,4369240,0.0
2015-04-02,17.41716,17.56,138.96,136.48,141.44,4674102,-8.7086
2015-04-06,18.47953,18.43,142.8,141.52,148.08,5161614,-57.2866
2015-04-07,19.13144,19.06,145.84,145.44,153.44,5493672,-95.6572
2015-04-08,17.89333,18.07,149.68,143.04,150.0,4861588,12.5255
2015-04-09,18.06507,18.03,145.12,144.0,147.92,2348746,-90.3253
2015-04-10,18.40315,18.41,145.28,145.04,147.76,2039131,68.0915
2015-04-13,18.48096,18.5,149.84,146.72,150.36,2315577,51.7467
2015-04-14,18.86937,18.82,149.84,149.1192,152.24,2729731,0.0
2015-04-15,19.83889,19.71,152.24,151.44,159.2392,6516921,-41.6618
2015-04-16,19.98306,19.94,157.44,155.72,161.76,4219193,-35.9696
2015-04-17,19.71108,19.84,158.32,156.4,160.52,2723784,-183.313
2015-04-20,19.90287,19.89,156.88,156.8,161.28,3107889,-51.7473
2015-04-21,19.46585,19.45,158.56,154.4,159.68,2903989,-70.0773
2015-04-22,19.31087,19.36,155.68,154.08,157.28,2161831,0.0
2015-04-23,19.85392,19.76,156.0,155.76,160.64,3176180,0.0
2015-04-24,19.65078,19.67,156.72,155.36,157.84,2414700,0.0
2015-04-27,19.595,19.52,158.24,155.5192,159.2,1974108,-15.6761
2015-04-28,19.61881,19.6,156.96,156.2,159.04,2605850,-51.0087
2015-04-29,20.14118,20.12,157.12,157.04,163.2,3916665,0.0
2015-04-30,20.50194,20.51,161.2,160.72,164.4,2384364,-22.5523
2015-05-01,20.33664,20.4,162.4,160.44,163.36,1818252,40.6733
2015-05-04,20.26009,20.28,162.08,160.8,162.48,1754456,-97.2484
2015-05-05,20.76522,20.76,166.56,165.84,168.0,3483209,51.9131
2015-05-06,20.94324,20.82,169.92,166.52,172.0,4421864,-56.5467
2015-05-07,20.2491,20.2,166.32,160.88,166.4,3068038,-8.0995
2015-05-08,20.39591,20.42,162.48,159.76,163.84,2185882,-24.4751
2015-05-11,20.37426,20.38,163.84,161.44,164.32,1593679,-48.8984
2015-05-12,20.86404,20.74,163.92,163.6,168.0,2444174,0.0
2015-05-13,20.77929,20.61,168.52,164.88,169.6,2971680,-20.7793
2015-05-14,20.55936,20.53,166.4,163.2008,167.12,2141220,-20.5594
2015-05-15,20.45771,20.52,161.16,160.4,164.4,2107348,-30.6865
2015-05-18,20.35555,20.44,163.52,161.804,164.4,1969953,40.7111
2015-05-19,19.59499,19.63,159.68,156.64,160.16,3565047,0.0
2015-05-20,19.92922,19.84,158.72,157.2792,159.76,2844483,-79.717
2015-05-21,20.51689,20.5,162.16,161.6,164.72,3321700,-59.4988
2015-05-22,20.17866,20.25,160.8,160.72,162.56,1606779,-125.108
2015-05-26,19.60653,19.69,158.48,156.0,159.2,2549415,0.0
2015-05-27,19.43058,19.48,155.68,155.12,157.716,2437097,69.95
2015-05-28,19.48778,19.56,153.76,152.7288,156.48,3356010,27.2829
2015-05-29,20.3722,20.31,156.88,156.8,164.0,3994233,97.7866
2015-06-01,20.33808,20.36,162.88,160.32,163.84,1935475,-107.792
2015-06-02,20.69591,20.68,164.24,163.28,166.4,2275820,-60.0183
2015-06-03,20.14832,20.17,163.92,160.4,165.92,2090672,14.1039
2015-06-04,19.59402,19.66,159.36,156.4,159.7992,2546885,-19.594
2015-06-05,19.9755,19.9,154.0,153.84,160.0,2639273,17.978
2015-06-08,19.64022,19.71,158.0,156.4,159.12,1432137,27.4962
2015-06-09,20.3137,20.21,161.6,161.12,163.12,1962007,16.251
2015-06-10,20.73349,20.64,166.32,163.4,166.4,2833490,-33.1736
2015-06-11,20.52602,20.49,164.96,162.64,164.96,1160639,-28.7364
2015-06-12,20.25026,20.27,162.08,161.52,163.24,1211600,-32.4004
2015-06-15,20.11537,20.15,159.6,159.52,161.6,1256467,0.0
2015-06-16,20.26593,20.26,161.36,161.04,162.72,805247,131.729
2015-06-17,20.22542,20.21,164.96,159.2,165.28,2466847,60.6763
2015-06-18,20.38936,20.36,162.72,161.36,163.6,1858017,-57.0903
2015-06-19,20.10414,20.02,160.32,158.88,161.2,1774218,0.0
2015-06-22,20.24082,20.16,159.36,159.024,162.036,1408365,30.3612
2015-06-23,20.45177,20.47,160.16,159.68,164.56,2267029,0.0
2015-06-24,20.20341,20.21,162.96,160.32,164.96,2670690,-80.8137
2015-06-25,20.01207,19.98,160.4,159.36,160.96,1508495,0.0
2015-06-26,19.98834,19.98,158.32,157.84,160.72,1364361,-29.9825
2015-06-29,19.5518,19.51,156.72,155.92,157.84,2362300,78.2073
2015-06-30,19.93353,19.88,157.92,157.2,160.0,1841569,-109.634
2015-07-01,19.09194,19.1,156.32,152.0,156.64,3128242,-3.8183
2015-07-02,19.08164,18.93,153.28,151.44,155.36,2300307,0.0
2015-07-06,17.60587,17.73,146.56,140.64,146.64,5214381,-3.5213
2015-07-07,17.53861,17.76,140.72,135.6,143.28,5459004,45.6005
2015-07-08,17.31532,17.38,140.96,136.56,141.6,2958593,325.528
2015-07-09,17.69345,17.71,142.4,140.24,143.28,2158292,8.8467
2015-07-10,17.68682,17.67,141.2,139.36,142.4,2132975,-30.0678
2015-07-13,17.5161,17.51,139.2,138.8,142.64,2103157,26.2742
2015-07-14,17.77176,17.72,138.8,138.56,142.88,2475304,-26.6576
2015-07-15,17.20992,17.23,140.0,137.2,141.6,3573811,34.4199
2015-07-16,17.02693,17.05,139.12,136.0,139.1744,2428515,-8.5135
2015-07-17,17.01674,16.99,136.32,134.24,136.4,2976490,0.0
2015-07-20,16.76021,16.69,135.44,133.52,135.76,2055689,0.0
2015-07-21,16.89954,16.91,134.72,134.24,136.64,1602141,81.118
2015-07-22,16.34443,16.34,133.24,130.4,134.48,3386963,0.0
2015-07-23,16.09833,16.14,131.52,128.16,131.92,2836522,48.2949
2015-07-24,15.99511,16.03,129.44,126.88,129.44,2905769,47.9854
2015-07-27,15.7453,15.65,126.48,125.12,127.2,4755173,15.7453
2015-07-28,15.94107,15.85,126.08,125.12,128.7208,2749610,170.569
2015-07-29,16.20991,16.24,126.56,126.4,131.6,4339960,-24.3149
2015-07-30,16.11996,16.1,129.68,128.48,130.96,1733941,128.959
2015-07-31,15.65462,15.59,128.96,124.32,129.12,3075246,-15.6546
2015-08-03,15.00615,15.1,122.32,119.84,123.72,4349038,-45.0184
2015-08-04,15.19536,15.22,121.68,120.8,122.88,1817792,13.676
2015-08-05,14.99915,15.03,122.48,119.2,124.12,3325953,44.9974
2015-08-06,14.83614,14.87,118.8,117.44,119.2,2991626,103.853
2015-08-07,14.5785,14.56,117.76,116.16,118.2392,2475527,-21.8678
2015-08-10,14.97214,14.89,116.16,115.84,119.88,2560342,82.3467
2015-08-11,14.37468,14.49,115.84,114.16,116.32,3177361,-11.4998
2015-08-12,14.41983,14.44,116.16,114.24,116.64,2300670,38.9334
2015-08-13,14.08217,14.09,114.24,111.84,114.24,3308044,42.2466
2015-08-14,14.12457,13.99,113.36,111.84,114.16,2085749,42.3737
2015-08-17,13.89469,13.89,112.4,110.88,113.28,2080840,0.0
2015-08-18,14.12714,14.05,111.44,110.72,113.68,1932507,-9.8889
2015-08-19,13.52085,13.43,111.84,107.28,112.24,4487395,0.0
2015-08-20,13.53703,13.37,108.4,106.8,109.6,3940029,81.222
2015-08-21,13.25185,13.23,107.68,104.48,108.52,3927345,-19.8778
2015-08-24,12.52732,12.49,100.96,98.96,103.52,6165118,62.6366
2015-08-25,12.87771,12.73,104.16,101.68,104.4,4038160,0.0
2015-08-26,12.64496,12.77,102.8,100.96,104.0,4054947,25.2899
2015-08-27,13.942,13.95,104.4,104.32,112.0,7021272,111.536
2015-08-28,14.81311,14.88,110.64,110.64,120.2392,8598009,-106.654
2015-08-31,16.11628,15.89,117.36,114.24,129.2,10985719,0.0
2015-09-01,14.87458,14.81,123.84,117.52,124.72,7173325,-58.0109
2015-09-02,15.14947,15.09,120.88,113.28,122.56,7385075,-209.063
2015-09-03,15.31301,15.34,121.84,120.4,126.8,5712142,21.4381
2015-09-04,15.08352,15.08,121.64,119.84,122.72,2765487,-45.2505
2015-09-08,15.04675,15.02,119.28,116.64,121.6,3644586,-15.0467
2015-09-09,14.46181,14.51,119.92,115.6,120.48,2731409,86.7709
2015-09-10,15.0157,14.93,116.88,115.76,120.4,2436790,37.5392
2015-09-11,14.59907,14.65,116.96,115.52,118.88,3214239,-58.3963
2015-09-14,14.36203,14.39,115.36,114.0,116.16,2223892,0.0
2015-09-15,14.54611,14.57,115.84,114.76,117.44,2153034,0.0
2015-09-16,15.35727,15.36,119.28,118.48,123.44,5533085,33.7859
2015-09-17,15.25686,15.23,123.04,121.04,124.28,3551766,-76.2844
2015-09-18,14.55201,14.62,118.96,115.36,119.8,3599753,-21.828
2015-09-21,15.17855,15.05,119.36,118.56,121.52,2887370,98.6607
2015-09-22,14.98444,14.92,118.16,117.36,120.24,3544634,-43.4548
2015-09-23,14.37659,14.44,120.64,114.8,121.92,4620523,0.0
2015-09-24,14.51536,14.59,114.32,113.888,116.8,3334299,-101.608
2015-09-25,14.77049,14.72,118.48,116.8,119.84,2783441,44.3115
2015-09-28,14.35937,14.38,115.6,114.56,117.2,2541428,-71.7969
2015-09-29,14.61773,14.61,116.08,115.6,118.08,1837554,0.0
2015-09-30,14.57227,14.68,116.4,115.68,118.56,3060840,-14.5723
2015-10-01,14.45893,14.58,121.2,115.44,121.6,4043958,21.6884
2015-10-02,14.71721,14.77,114.32,113.68,118.4,3491458,-73.5859
2015-10-05,14.94928,15.0,120.24,119.04,121.28,2897723,224.239
2015-10-06,15.68261,15.74,120.88,120.64,126.0,5568081,-56.4575
2015-10-07,15.45778,15.57,127.44,123.36,128.4,5104097,6.1832
2015-10-08,15.97442,16.04,125.28,124.5592,129.36,3707567,-19.1695
2015-10-09,16.02338,15.99,128.32,127.04,129.592,3722326,80.1169
2015-10-12,15.21372,15.31,127.92,121.6,127.92,3620139,-12.1708
2015-10-13,15.0665,15.06,121.44,119.92,124.992,3733813,-57.2527
2015-10-14,15.0695,15.05,119.84,118.8,121.28,2345466,-10.5486
2015-10-15,14.9766,15.13,118.48,117.04,121.12,4521071,104.836
2015-10-16,15.24798,15.22,122.24,119.28,122.56,2893051,-30.496
2015-10-19,14.78723,14.83,119.28,118.1768,120.16,2648726,66.5426
2015-10-20,14.7902,14.73,118.4,116.88,119.92,2532209,53.2445
2015-10-21,14.44172,14.43,116.0,114.72,117.32,3319378,0.0
2015-10-22,14.49902,14.51,116.96,114.8,117.84,2078154,-36.2475
2015-10-23,14.24962,14.27,113.84,113.04,115.12,3346845,32.7742
2015-10-26,14.05094,14.01,113.44,112.0,113.6,2644315,85.7108
2015-10-27,13.80155,13.82,109.68,108.88,110.8,3298110,0.0
2015-10-28,14.67673,14.69,111.76,111.28,117.6,6116984,44.0303
2015-10-29,14.71486,14.63,117.68,116.64,119.52,2749212,-88.2892
2015-10-30,14.88376,14.81,117.28,116.5608,120.16,2415291,-52.0931
2015-11-02,14.7396,14.75,117.52,117.16,119.36,2009445,70.75
2015-11-03,15.30163,15.28,120.32,119.52,123.6,4542542,0.0
2015-11-04,14.79669,14.85,121.6,118.0,122.24,3222873,-34.0322
2015-11-05,14.43871,14.48,117.36,115.36,118.72,3267376,0.0
2015-11-06,14.14784,14.23,114.32,112.8,114.96,2799958,63.6652
2015-11-09,14.01891,14.08,112.8,111.6,113.84,2782214,112.151
2015-11-10,14.12224,14.09,112.0,111.92,114.32,1985974,40.9544
2015-11-11,13.73028,13.76,112.48,109.12,112.7064,3019282,27.4605
2015-11-12,13.36615,13.35,107.6,106.56,109.6,4195873,45.4447
2015-11-13,13.046,13.06,105.6,103.28,105.84,4322937,178.73
2015-11-16,13.29087,13.39,104.0,102.48,107.44,4723427,54.4925
2015-11-17,12.95522,13.01,105.36,103.52,105.76,2872347,80.3225
2015-11-18,13.02959,13.05,105.12,102.64,105.6,3094347,15.6356
2015-11-19,12.95798,12.96,103.36,102.88,104.24,2807155,62.1982
2015-11-20,13.01371,12.93,103.52,102.88,106.24,4722020,75.4794
2015-11-23,12.96661,13.02,102.72,102.56,105.88,3630652,0.0
2015-11-24,13.3143,13.32,106.8,105.56,108.0,3195022,47.9316
2015-11-25,13.36691,13.39,104.88,103.68,107.36,3389629,44.1109
2015-11-27,12.95347,13.03,104.72,104.0,104.88,1327445,-7.7722
2015-11-30,12.93432,12.93,105.44,103.2,105.84,2770029,12.9343
2015-12-01,12.99626,12.95,103.36,102.64,104.88,2457339,-15.5955
2015-12-02,12.40294,12.48,102.16,99.04,104.24,6567971,-57.0536
2015-12-03,12.75677,12.77,100.72,99.6,103.76,4499681,6.3784
2015-12-04,12.41192,12.46,99.6,98.64,101.04,5235564,19.8592
2015-12-07,11.69099,11.72,96.16,93.2,96.6,6665798,0.0
2015-12-08,11.63618,11.68,92.16,91.6,95.72,4946712,29.0905
2015-12-09,11.53799,11.56,94.16,91.44,96.48,4858883,96.9193
2015-12-10,11.44149,11.37,91.52,90.64,92.56,4218233,48.0541
2015-12-11,11.08952,11.07,90.4,88.0,90.64,5557615,33.2685
2015-12-14,11.19328,11.16,87.76,86.32,90.432,4893520,16.7899
2015-12-15,11.46404,11.4,90.64,90.0,93.2,4486513,30.9531
2015-12-16,10.93996,10.99,89.84,87.04,90.68,4548408,0.0
2015-12-17,10.79693,10.74,87.6,85.68,87.6,3758079,21.5939
2015-12-18,10.73427,10.66,86.48,84.96,87.92,4639068,41.8635
2015-12-21,10.65945,10.66,84.8,84.16,85.96,3316548,63.9566
2015-12-22,10.75755,10.77,85.44,85.28,87.04,2742772,-26.8939
2015-12-23,11.16225,11.26,88.48,88.0,90.32,4919259,0.0
2015-12-24,11.34071,11.3,90.72,89.84,90.8,2379767,0.0
2015-12-28,10.95618,10.93,88.48,87.28,88.56,2561987,28.4862
2015-12-29,11.27157,11.26,89.28,89.2,90.32,2948144,-1.1272
2015-12-30,10.89343,10.93,87.68,86.72,88.0,3099548,-21.7869
2015-12-31,11.02426,11.0,86.72,86.56,89.92,3795286,-36.3799
2016-01-04,10.94041,10.98,90.08,86.56,91.36,4529589,38.2915
2016-01-05,10.70519,10.66,86.4,85.12,86.96,4021702,9.6346
2016-01-06,10.10993,10.11,82.4,80.44,83.76,9135882,0.0
2016-01-07,9.90211,9.9,79.12,78.8,81.6,6499718,80.2073
2016-01-08,9.86075,9.8,79.6,77.68,80.16,5586047,65.0807
2016-01-11,9.34197,9.25,77.76,73.6,78.08,10285045,32.697
2016-01-12,9.05412,9.17,75.44,71.2,75.84,12760658,93.2577
2016-01-13,9.01666,9.09,74.4,71.44,75.12,12569463,101.888
2016-01-14,9.22338,9.23,73.12,72.32,74.72,5953412,31.3594
2016-01-15,8.72921,8.79,70.32,69.12,71.16,11602613,-27.0603
2016-01-19,8.49327,8.49,70.0,67.6,70.16,7540324,93.4257
2016-01-20,8.14278,8.24,66.72,63.36,66.96,10401950,19.5426
2016-01-21,8.48159,8.56,64.8,64.48,69.52,10902175,119.59
2016-01-22,9.24548,9.27,72.72,71.76,74.32,7819526,83.2095
2016-01-25,8.71381,8.54,71.52,68.32,72.96,6934880,38.3407
2016-01-26,9.0325,8.97,70.48,69.92,74.48,6430597,130.068
2016-01-27,9.27652,9.18,71.36,70.32,75.4,8928711,-4.6383
2016-01-28,9.54065,9.7,78.4,75.28,78.88,8268882,0.0
2016-01-29,9.65541,9.65,78.16,75.04,79.04,5901219,0.0
2016-02-01,9.08096,9.02,74.76,71.92,74.88,6111230,-54.4856
2016-02-02,8.58115,8.57,69.76,68.48,70.48,5554689,34.3245
2016-02-03,9.27033,9.34,70.72,68.32,74.8,9030785,18.5406
2016-02-04,9.10941,9.12,76.4,72.48,77.2,5623152,0.0
2016-02-05,8.87096,8.91,72.32,70.4,73.84,4355950,0.0
2016-02-08,8.52606,8.64,70.16,68.16,70.56,4787287,0.0
2016-02-09,8.02068,8.18,68.08,63.76,69.36,7226552,24.0621
2016-02-10,7.93904,7.96,63.76,63.12,67.2,8022853,31.7563
2016-02-11,7.68222,7.9923,62.56,61.36,64.24,11998840,218.944
2016-02-12,8.50241,8.33,65.28,64.08,68.16,8488396,62.918
2016-02-16,8.25159,8.31,67.96,65.44,68.16,6118756,90.7672
2016-02-17,8.78711,8.78,67.44,67.12,71.2,7534179,52.7227
2016-02-18,8.77371,8.66,72.24,69.2,72.56,6923760,-8.7737
2016-02-19,8.45923,8.55,68.4,66.8,68.76,5945325,-50.7555
2016-02-22,8.89594,8.91,71.24,70.72,72.08,6746510,19.5712
2016-02-23,8.49091,8.48,70.08,67.44,70.08,7803403,12.7364
2016-02-24,8.56543,8.59,65.52,65.12,69.04,6023732,0.0
2016-02-25,8.81046,8.8,67.84,66.24,71.3488,4938338,-14.0968
2016-02-26,8.73312,8.78,73.12,69.6,73.28,7349927,8.7331
2016-02-29,8.9913,9.0,70.88,70.24,72.32,6325547,-72.8297
2016-03-01,9.16442,9.15,71.84,71.12,74.04,5950670,-5.4987
2016-03-02,9.23349,9.3,72.08,71.52,74.88,6188485,-27.7005
2016-03-03,9.20944,9.25,73.04,72.88,75.28,4296735,0.0
2016-03-04,9.569,9.65,74.32,73.44,77.2,6121727,-19.138
2016-03-07,10.09629,10.11,77.44,77.36,81.16,8387155,0.0
2016-03-08,9.72729,9.65,80.32,77.2,80.32,5712568,-136.182
2016-03-09,10.17416,10.15,78.96,78.8,81.68,5498168,-50.8709
2016-03-10,10.01609,10.04,79.68,79.04,80.96,4136206,-63.1011
2016-03-11,10.19095,10.19,81.68,80.48,82.32,3518001,-97.8331
2016-03-14,9.87291,9.88,79.36,78.08,79.44,4664589,0.0
2016-03-15,9.67966,9.7,77.84,76.72,77.9512,4433882,0.0
2016-03-16,10.16763,10.18,79.28,79.28,81.6,4788968,0.0
2016-03-17,10.5895,10.55,82.96,82.32,84.8,5133832,-74.1265
2016-03-18,10.45723,10.48,85.68,83.44,86.4,4864946,-26.1431
2016-03-21,10.55355,10.59,84.0,82.88,84.96,4374413,-21.1071
2016-03-22,10.5357,10.54,83.28,83.04,85.12,3535921,-67.4283
2016-03-23,10.11368,10.11,82.64,80.64,82.96,5024270,0.0
2016-03-24,10.02972,10.06,78.24,77.92,80.8,6322041,0.0
2016-03-28,10.01161,10.01,80.08,78.968,80.48,3406009,0.0
2016-03-29,9.72943,9.8,77.68,77.04,78.5592,4371819,-9.7294
2016-03-30,9.73953,9.73,79.92,77.6,81.04,4619327,0.0
2016-03-31,9.74454,9.7,77.44,77.36,79.36,4086556,0.0
2016-04-01,9.35051,9.3292,75.28,74.56,75.64,5033257,-65.4535
2016-04-04,9.07329,9.08,74.56,72.4,75.68,4840889,7.2585
2016-04-05,9.12154,9.13,72.56,71.92,73.52,5333546,25.5405
2016-04-06,9.59425,9.6,75.04,74.56,77.04,5712074,9.5943
2016-04-07,9.47022,9.51,75.92,74.664,76.3992,3525628,28.4108
2016-04-08,10.08982,10.03,79.8,79.44,80.88,5894558,43.3861
2016-04-11,10.2701,10.28,81.52,81.2,82.72,3633467,-30.8104
2016-04-12,10.70011,10.64,82.96,82.48,85.76,7083087,-21.4002
2016-04-13,10.57949,10.51,84.72,83.84,85.92,5366750,-89.9257
2016-04-14,10.49578,10.465,84.64,83.36,85.2,3969684,-31.4872
2016-04-15,10.25956,10.25,82.24,81.04,82.64,4372621,-59.5053
2016-04-18,10.13141,10.17,78.72,78.32,81.92,4874692,-10.1314
2016-04-19,10.44616,10.44,82.0,81.76,84.32,4684982,-68.9449
2016-04-20,10.86666,10.775,81.92,81.6,87.04,5312650,-46.7266
2016-04-21,10.62058,10.71,85.68,84.64,86.56,3392485,0.0
2016-04-22,10.75578,10.76,86.0,85.52,87.44,3745524,-48.4009
2016-04-25,10.48746,10.55,86.24,83.76,86.48,2746975,-6.2925
2016-04-26,10.83175,10.81,85.28,84.96,86.96,2398776,0.0
2016-04-27,11.14895,11.14,88.2,86.08,89.72,4740109,-31.2172
2016-04-28,11.32104,11.22,89.28,88.8,90.72,3116990,-39.6237
2016-04-29,11.2938,11.3,91.36,88.96,92.0,4350264,-63.2451
2016-05-02,11.01327,11.05,89.92,87.6,90.0,2701796,-55.0662
2016-05-03,10.73534,10.74,86.88,85.24,87.04,3551523,35.4264
2016-05-04,10.7673,10.79,87.44,85.04,88.2904,3107028,-11.8441
2016-05-05,10.90004,10.9,89.84,86.48,89.92,4269870,0.0
2016-05-06,10.98359,10.96,86.48,86.24,89.2,3299585,-5.4918
2016-05-09,10.67977,10.68,86.88,85.12,87.28,2767886,0.0
2016-05-10,10.98938,10.99,86.0,85.76,88.16,2631890,0.0
2016-05-11,11.38719,11.34,87.28,86.8,91.36,3667274,0.0
2016-05-12,11.49328,11.45,92.2,89.76,92.24,2993300,-19.5383
2016-05-13,11.35998,11.37,90.8,90.16,91.44,1903755,-45.44
2016-05-16,11.72792,11.76,93.44,93.04,94.32,3339176,-11.7279
2016-05-17,11.86593,11.92,94.0,93.68,95.44,2788866,0.0
2016-05-18,11.81499,11.7,94.8,93.6,96.0,3678183,-12.9966
2016-05-19,11.78827,11.79,92.64,91.528,94.4,2737810,-11.7882
2016-05-20,11.72522,11.75,94.32,92.88,94.88,2402505,-23.4505
2016-05-23,11.64505,11.66,92.08,91.92,93.5136,2035133,-20.9613
2016-05-24,11.77577,11.82,93.36,93.28,94.8,2136608,-69.4769
2016-05-25,12.00337,12.03,95.36,94.28,96.4,3142441,-12.0034
2016-05-26,11.98392,11.95,96.88,95.36,96.96,2707217,-29.9598
2016-05-27,11.94751,11.98,94.72,94.4,95.92,1761131,-40.6214
2016-05-31,11.89148,11.87,95.84,94.56,97.04,2106342,-29.7288
2016-06-01,11.86962,11.93,92.96,92.48,95.44,3194140,-27.3
2016-06-02,11.90834,11.86,93.36,93.2,95.68,2800262,-30.9617
2016-06-03,11.77507,11.82,95.12,93.6,95.12,2396243,0.0
2016-06-06,12.034,12.04,96.08,95.2,96.64,2926280,48.136
2016-06-07,12.1962,12.22,96.8,96.56,97.92,2280962,-28.0515
2016-06-08,12.40886,12.43,98.72,98.2,99.6,3312535,-22.3358
2016-06-09,12.25307,12.25,97.52,97.52,98.56,2253467,0.0
2016-06-10,11.89322,11.87,96.16,94.64,96.8,2627678,0.0
2016-06-13,11.8448,11.76,93.68,93.6,95.52,2270492,0.0
2016-06-14,11.73473,11.73,93.84,93.28,94.3192,1980302,11.7348
2016-06-15,11.60072,11.47,92.56,91.44,94.24,2918805,0.0
2016-06-16,11.17968,11.14,91.2,88.88,91.3296,3883583,0.0
2016-06-17,11.61495,11.66,91.6,91.12,93.36,4365224,11.6149
2016-06-20,11.94962,11.91,94.56,94.08,95.68,3259656,0.0
2016-06-21,11.92325,11.89,94.04,93.52,95.52,2727881,0.0
2016-06-22,11.75097,11.74,95.92,92.64,96.32,3257093,0.0
2016-06-23,11.98531,11.98,95.36,94.24,96.0,2368435,0.0
2016-06-24,11.39447,11.4,91.04,90.88,92.64,4098068,0.0
2016-06-27,11.08097,11.19,89.76,87.68,89.76,3229664,15.5133
2016-06-28,11.44446,11.47,91.2,89.608,91.76,2922877,45.7777
2016-06-29,11.92992,11.81,92.4,92.0,95.68,3102712,35.7898
2016-06-30,11.55913,11.57,93.28,92.16,94.316,2756090,0.0
2016-07-01,11.7169,11.78,92.16,92.0,94.24,2570888,-46.8675
2016-07-05,11.14499,11.18,90.8,88.7192,90.96,3770285,0.0
2016-07-06,11.34348,11.33,88.72,88.1,91.28,2179524,40.8367
2016-07-07,10.79678,10.79,92.0,85.88,92.32,4539441,-5.3984
2016-07-08,10.8616,10.83,87.28,85.68,87.6,2692583,0.0
2016-07-11,10.71618,10.65,87.28,85.12,87.6,2100743,-16.0743
2016-07-12,11.19836,11.19,88.32,87.12,89.84,3828093,11.1984
2016-07-13,10.69685,10.75,88.56,85.2,89.2,4293168,0.0
2016-07-14,10.92748,10.87,86.88,86.08,87.6,2683241,10.9275
2016-07-15,10.98156,10.99,87.92,87.12,88.612,2957015,0.0
2016-07-18,10.81422,10.82,86.32,85.76,87.04,2480280,-12.9772
2016-07-19,10.69881,10.7,86.32,85.44,86.56,2223179,10.6988
2016-07-20,10.76937,10.73,84.4,84.08,86.8,3318990,0.0
2016-07-21,10.5339,10.49,85.44,83.92,86.0,2542980,0.0
2016-07-22,10.40202,10.42,83.92,82.4,84.0,2811778,-10.402
2016-07-25,10.15231,10.13,81.6,80.88,81.84,3042163,15.2285
2016-07-26,10.10283,10.08,80.8,80.16,81.34,2977274,32.3291
2016-07-27,9.86737,9.9,80.8,78.48,81.36,3619341,24.6684
2016-07-28,9.68371,9.67,78.8,77.28,79.12,3546301,41.6397
2016-07-29,9.79177,9.76,77.04,76.4,78.48,3188434,12.7295
2016-08-01,9.42924,9.41,76.96,75.04,77.172,4745970,66.0048
2016-08-02,9.29976,9.33,76.72,73.92,77.04,3786734,79.9779
2016-08-03,9.6104,9.69,74.8,73.84,77.52,4553718,7.6882
2016-08-04,9.86926,9.84,76.52,76.32,79.28,3780071,12.8299
2016-08-05,9.8386,9.86,78.64,77.28,78.96,3856123,31.4837
2016-08-08,10.12557,10.1,80.24,80.16,81.68,3611362,0.0
2016-08-09,10.06596,10.07,81.52,80.08,81.92,3217803,0.0
2016-08-10,9.82045,9.77,80.8,78.0,81.68,3878978,-4.9102
2016-08-11,10.2318,10.21,79.12,78.88,82.56,3946306,0.0
2016-08-12,10.45112,10.5,82.4,82.08,84.0,3991257,50.1653
2016-08-15,10.73311,10.76,84.72,84.48,86.24,4245644,-23.6127
2016-08-16,10.92274,10.92,86.32,85.6,87.68,4274225,0.0
2016-08-17,10.99206,10.99,87.04,86.04,88.16,4175328,0.0
2016-08-18,11.30887,11.3,88.88,88.88,90.72,7362925,-130.052
2016-08-19,11.35966,11.34,90.72,89.84,91.0,3873369,-145.404
2016-08-22,10.96618,10.97,88.76,87.6,88.88,3115509,-88.8259
2016-08-23,11.12572,11.0908,86.4,86.24,89.44,5971807,-44.503
2016-08-24,10.81802,10.82,87.52,85.92,88.24,3725563,-10.818
2016-08-25,10.94751,10.95,86.4,86.08,87.8,2966365,-32.8425
2016-08-26,11.01915,10.95,87.52,86.8008,89.68,3285811,5.5096
2016-08-29,10.8663,10.85,86.64,86.2864,87.384,3099068,8.6929
2016-08-30,10.72052,10.73,87.44,85.52,87.76,3436480,-16.0807
2016-08-31,10.33881,10.36,84.96,82.3536,85.28,3815005,0.0
2016-09-01,9.98255,10.06,81.52,79.6,82.16,7381892,0.0
2016-09-02,10.27859,10.24,81.6,81.24,82.72,4647315,12.3344
2016-09-06,10.36856,10.39,81.68,81.28,83.2,4204763,90.2063
2016-09-07,10.5237,10.52,83.2,82.48,84.32,4457101,31.5711
2016-09-08,11.00901,10.96,85.68,84.64,88.24,6787154,40.7334
2016-09-09,10.60002,10.59,86.24,84.64,86.56,3610350,-116.6
2016-09-12,10.68612,10.64,83.2,82.96,85.88,3353864,-60.911
2016-09-13,10.37578,10.37,83.92,82.8,84.52,4793319,33.2025
2016-09-14,10.07228,10.09,82.16,80.32,83.44,6737946,0.0
2016-09-15,10.15664,10.14,81.12,80.08,82.064,4776255,61.9555
2016-09-16,9.95124,10.0,79.44,79.2,80.56,4880860,93.5417
2016-09-19,10.00582,9.98,80.24,79.84,81.6,5723914,26.0152
2016-09-20,10.0491,10.07,78.96,78.56,81.04,5591242,40.1965
2016-09-21,10.34333,10.4,82.0,81.68,83.28,5514579,31.0299
2016-09-22,10.56683,10.53,84.56,83.84,84.88,6683131,10.5668
2016-09-23,10.147,10.19,83.92,80.72,84.64,6432347,-36.5293
2016-09-26,10.47759,10.43,82.72,82.48,84.32,5347266,31.4327
2016-09-27,10.19011,10.15,81.52,80.64,82.28,6940457,3.0569
2016-09-28,10.73296,10.65,82.4,80.96,86.56,11730203,-82.6434
2016-09-29,10.91083,10.87,86.16,85.68,88.16,7906993,-16.3662
2016-09-30,11.00427,10.93,87.76,87.04,88.12,5452663,0.0
2016-10-03,11.13409,11.1,88.32,87.28,89.44,4709058,0.0
2016-10-04,11.10667,11.09,89.44,88.32,89.6,7292938,-68.8616
2016-10-05,11.36665,11.35,90.64,89.84,91.2,5825416,-54.5597
2016-10-06,11.50571,11.51,91.76,91.04,92.32,5324845,-113.907
2016-10-07,11.36364,11.33,91.92,90.16,92.08,6808756,-45.4545
2016-10-10,11.70679,11.67,92.24,92.16,94.16,6527021,-15.2187
2016-10-11,11.56776,11.58,93.52,91.84,93.92,7669703,-57.8388
2016-10-12,11.43189,11.43,91.68,90.88,91.92,5786293,-9.1454
2016-10-13,11.47924,11.49,91.36,89.92,92.08,7672109,-5.7396
2016-10-14,11.45657,11.44,92.0,90.8,92.0744,6650820,-32.0786
2016-10-17,11.37058,11.37,91.28,90.16,91.4392,4504236,0.0
2016-10-18,11.42697,11.45,91.84,90.56,92.0,4800776,21.7112
2016-10-19,11.69781,11.66,92.56,92.4,94.32,6027783,0.0
2016-10-20,11.42909,11.43,91.92,91.08,92.32,5650649,-34.2872
2016-10-21,11.47869,11.48,91.2,90.64,92.0,4957167,22.9574
2016-10-24,11.404,11.43,90.8,89.6,91.52,6367532,0.0
2016-10-25,11.27752,11.24,90.72,89.76,91.36,5826589,-6.7662
2016-10-26,11.10137,11.09,88.56,88.24,90.48,7191438,-38.8548
2016-10-27,11.22321,11.21,89.68,88.9952,90.4,3084117,22.4464
2016-10-28,10.9929,11.01,88.8,87.44,89.8,3621301,5.4964
2016-10-31,10.57739,10.53,86.72,84.24,87.0048,5659542,10.5774
2016-11-01,10.53448,10.57,85.2,83.44,85.52,4287365,107.452
2016-11-02,10.23423,10.28,82.8,81.2,83.68,6201280,72.6632
2016-11-03,10.08067,10.08,81.92,80.12,82.16,4878829,69.5567
2016-11-04,9.94742,9.98,79.76,78.72,80.9608,6995020,8.9526
2016-11-07,10.13233,10.16,80.48,79.68,81.28,4289833,55.7277
2016-11-08,10.15493,10.1,80.48,80.2,82.0,3653680,135.061
2016-11-09,10.22397,10.28,81.12,80.32,82.96,5021759,-8.1794
2016-11-10,10.09229,10.04,80.8,80.32,81.64,4254497,-5.0462
2016-11-11,9.82264,9.77,79.04,77.92,79.2,6020098,49.1131
2016-11-14,9.77573,9.87,77.84,76.48,79.04,5609207,139.793
2016-11-15,10.32076,10.34,80.64,80.64,83.2,7735585,15.4811
2016-11-16,10.25617,10.23,82.24,81.24,83.68,5161008,35.8967
2016-11-17,10.22941,10.13,83.52,80.96,83.84,5044513,-34.78
2016-11-18,10.31389,10.32,81.92,80.9152,82.64,3471235,-30.9416
2016-11-21,10.73195,10.77,84.8,84.48,86.32,5342894,60.0986
2016-11-22,10.68518,10.63,85.88,83.92,86.48,5539442,-51.2888
2016-11-23,10.66954,10.67,84.8,84.48,86.16,3265148,-21.3391
2016-11-25,10.24672,10.33,84.0,82.24,84.4,3716739,27.6663
2016-11-28,10.47346,10.44,83.76,82.8,84.76,7272514,0.0
2016-11-29,10.06187,10.06,80.8,79.76,81.2,8365476,-25.1547
2016-11-30,10.99835,10.93,85.36,85.36,88.8,13783207,18.6972
2016-12-01,11.35866,11.33,90.52,90.08,92.16,11358206,-56.7933
2016-12-02,11.49645,11.48,91.2,90.56,92.08,4765286,-304.656
2016-12-05,11.5207,11.35,92.88,90.72,93.04,5669461,-126.728
2016-12-06,11.32938,11.29,89.76,89.44,90.8,3787779,-83.8374
2016-12-07,11.07931,11.09,89.28,88.56,90.04,5295645,-5.5397
2016-12-08,11.30021,11.31,89.2,88.6,90.48,4089014,36.1607
2016-12-09,11.42797,11.44,91.44,90.88,91.68,4110952,-17.142
2016-12-12,11.71291,11.62,95.2,92.64,95.52,6605017,-16.3981
2016-12-13,11.75427,11.73,94.32,92.96,94.48,4160572,-58.7713
2016-12-14,11.35107,11.32,92.72,90.4,93.8,5098328,5.6755
2016-12-15,11.32487,11.36,89.52,89.36,91.6,4573564,0.0
2016-12-16,11.53838,11.55,91.52,91.16,92.64,4373729,53.0765
2016-12-19,11.56219,11.5,92.16,91.72,92.84,2404403,0.0
2016-12-20,11.61446,11.62,93.36,92.6,93.76,2378992,-10.453
2016-12-21,11.43791,11.44,93.16,91.2,93.36,2883784,-17.1569
2016-12-22,11.53811,11.46,92.0,91.68,92.72,2284896,-28.8453
2016-12-23,11.55332,11.56,91.6,91.52,92.5816,1325336,-28.8833
2016-12-27,11.74489,11.73,93.12,93.12,94.32,1767916,-11.7449
2016-12-28,11.77974,11.75,94.24,93.92,94.72,2217950,-41.2291
2016-12-29,11.7165,11.72,94.0,93.44,94.48,2014639,-58.5825
2016-12-30,11.70549,11.72,93.28,93.12,93.76,1855532,-23.411
2017-01-03,11.40251,11.44,95.84,90.88,96.0,4522941,-11.4025
2017-01-04,11.6052,11.58,91.36,90.88,93.0,2258477,0.0
2017-01-05,11.71412,11.7,93.52,92.04,94.32,2668334,17.5712
2017-01-06,11.7642,11.68,94.08,92.96,94.48,1909955,0.0
2017-01-09,11.32478,11.31,92.16,90.4,92.2,2600952,0.0
2017-01-10,11.07492,11.07,90.96,88.56,90.96,2982703,11.0749
2017-01-11,11.37099,11.37,89.68,88.5088,91.852,4008380,17.0565
2017-01-12,11.53776,11.54,92.8,91.84,93.04,3417327,23.0755
2017-01-13,11.38986,11.41,91.6,90.96,92.24,1976206,-53.5323
2017-01-17,11.41331,11.43,92.8,91.2,92.96,2123714,0.0
2017-01-18,11.11972,11.16,89.52,88.64,90.96,3819300,0.0
2017-01-19,11.16899,11.17,89.92,88.8,90.32,1967857,0.0
2017-01-20,11.40469,11.39,91.6,90.96,92.0,3325863,35.3545
2017-01-23,11.30387,11.32,89.68,89.68,91.02,1831339,-45.2155
2017-01-24,11.39598,11.37,90.96,90.88,91.84,1920899,-131.054
2017-01-25,11.3038,11.31,90.36,90.16,91.64,2386220,62.1709
2017-01-26,11.5245,11.53,91.52,91.36,92.64,2691937,2.3049
2017-01-27,11.39375,11.4,91.2,90.16,91.52,2486913,-54.69
2017-01-30,11.27796,11.28,90.8,89.84,90.836,2055204,0.0
2017-01-31,11.31653,11.32,91.2,90.24,91.84,2398369,0.0
2017-02-01,11.54579,11.48,91.36,90.64,92.4,2516412,-13.8549
2017-02-02,11.47295,11.51,92.56,91.44,92.72,2469948,22.9459
2017-02-03,11.53507,11.54,91.92,91.68,92.96,2615421,-24.2236
2017-02-06,11.35934,11.38,92.16,90.72,92.32,3050771,-11.3593
2017-02-07,11.17933,11.19,89.68,88.88,89.84,4761685,2.2359
2017-02-08,11.21318,11.23,88.88,88.32,90.24,3436515,96.4333
2017-02-09,11.34179,11.35,91.08,90.32,91.12,2550859,0.0
2017-02-10,11.52585,11.5,92.24,91.84,92.6,3327855,0.0
2017-02-13,11.33447,11.32,90.96,90.4,91.2,2562996,-85.0085
2017-02-14,11.39387,11.38,91.84,90.8,91.92,2317946,-22.7877
2017-02-15,11.37052,11.36,90.64,90.56,91.6,2451973,0.0
2017-02-16,11.40233,11.41,91.52,90.16,91.6,1721550,22.8047
2017-02-17,11.40867,11.39,90.56,90.48,91.34,1726277,0.0
2017-02-21,11.52527,11.54,93.04,92.08,93.12,3152678,0.0
2017-02-22,11.36826,11.36,91.04,90.56,91.2,2315923,-65.9359
2017-02-23,11.55068,11.53,92.88,91.96,93.2,2406822,0.0
2017-02-24,11.45308,11.46,91.52,91.52,92.08,1415257,-28.6327
2017-02-27,11.46576,11.47,92.48,91.6,92.52,1295308,-20.6384
2017-02-28,11.45726,11.45,90.88,90.24,91.72,2112064,45.829
2017-03-01,11.41907,11.4,92.08,91.2,92.4,1822317,-11.4191
2017-03-02,11.16033,11.17,89.68,89.2,90.36,2716805,0.0
2017-03-03,11.31306,11.29,89.52,89.44,90.64,1803198,0.0
2017-03-06,11.2855,11.28,90.56,89.9216,90.88,1953804,0.0
2017-03-07,11.27278,11.27,91.04,90.08,91.12,1365942,10.1455
2017-03-08,10.67196,10.67,88.88,84.96,89.72,8220145,0.0
2017-03-09,10.46052,10.53,84.56,82.56,84.72,6027041,-10.4605
2017-03-10,10.29229,10.29,84.16,82.0,84.16,5452921,80.2799
2017-03-13,10.27305,10.28,82.32,81.76,82.72,5135005,10.273
2017-03-14,10.14917,10.19,80.88,80.16,81.68,5459867,114.686
2017-03-15,10.36534,10.38,82.48,81.92,83.28,4261844,159.626
2017-03-16,10.33594,10.36,83.12,82.32,83.2,2803627,-24.8063
2017-03-17,10.35063,10.33,83.36,82.56,83.44,2235461,-25.8766
2017-03-20,10.26666,10.27,82.08,81.76,82.88,1720970,-25.6667
2017-03-21,10.12604,10.11,82.4,80.56,82.64,3113156,29.3655
2017-03-22,10.08406,10.12,80.12,79.04,81.12,2805354,20.1681
2017-03-23,10.01271,10.01,80.32,79.92,80.56,2325138,48.061
2017-03-24,10.0694,10.09,80.4,79.84,80.8,2014376,8.0555
2017-03-27,10.01899,10.04,79.44,79.04,80.36,2813026,-20.038
2017-03-28,10.15335,10.15,80.88,80.72,81.84,2226098,11.1687
2017-03-29,10.39265,10.37,81.44,81.36,83.2,2894439,0.0
2017-03-30,10.56898,10.57,83.76,83.52,84.72,3571351,10.569
2017-03-31,10.62147,10.64,84.16,84.08,85.28,2428824,-29.7401
2017-04-03,10.54592,10.55,84.92,84.16,85.04,2099516,0.0
2017-04-04,10.71183,10.71,85.04,84.72,85.92,3048204,-49.2744
2017-04-05,10.73703,10.68,86.72,85.2,87.12,3623497,-42.9481
2017-04-06,10.85257,10.86,86.56,86.4,87.04,2740116,-41.2398
2017-04-07,10.96381,10.96,87.12,86.96,87.76,2401599,0.0
2017-04-10,11.1391,11.14,88.56,88.32,89.12,2770809,-71.2902
2017-04-11,11.20401,11.17,89.04,88.48,89.68,3068638,-22.408
2017-04-12,11.14745,11.11,89.92,88.64,90.08,3221624,-26.7539
2017-04-13,11.16414,11.13,89.44,88.8,89.6,2171225,-45.773
2017-04-17,11.06218,11.06,89.04,88.32,89.2,1856672,-18.8057
2017-04-18,11.00808,11.04,88.0,87.52,88.8,1812951,-47.3347
2017-04-19,10.59153,10.62,88.24,84.16,88.4,6307877,51.8985
2017-04-20,10.5624,10.54,84.64,84.16,85.44,3669785,-16.8998
2017-04-21,10.33542,10.32,84.4,82.0,84.4,4833106,29.9727
2017-04-24,10.25428,10.25,82.32,81.68,82.48,3479663,18.4577
2017-04-25,10.32304,10.36,81.84,81.44,83.04,2961783,104.263
2017-04-26,10.33555,10.26,81.92,81.76,83.68,3350834,-3.1007
2017-04-27,10.20017,10.24,81.04,80.32,82.08,4250501,47.9408
2017-04-28,10.27516,10.24,82.32,81.36,82.64,1991575,31.853
2017-05-01,10.1732,10.15,81.52,80.96,81.712,2014541,7.1212
2017-05-02,9.92749,9.92,81.36,78.88,81.36,5518287,0.0
2017-05-03,9.96087,9.93,79.68,78.88,80.04,4567546,8.9648
2017-05-04,9.48182,9.46,78.0,75.44,78.08,8780437,72.0618
2017-05-05,9.6276,9.66,75.76,75.76,77.76,4447757,44.287
2017-05-08,9.67141,9.67,77.2,76.24,78.0,3817189,102.517
2017-05-09,9.55573,9.57,77.12,75.84,77.36,2553771,19.1115
2017-05-10,9.85407,9.86,77.6,77.44,79.6,4174706,79.818
2017-05-11,9.95724,9.94,79.92,79.2,80.32,2421522,14.9359
2017-05-12,9.95073,9.95,79.76,78.8,79.84,2429453,-0.9951
2017-05-15,10.15529,10.17,82.16,81.04,82.24,4589065,0.0
2017-05-16,10.12229,10.11,81.76,80.72,82.08,2103112,0.0
2017-05-17,10.20701,10.19,81.52,80.76,82.32,3381716,-53.0765
2017-05-18,10.25868,10.26,81.04,80.72,82.48,2661466,-67.7073
2017-05-19,10.46736,10.48,83.16,83.04,83.92,3096031,-23.0282
2017-05-22,10.56245,10.54,84.4,84.0,84.8,3061762,-27.4624
2017-05-23,10.63272,10.64,84.64,84.32,85.2,3281371,-75.4923
2017-05-24,10.61003,10.6,84.96,84.32,85.6,4148641,-21.2201
2017-05-25,10.10186,10.04,84.0,80.08,84.64,10476620,-64.6519
2017-05-26,10.28781,10.28,81.12,80.68,82.4,3928062,-91.5615
2017-05-30,10.25905,10.24,81.36,81.04,82.3776,1993852,-61.5543
2017-05-31,9.98229,9.96,79.88,78.88,80.36,4164268,-9.9823
2017-06-01,9.99057,9.91,80.08,79.28,81.28,3772664,79.9246
2017-06-02,9.84605,9.86,78.64,77.84,79.44,3842898,0.0
2017-06-05,9.79255,9.8,77.76,77.44,78.52,3517088,19.5851
2017-06-06,9.95588,9.97,77.92,77.84,79.92,3296013,49.7794
2017-06-07,9.45142,9.46,78.72,75.52,79.04,7337354,0.0
2017-06-08,9.43368,9.43,75.2,74.96,76.24,5105409,116.034
2017-06-09,9.47102,9.49,75.52,75.28,76.36,3203089,84.2921
2017-06-12,9.52219,9.52,76.88,76.08,77.2,3184850,24.7577
2017-06-13,9.59418,9.6,76.08,75.28,76.96,3249593,35.4985
2017-06-14,9.23652,9.23,76.32,73.6,76.72,7585975,23.0913
2017-06-15,9.18515,9.18,73.76,73.28,73.92,3950817,114.814
2017-06-16,9.24481,9.24,74.08,73.6,74.16,2675476,18.4896
2017-06-19,9.13391,9.12,74.16,72.88,74.4,3225290,0.0
2017-06-20,8.94486,8.95,71.4,70.64,71.76,6079377,-4.4724
2017-06-21,8.74344,8.71,71.76,69.2,72.72,7649775,8.7434
2017-06-22,8.78667,8.78,70.4,70.16,71.272,3949257,43.9334
2017-06-23,8.84223,8.86,70.4,70.0,71.1192,3878555,39.79
2017-06-26,8.91841,8.93,71.04,70.12,71.6792,4657871,57.9697
2017-06-27,9.09529,9.1,71.92,71.84,73.12,3642501,67.3051
2017-06-28,9.19813,9.2,72.8,72.24,73.76,3671002,0.0
2017-06-29,9.23725,9.21,74.16,73.44,74.72,3907374,0.0
2017-06-30,9.46551,9.5,74.56,74.32,76.0,4084854,-53.9534
2017-07-03,9.67717,9.62,76.4,76.32,77.04,2525099,-54.1922
2017-07-05,9.2785,9.25,76.48,73.84,76.64,8522747,-99.2799
2017-07-06,9.35882,9.31,75.52,74.32,76.4808,5243976,-110.434
2017-07-07,9.09262,9.1,73.52,72.0,73.6,5411410,-93.654
2017-07-10,9.13155,9.13,72.32,72.16,73.76,3458051,-50.2235
2017-07-11,9.26093,9.27,72.88,72.64,74.48,3079808,0.0
2017-07-12,9.34873,9.33,75.68,74.16,76.4,4775159,-19.6323
2017-07-13,9.46961,9.47,75.12,74.88,76.036,2572569,-17.9923
2017-07-14,9.57207,9.59,76.24,75.84,76.88,3102542,-4.786
2017-07-17,9.46584,9.45,76.32,75.6,76.76,3129067,-16.0919
2017-07-18,9.53963,9.54,76.8,75.76,76.88,3374098,0.0
2017-07-19,9.68919,9.69,76.56,76.56,77.76,3197089,-61.0419
2017-07-20,9.60738,9.61,78.16,76.64,78.24,2574187,28.8221
2017-07-21,9.37199,9.34,76.48,74.56,76.56,4846191,-35.6136
2017-07-24,9.48899,9.5,75.76,75.52,76.12,2467069,0.0
2017-07-25,9.80647,9.81,77.52,77.2,78.56,3451873,14.7097
2017-07-26,9.98265,9.96,79.2,78.4,80.08,4864782,-15.9722
2017-07-27,10.04212,10.06,80.24,79.4424,80.64,3371370,-108.455
2017-07-28,10.17946,10.17,80.72,80.64,81.6,4163495,-54.9691
2017-07-31,10.27395,10.28,81.2,80.5808,82.56,4068655,-146.917
2017-08-01,10.06723,10.09,81.36,79.2,81.44,5192458,-5.0336
2017-08-02,10.15551,10.14,80.56,79.6208,81.36,3381206,0.0
2017-08-03,10.04103,10.02,81.68,79.92,81.8,2911001,-28.1149
2017-08-04,10.15386,10.13,80.4,79.76,81.28,2203292,-10.1539
2017-08-07,10.1154,10.1,80.16,79.52,80.96,2478185,0.0
2017-08-08,10.0705,10.06,80.24,80.08,81.2,2929421,6.0423
2017-08-09,10.14915,10.15,80.96,80.32,81.24,2168329,-11.1641
2017-08-10,9.95072,9.91,81.92,79.2,82.0,3117074,-6.9655
2017-08-11,9.99605,9.99,79.04,78.64,80.2,1862525,-9.9961
2017-08-14,9.74307,9.72,79.84,77.68,80.48,3157709,24.3577
2017-08-15,9.73716,9.75,77.28,77.04,78.08,2484475,-4.8686
2017-08-16,9.58216,9.57,78.16,76.48,78.8,4711206,0.0
2017-08-17,9.64351,9.62,76.32,76.16,77.32,1996349,23.1444
2017-08-18,9.93351,9.97,77.28,76.68,79.84,3808502,49.6675
2017-08-21,9.70318,9.71,78.96,77.12,79.2792,3784874,-14.5548
2017-08-22,9.76454,9.77,78.08,77.72,78.72,1781074,47.8462
2017-08-23,9.88306,9.88,78.08,77.84,79.2,2071544,0.0
2017-08-24,9.68312,9.71,78.32,76.88,78.4,2270839,0.0
2017-08-25,9.77307,9.75,77.6,77.52,78.24,1898440,-6.8412
2017-08-28,9.50803,9.53,77.52,75.36,77.6,4060301,0.0
2017-08-29,9.48164,9.46,75.84,74.72,76.0,2457627,0.0
2017-08-30,9.38373,9.38,75.2,74.88,76.32,2361331,98.5292
2017-08-31,9.64312,9.63,75.92,75.92,77.52,3188714,-14.4647
2017-09-01,9.65545,9.67,76.8,76.08,77.36,2001542,-6.7588
2017-09-05,9.93566,9.92,79.28,79.12,80.0,3080535,0.0
2017-09-06,10.03787,10.04,80.16,79.68,80.72,2578347,-52.1969
2017-09-07,10.02236,10.03,79.84,79.68,80.48,2600595,-36.0805
2017-09-08,9.70905,9.73,79.92,77.32,80.16,3009783,-57.2834
2017-09-11,9.82404,9.82,77.32,76.9032,78.8792,2051394,0.0
2017-09-12,9.85007,9.87,78.64,78.4008,79.12,1771291,0.0
2017-09-13,10.05223,10.07,79.36,79.1208,80.56,2818121,-13.0679
2017-09-14,10.17357,10.13,81.36,80.88,82.24,3195130,0.0
2017-09-15,10.19184,10.2,81.52,81.12,81.72,2010551,-139.628
2017-09-18,10.17398,10.17,81.12,80.32,81.6,2366318,-22.3828
2017-09-19,10.08317,10.11,81.76,80.4,81.92,1903976,6.0499
2017-09-20,10.2429,10.24,81.52,81.04,82.64,2876940,-16.3886
2017-09-21,10.21473,10.25,81.44,81.0144,82.08,1450416,15.3221
2017-09-22,10.23707,10.24,81.6,81.416,82.072,1635597,-46.0668
2017-09-25,10.55264,10.55,82.72,82.72,84.48,3731020,-15.829
2017-09-26,10.48403,10.49,83.68,83.12,84.08,1798996,-82.8238
2017-09-27,10.53669,10.52,84.16,83.48,84.44,2003318,-55.8445
2017-09-28,10.4196,10.43,85.04,82.8,85.2,2335903,15.6294
2017-09-29,10.44201,10.43,83.12,82.88,83.68,1639652,17.7514
2017-10-02,10.22196,10.21,81.36,80.96,81.8776,2215120,20.4439
2017-10-03,10.18973,10.18,81.68,81.28,82.0,1409857,59.1004
2017-10-04,10.10093,10.08,81.44,80.48,81.92,1634753,0.0
2017-10-05,10.26473,10.25,81.12,81.04,82.8,1623424,0.0
2017-10-06,9.9617,9.97,80.08,79.3608,80.16,2938706,0.0
2017-10-09,10.01969,10.0,80.24,79.68,80.48,1372032,0.0
2017-10-10,10.28518,10.28,81.6,81.52,82.56,1938323,0.0
2017-10-11,10.36004,10.36,82.48,81.768,82.96,1738041,0.0
2017-10-12,10.2253,10.23,81.36,81.04,82.32,1902312,0.0
2017-10-13,10.38604,10.37,83.04,82.32,83.2,2301486,-15.5791
2017-10-16,10.4687,10.46,84.24,83.36,84.32,2005711,0.0
2017-10-17,10.46278,10.49,83.76,82.648,84.24,2050643,-24.0644
2017-10-18,10.49302,10.48,84.08,83.4,84.4,1682735,0.0
2017-10-19,10.34254,10.35,82.72,82.564,83.352,1447386,-27.9249
2017-10-20,10.4089,10.43,82.32,82.28,83.52,1498157,-12.4907
2017-10-23,10.42132,10.42,83.76,82.96,83.92,1418269,0.0
2017-10-24,10.53589,10.54,83.84,83.12,84.4,2296343,0.0
2017-10-25,10.47779,10.48,83.84,83.36,84.16,2154123,0.0
2017-10-26,10.5703,10.57,83.6,83.4,84.64,1918000,-82.4483
2017-10-27,10.82344,10.84,84.48,84.4,86.8,3087376,-2.1647
2017-10-30,10.87405,10.87,87.2,86.44,87.44,1573296,-60.8947
2017-10-31,10.92039,10.93,86.8,86.64,87.68,1754144,1.092
2017-11-01,10.90446,10.9,88.24,86.56,88.48,2644006,16.3567
2017-11-02,10.95282,10.99,87.2,86.968,88.04,1259915,-7.667
2017-11-03,11.17386,11.18,88.0,87.4,89.6,2356402,-10.0565
2017-11-06,11.51768,11.51,89.52,89.3608,92.5352,3844270,-29.946
2017-11-07,11.48788,11.49,91.76,91.36,92.24,2236851,-70.0761
2017-11-08,11.41051,11.41,91.52,90.64,93.04,4651823,-27.3852
2017-11-09,11.47938,11.46,91.36,91.2,92.4,2460468,-103.314
2017-11-10,11.39719,11.42,91.84,90.88,92.16,1464124,-26.2135
2017-11-13,11.39563,11.38,91.36,90.48,91.84,1737319,0.0
2017-11-14,11.17972,11.13,90.8,88.64,90.88,2690818,99.4995
2017-11-15,11.10584,11.09,88.64,88.16,89.2,1722064,8.8847
2017-11-16,11.07197,11.07,88.56,88.24,89.36,1529004,44.2879
2017-11-17,11.34416,11.35,89.68,89.56,90.88,2048403,0.0
2017-11-20,11.28655,11.28,90.16,89.2,90.32,1429745,6.7719
2017-11-21,11.36872,11.4,90.4,90.4,91.56,1529909,-39.7905
2017-11-22,11.60691,11.6,92.4,91.76,92.96,2246159,34.8207
2017-11-24,11.79326,11.79,93.92,93.6,94.32,1174267,0.0
2017-11-27,11.62564,11.59,93.2,92.08,93.4,1735756,-81.3795
2017-11-28,11.60181,11.58,92.48,92.24,93.0,1013689,0.0
2017-11-29,11.46393,11.47,92.64,90.84,93.28,2011713,-40.1238
2017-11-30,11.48409,11.47,92.4,90.9608,92.64,2227382,-6.8905
2017-12-01,11.6763,11.67,93.2,92.8,94.24,1768145,-39.6994
2017-12-04,11.49874,11.49,92.32,91.7752,92.64,1523460,17.2481
2017-12-05,11.52891,11.54,91.76,91.68,92.68,1614296,-8.0702
2017-12-06,11.19772,11.2,91.2,89.44,91.28,2423628,27.9943
2017-12-07,11.34253,11.33,90.16,90.068,90.88,1137923,-12.4768
2017-12-08,11.47931,11.49,92.16,91.2,92.4,1178327,22.9586
2017-12-11,11.60136,11.6,92.32,91.968,92.88,1797862,0.0
2017-12-12,11.42367,11.44,93.12,90.96,93.12,3106860,-11.4237
2017-12-13,11.30992,11.33,91.68,90.4,91.82,2276641,-40.7157
2017-12-14,11.408,11.43,89.76,89.68,91.44,1134148,-11.408
2017-12-15,11.45813,11.46,91.76,91.16,91.92,1201061,0.0
2017-12-18,11.43665,11.44,92.0,90.96,92.2,1633500,0.0
2017-12-19,11.50477,11.51,91.84,91.6,92.08,856135,-47.1696
2017-12-20,11.61087,11.61,92.32,91.84,92.96,1264730,0.0
2017-12-21,11.66501,11.64,92.32,92.16,93.36,1391953,11.665
2017-12-22,11.6872,11.66,92.64,92.64,93.52,823931,0.0
2017-12-26,11.98778,11.95,93.84,93.7952,95.92,2199877,0.0
2017-12-27,11.92202,11.92,95.44,94.96,95.68,1033771,-47.6881
2017-12-28,11.96207,11.97,95.28,95.04,95.84,1546013,-51.4369
2017-12-29,12.07851,12.01,96.16,95.84,96.72,1475243,0.0
2018-01-02,12.06899,12.07,96.56,96.08,96.8,1497584,-30.1725
2018-01-03,12.32113,12.34,97.36,97.36,98.84,2156152,55.4451
2018-01-04,12.39732,12.37,98.64,98.48,99.36,1480984,-52.0687
2018-01-05,12.28359,12.31,98.24,97.68,98.64,1609891,-144.946
2018-01-08,12.34221,12.38,98.48,98.12,99.04,1229220,61.7111
2018-01-09,12.584,12.57,99.28,98.96,101.12,2666147,59.1448
2018-01-10,12.69992,12.68,101.36,100.8,101.64,1821546,30.4798
2018-01-11,12.75032,12.7,102.08,101.6,103.36,2579096,-45.9012
2018-01-12,12.86034,12.87,101.44,101.208,103.12,2850195,-50.1553
2018-01-16,12.7491,12.76,102.48,101.44,102.88,2277845,43.3469
2018-01-17,12.79943,12.78,101.84,101.68,102.72,1993007,-23.039
2018-01-18,12.79366,12.76,102.0,101.6,102.7992,2075708,-17.9111
2018-01-19,12.67776,12.72,101.44,100.888,101.924,2168170,12.6778
2018-01-22,12.7305,12.78,101.44,101.04,102.72,1866225,-10.1844
2018-01-23,12.91098,12.97,102.72,102.6248,103.92,2077243,0.0
2018-01-24,13.13951,13.22,103.52,103.28,105.84,3267223,81.465
2018-01-25,13.11972,13.06,106.24,104.24,106.4,2096797,5.2479
2018-01-26,13.24614,13.24,104.88,104.8,106.32,3971992,-26.4923
2018-01-29,13.1307,13.11,104.88,104.08,105.2,1978617,-11.8176
2018-01-30,12.91869,12.9,103.52,102.72,103.6,4303672,-34.8805
2018-01-31,12.96499,12.98,103.28,102.32,104.08,2657823,-23.337
2018-02-01,13.17955,13.24,104.64,104.24,106.08,2509276,15.8155
2018-02-02,13.10966,13.04,104.96,103.32,105.36,3594686,0.0
2018-02-05,12.84999,12.77,104.24,101.84,104.56,3841071,-32.125
2018-02-06,12.69799,12.7,101.6,101.36,103.04,2954536,-68.5691
2018-02-07,12.37906,12.37,101.76,98.24,102.48,4613661,-12.3791
2018-02-08,12.25353,12.09,99.36,96.64,99.48,3407439,-36.7606
2018-02-09,11.86169,11.86,96.88,93.192,97.12,5397894,11.8617
2018-02-12,11.88014,11.89,95.84,94.92,96.76,2039018,41.5805
2018-02-13,11.87029,11.87,94.32,93.68,95.432,2372761,89.0272
2018-02-14,12.1681,12.18,93.84,93.52,97.8,4469888,-24.3362
2018-02-15,12.30106,12.33,96.72,95.9112,98.88,2406039,14.7613
2018-02-16,12.37773,12.38,98.16,97.76,99.52,2222812,-14.8533
2018-02-20,12.42698,12.39,99.36,98.8,100.4792,2719737,-24.854
2018-02-21,12.40509,12.29,98.64,98.24,99.52,1422544,35.9748
2018-02-22,12.62457,12.59,99.68,99.0656,101.48,2411834,-11.3621
2018-02-23,12.78171,12.77,100.88,100.76,102.56,2300131,0.0
2018-02-26,12.85493,12.86,101.84,101.4456,103.32,1748421,0.0
2018-02-27,12.67419,12.65,102.72,100.888,102.8,2128953,-39.29
2018-02-28,12.3989,12.37,101.68,98.72,102.08,3475799,2.4798
2018-03-01,12.26845,12.35,98.08,96.88,99.04,3238868,-7.3611
2018-03-02,12.32101,12.37,97.76,96.8,98.96,2254716,-24.642
2018-03-05,12.58746,12.59,98.64,98.552,101.04,2458353,0.0
2018-03-06,12.59378,12.57,100.96,100.04,101.08,2256982,-31.4845
2018-03-07,12.30287,12.35,99.84,97.52,100.72,3119717,-12.3029
2018-03-08,12.10246,12.15,98.56,96.64,98.64,2881230,-15.7332
2018-03-09,12.48013,12.47,98.16,98.08,100.0,2423105,-12.4801
2018-03-12,12.3618,12.37,99.28,97.76,99.52,2185134,16.0703
2018-03-13,12.24519,12.24,98.48,97.2,99.9944,3024240,18.3678
2018-03-14,12.29991,12.28,98.24,97.08,98.72,2319625,-12.2999
2018-03-15,12.34656,12.34,98.8,98.32,99.32,1467356,44.4476
2018-03-16,12.58069,12.55,98.8,98.56,100.96,3485082,-26.4194
2018-03-19,12.52518,12.55,100.56,99.12,100.6288,2855362,-37.5755
2018-03-20,12.80977,12.81,102.08,101.68,103.1944,2281837,-69.1728
2018-03-21,13.13869,13.18,103.68,103.44,105.68,2886028,39.4161
2018-03-22,12.96356,12.95,104.08,103.44,104.4,1966450,-12.9636
2018-03-23,13.28243,13.28,104.72,104.64,106.4,2269887,-19.9236
2018-03-26,13.2169,13.21,105.84,104.96,106.24,3121832,0.0
2018-03-27,13.1568,13.08,106.24,104.28,106.32,2577165,-23.6822
2018-03-28,12.98178,13.04,104.16,102.8,105.04,2372903,-51.9271
2018-03-29,13.09569,13.09,103.92,103.52,105.28,2040579,32.7392
2018-04-02,12.7072,12.74,103.84,101.6,103.84,2413919,8.895
2018-04-03,12.80839,12.81,102.24,101.76,102.8792,1146828,2.5617
2018-04-04,12.78048,12.82,100.4,100.16,102.64,2538850,35.7853
2018-04-05,12.81509,12.83,102.56,101.92,103.48,2155790,76.8905
2018-04-06,12.51691,12.51,102.4,99.76,102.76,3147510,0.0
2018-04-09,12.79028,12.77,101.52,101.36,102.64,1601759,0.0
2018-04-10,13.20371,13.25,104.16,104.16,106.16,2972674,18.4852
2018-04-11,13.46641,13.45,106.4,106.0,108.7288,3085557,-36.3593
2018-04-12,13.50881,13.52,107.2,106.4,108.32,1859006,-83.7546
2018-04-13,13.58586,13.55,108.4,108.0,109.12,1770344,0.0
2018-04-16,13.35896,13.38,107.92,106.7216,107.992,1753078,0.0
2018-04-17,13.42177,13.41,106.16,105.92,107.52,1644390,0.0
2018-04-18,13.81767,13.88,109.6,109.12,111.2,3322393,6.9088
2018-04-19,13.78979,13.77,111.6,109.7904,112.0,2178551,0.0
2018-04-20,13.80431,13.75,109.28,108.96,110.72,1478880,-59.3585
2018-04-23,13.85395,13.92,108.88,108.4,111.52,2074094,-34.6349
2018-04-24,13.66462,13.68,110.8,109.0408,112.0,2510055,6.8323
2018-04-25,13.73565,13.72,109.52,108.36,110.08,1707313,0.0
2018-04-26,13.7643,13.77,110.64,109.36,110.72,2151707,0.0
2018-04-27,13.74651,13.73,109.44,109.384,110.4,1601478,17.8705
2018-04-30,13.84249,13.8,108.96,108.8,112.0,3617162,52.6015
2018-05-01,13.57643,13.61,109.52,108.0,109.6,2011511,-47.5175
2018-05-02,13.71411,13.67,108.48,108.08,110.04,1727873,0.0
2018-05-03,13.81545,13.82,109.04,108.62,110.7736,1519749,12.4339
2018-05-04,14.07627,14.09,110.64,110.6224,113.04,2346757,-7.0381
2018-05-07,14.28136,14.1,113.52,112.24,114.4,3598651,0.0
2018-05-08,13.9446,14.06,113.44,109.24,113.7464,6607808,0.0
2018-05-09,14.36478,14.37,114.16,114.08,115.28,2435308,0.0
2018-05-10,14.41336,14.41,115.04,114.0,115.52,1953385,-17.296
2018-05-11,14.28462,14.25,114.96,113.92,115.4008,1758750,0.0
2018-05-14,14.34817,14.38,114.4,114.28,115.2,2033307,-14.3482
2018-05-15,14.42543,14.4,114.96,114.0,115.52,2236963,4.3276
2018-05-16,14.46426,14.46,114.72,114.4,115.84,1683020,-20.25
2018-05-17,14.46666,14.49,116.32,115.16,117.04,2149868,0.0
2018-05-18,14.4266,14.43,115.52,114.96,116.0,1557264,0.0
2018-05-21,14.6259,14.67,115.84,115.72,117.36,1681883,-14.6259
2018-05-22,14.59598,14.56,117.2,116.4,117.9192,2459500,59.8435
2018-05-23,14.52358,14.51,116.24,115.12,116.64,2011440,2.9047
2018-05-24,14.29556,14.29,114.32,114.16,115.2,1931740,14.2956
2018-05-25,13.72385,13.68,111.44,109.1968,111.44,5070306,19.2134
2018-05-29,13.49306,13.51,108.56,106.64,108.8,3289130,-21.5889
2018-05-30,13.79283,13.83,108.64,108.64,110.8,3015108,1.3793
2018-05-31,13.5567,13.55,108.64,107.68,110.28,3030751,0.0
2018-06-01,13.30841,13.25,107.28,106.0,108.12,2868512,-13.3084
2018-06-04,13.09537,13.12,106.4,104.48,106.6736,2484442,32.7384
2018-06-05,13.25154,13.22,104.24,104.0,106.08,2788659,19.8773
2018-06-06,13.09219,13.16,105.52,104.0,106.0,2116213,15.7106
2018-06-07,13.33754,13.35,105.68,105.568,106.88,1776827,-70.689
2018-06-08,13.29416,13.27,106.48,105.44,107.1544,1979262,26.5883
2018-06-11,13.368,13.36,105.36,105.16,107.32,1836322,0.0
2018-06-12,13.41873,13.4,106.72,106.64,107.88,2434166,0.0
2018-06-13,13.46777,13.47,106.8,106.6,108.12,2182113,-33.6694
2018-06-14,13.50265,13.52,108.4,107.2,108.4968,1667250,-55.3609
2018-06-15,13.13056,13.05,107.52,104.32,107.52,3436807,9.1914
2018-06-18,13.30196,13.29,105.36,104.96,106.64,2223116,0.0
2018-06-19,13.14246,13.14,104.8,104.08,105.68,1999770,-45.9986
2018-06-20,13.30692,13.28,106.56,105.2,107.52,2540238,0.0
2018-06-21,13.27295,13.31,105.12,104.96,107.28,2245380,0.0
2018-06-22,13.88906,14.02,109.68,108.728,112.24,4123494,13.8891
2018-06-25,13.78914,13.77,112.08,109.84,112.4,3099946,0.0
2018-06-26,14.28586,14.27,111.28,110.32,114.4456,4206998,-85.7152
2018-06-27,14.73807,14.65,115.92,115.84,118.4,4305112,5.8952
2018-06-28,14.87832,14.86,117.84,117.52,119.92,3882687,-74.3916
2018-06-29,15.02101,15.06,119.44,119.36,120.64,2701252,28.5399
2018-07-02,14.97965,14.96,120.0,118.9728,120.48,2692019,-37.4491
2018-07-03,15.02071,14.92,121.52,117.84,122.0,2636365,-63.087
2018-07-05,14.77868,14.78,120.0,117.6,120.4,2737153,11.8229
2018-07-06,14.95345,14.96,117.36,117.28,119.84,2368135,13.4581
2018-07-09,14.98369,15.03,119.76,118.48,120.24,1612272,46.4494
2018-07-10,15.07061,15.07,120.88,119.84,121.36,1926900,-12.0565
2018-07-11,14.30482,14.31,119.04,113.7344,120.24,4801040,14.3048
2018-07-12,14.40682,14.39,115.04,113.12,115.6,2938801,18.7289
2018-07-13,14.53194,14.47,115.36,115.16,117.2808,2398042,103.177
2018-07-16,13.93519,13.94,113.6,110.88,113.84,3900275,-13.9352
2018-07-17,13.95448,13.95,110.72,110.08,112.4,6807061,-11.1636
2018-07-18,14.07757,14.1,110.8,110.24,112.88,2784428,50.6793
2018-07-19,14.17987,14.13,112.64,112.24,114.32,2766292,25.5238
2018-07-20,14.18453,14.15,113.44,112.56,113.8,2851186,-9.9292
2018-07-23,14.10913,14.09,114.56,112.4,115.2,2936998,-14.1091
2018-07-24,14.24061,14.23,112.88,112.88,114.8,2495564,-52.6903
2018-07-25,14.40324,14.42,114.24,113.36,115.84,2686585,0.0
2018-07-26,14.46819,14.47,114.72,114.72,116.32,1978292,0.0
2018-07-27,14.2775,14.32,115.6,113.536,116.0,1882916,0.0
2018-07-30,14.57838,14.54,116.72,116.16,117.12,2155037,-18.9519
2018-07-31,14.29416,14.28,115.04,113.92,115.2,2030491,-4.2883
2018-08-01,14.06603,14.09,112.72,111.92,113.76,2264226,0.0
2018-08-02,14.33698,14.36,112.08,111.84,115.36,2169659,-8.6022
2018-08-03,14.23967,14.27,114.48,112.9144,114.8,2062802,-14.2397
2018-08-06,14.34944,14.31,115.2,114.4,116.32,2556026,-4.3048
2018-08-07,14.38327,14.36,115.44,114.72,115.8648,1672352,1.4383
2018-08-08,13.92623,13.9,113.48,110.4,113.52,3610016,0.0
2018-08-09,13.90133,13.88,111.76,110.96,112.24,2018683,29.1928
2018-08-10,14.07026,14.08,112.08,111.9488,112.96,2255277,-28.1405
2018-08-13,13.99376,14.01,112.08,109.444,112.4,3423044,0.0
2018-08-14,13.94387,13.99,113.76,111.12,113.84,2367782,0.0
2018-08-15,13.5513,13.51,110.24,107.52,110.32,5946032,0.0
2018-08-16,13.64013,13.63,108.56,108.16,109.2,2308626,0.0
2018-08-17,13.71002,13.69,110.48,108.88,110.56,2552366,27.42
2018-08-20,13.7557,13.76,109.52,109.24,110.4,2190329,16.5068
2018-08-21,13.84458,13.83,111.68,110.48,111.84,1340447,-49.8405
2018-08-22,14.26989,14.27,113.04,112.44,114.56,2537694,0.0
2018-08-23,14.26414,14.27,113.6,113.24,114.48,1441387,-48.4981
2018-08-24,14.45186,14.43,116.0,114.88,116.64,1787910,10.1163
2018-08-27,14.48515,14.5,115.84,115.28,116.04,1358447,-55.0436
2018-08-28,14.41421,14.43,116.08,114.8,116.08,1341259,-40.3598
2018-08-29,14.62093,14.66,116.24,115.8,117.36,2214942,0.0
2018-08-30,14.77715,14.75,117.52,117.12,118.64,1791734,2.9554
2018-08-31,14.68307,14.71,117.84,117.2,118.24,1375350,-35.2394
2018-09-04,14.70007,14.58,118.8,116.24,118.96,1879480,42.6302
2018-09-05,14.45867,14.49,116.64,115.48,117.12,1609201,11.5669
2018-09-06,14.25938,14.3,115.68,112.8,115.92,1942388,-29.9447
2018-09-07,14.25805,14.28,113.04,112.5696,114.32,1718588,0.0
2018-09-10,14.22256,14.21,115.04,113.3784,115.3592,1242658,9.9558
2018-09-11,14.57072,14.6,114.16,113.84,117.04,1551404,14.5707
2018-09-12,14.80735,14.78,118.0,117.84,119.68,2331057,-10.3651
2018-09-13,14.43863,14.49,116.88,115.12,117.36,2303343,-28.8773
2018-09-14,14.51521,14.5,115.84,114.48,117.68,2044781,-5.8061
2018-09-17,14.49796,14.47,116.88,115.36,117.28,1802908,13.0482
2018-09-18,14.69063,14.69,117.52,116.68,118.48,1835955,17.6288
2018-09-19,14.9403,14.94,117.92,117.8408,119.6,2182924,0.0
2018-09-20,14.84589,14.8,120.16,118.24,120.36,1846080,0.0
2018-09-21,14.94361,14.96,119.92,118.24,121.212,3544984,-19.4267
2018-09-24,15.21986,15.25,121.76,121.36,122.8456,3086345,0.0
2018-09-25,15.2627,15.27,122.56,121.44,122.88,2287983,18.3152
2018-09-26,15.11336,15.11,121.36,120.72,121.92,1383155,-37.7834
2018-09-27,15.23013,15.26,122.08,121.2,122.16,1472736,7.6151
2018-09-28,15.47056,15.52,121.92,121.84,124.56,2314641,7.7353
2018-10-01,15.90407,15.95,124.0,123.56,128.04,3279414,0.0
2018-10-02,15.88994,15.87,127.6,126.64,127.64,1999752,-22.2459
2018-10-03,16.13984,16.08,126.8,125.36,129.92,3278019,-19.3678
2018-10-04,15.70112,15.74,128.24,124.88,128.24,3300207,0.0
2018-10-05,15.70387,15.69,125.76,124.8,127.04,3253287,-40.8301
2018-10-08,15.6953,15.68,124.48,124.24,125.64,2473343,0.0
2018-10-09,15.83559,15.82,126.24,125.12,127.2,2912577,31.6712
2018-10-10,15.4584,15.38,126.16,122.96,126.16,2259738,44.8294
2018-10-11,14.99006,14.95,121.76,119.12,122.12,3723564,11.992
2018-10-12,15.06884,15.12,121.12,119.36,121.28,3340894,16.5757
2018-10-15,15.161708,15.13,120.96,119.76,121.368,2797253,7.5809
2018-10-16,15.194106,15.19,120.72,120.4,122.16,2308704,66.8541
2018-10-17,14.75854,14.82,120.4,117.52,120.472,3950951,0.0
2018-10-18,14.549363,14.56,116.48,116.08,118.08,2988333,32.0086
2018-10-19,14.670685,14.72,117.44,117.04,118.4,2574554,-20.539
2018-10-22,14.689541,14.74,116.8,116.0,118.0,2182722,-10.2827
2018-10-23,14.069659,14.04,114.88,111.44,115.12,5841743,-42.209
2018-10-24,14.152862,14.05,113.92,112.32,114.72,3376749,45.2892
2018-10-25,14.26146,14.21,113.44,113.28,114.64,1922628,42.7844
2018-10-26,14.317126,14.33,112.96,112.48,115.0,2714951,-10.022
2018-10-29,14.202421,14.11,114.0,112.32,114.24,2657918,-24.1441
2018-10-30,14.020927,14.03,111.2,110.96,113.28,2458201,-64.4963
2018-10-31,13.837271,13.79,111.92,110.168,113.0,3998849,0.0
2018-11-01,13.49467,13.46,110.88,106.96,110.88,4506739,-40.484
2018-11-02,13.378702,13.31,107.36,106.2,108.12,3595178,124.422
2018-11-05,13.371751,13.3,107.92,106.32,108.72,2456172,73.5446
2018-11-06,13.184532,13.18,107.12,103.9384,107.36,3702320,-29.006
2018-11-07,13.072556,13.06,106.08,103.8,106.48,3240038,0.0
2018-11-08,12.867553,12.84,103.92,102.56,104.48,3425127,-25.7351
2018-11-09,12.762106,12.7,101.2,100.56,102.72,3858088,38.2863
2018-11-12,12.704552,12.48,102.88,99.52,103.76,4355879,60.9818
2018-11-13,11.808509,11.69,99.36,92.92,99.84,10619466,0.0
2018-11-14,11.935926,11.95,96.12,95.04,97.36,6936099,83.5515
2018-11-15,11.987151,11.98,95.92,95.44,97.24,4923987,43.1537
2018-11-16,11.98773,12.07,97.6,94.96,98.4,3793374,-8.3914
2018-11-19,12.099376,12.14,95.04,93.56,97.44,4316194,3.6298
2018-11-20,11.302576,11.27,94.64,89.3056,95.2,9022216,-15.8236
2018-11-21,11.556942,11.52,92.08,91.36,94.52,4777603,52.0062
2018-11-23,10.667279,10.83,87.04,85.52,87.52,6942045,3.2002
2018-11-26,10.924706,10.94,87.6,87.04,88.48,4877696,79.7504
2018-11-27,10.910363,10.95,87.76,85.1528,88.64,4510757,-55.6429
2018-11-28,10.642109,10.66,86.8,84.8,88.32,6097719,7.4495
2018-11-29,10.88806,10.87,86.72,86.08,88.32,4139982,-27.2201
2018-11-30,10.778517,10.73,85.04,84.08,87.4,5852474,0.0
2018-12-03,11.207308,11.27,90.16,88.16,90.16,4044548,78.4512
2018-12-04,11.27127,11.18,89.96,89.2,90.8016,3399303,-86.7888
2018-12-06,10.899567,10.94,86.88,84.8,87.9992,5738675,67.5773
2018-12-07,11.135956,11.11,90.96,88.6,91.8048,5410952,0.0
2018-12-10,10.79686,10.75,86.96,85.6,88.22,3925260,-46.4265
2018-12-11,10.932705,10.95,88.32,86.8,88.7992,2606042,-25.1452
2018-12-12,10.831628,10.82,88.56,86.32,89.04,3284498,6.499
2018-12-13,11.14215,11.21,85.92,85.72,90.16,6635336,-22.2843
2018-12-14,10.85582,10.82,88.72,86.24,88.792,4474004,0.0
2018-12-17,10.589451,10.45,87.12,83.28,87.28,5016203,-8.4716
2018-12-18,9.830516,9.79,83.28,77.84,83.28,7047744,24.5763
2018-12-19,10.162178,10.02,79.76,79.36,81.6,4808566,30.4865
2018-12-20,9.679521,9.72,78.48,77.12,79.68,5516571,16.4552
2018-12-21,9.618791,9.57,76.96,76.32,78.24,4862655,-13.4663
2018-12-24,8.974521,9.29,75.92,74.24,76.16,2699773,-8.9745
2018-12-26,9.753995,9.9,74.0,73.84,79.36,5122350,0.0
2018-12-27,9.41474,9.62,76.72,74.96,77.1736,4572334,0.0
2018-12-28,9.567095,9.53,76.32,75.04,77.2,2850421,43.0519
2018-12-31,9.585221,9.66,77.04,75.52,77.64,3552177,19.1704
2019-01-02,9.824623,9.85,75.36,74.88,80.668,4137855,-4.9123
2019-01-03,9.941219,9.95,79.92,77.24,80.08,4027375,-12.9236
2019-01-04,10.125559,10.18,81.36,80.48,83.12,4864510,-11.1381
2019-01-07,10.245219,10.29,82.16,81.8528,84.16,4031141,-20.4904
2019-01-08,10.511765,10.5,83.44,82.8792,84.3984,3644150,-22.0747
2019-01-09,11.055852,11.05,86.48,85.52,88.8,6148536,70.7575
2019-01-10,11.10333,11.1,87.12,86.8,89.12,2647249,-26.648
2019-01-11,10.893341,10.9,87.84,86.44,88.4,3576688,37.0374
2019-01-14,10.661624,10.69,86.48,85.04,87.44,3882536,0.0
2019-01-15,10.995852,11.0,86.8,86.8,88.32,2989482,-37.3859
2019-01-16,11.04255,11.06,87.6,86.5696,88.56,4094159,-46.3787
2019-01-17,10.990597,11.03,87.04,86.16,88.8,4481596,20.8821
2019-01-18,11.343678,11.31,88.96,88.3464,90.96,5105031,144.065
2019-01-22,11.129473,11.12,88.72,87.4,89.2728,4597172,0.0
2019-01-23,11.04817,11.05,89.36,87.12,89.52,3630601,-46.4023
2019-01-24,11.155809,11.17,88.48,88.24,89.84,2748365,-35.6986
2019-01-25,11.273935,11.25,89.6,89.28,90.4,2220977,-25.9301
2019-01-28,10.918495,10.95,87.52,86.24,87.7416,3613907,0.0
2019-01-29,11.196272,11.16,88.96,88.96,90.6,2847829,22.3925
2019-01-30,11.390028,11.4,90.72,90.32,92.32,2582504,-51.2551
2019-01-31,11.298152,11.35,92.0,90.0848,93.04,3443349,0.0
2019-02-01,11.607477,11.63,91.2,91.12,93.52,2362478,-11.6075
2019-02-04,11.462091,11.5,91.04,89.6,92.16,2478473,28.6552
2019-02-05,11.273666,11.29,90.24,89.84,91.7808,2743159,-18.0379
2019-02-06,11.347743,11.32,89.68,89.056,91.28,2399106,0.0
2019-02-07,11.062101,11.07,90.08,87.0544,90.32,2777824,0.0
2019-02-08,11.080107,11.08,88.8,87.76,89.04,1734604,0.0
2019-02-11,11.016557,11.01,86.72,86.16,88.48,2945869,0.0
2019-02-12,11.160743,11.16,90.56,89.04,90.72,2233892,-7.8125
2019-02-13,11.336795,11.34,90.4,90.3512,91.7688,2597723,-12.4705
2019-02-14,11.437573,11.48,90.16,89.36,91.84,3395522,-29.7377
2019-02-15,11.68656,11.71,92.88,92.584,93.84,2346180,-23.3731
2019-02-19,11.786899,11.78,93.12,93.04,94.4,2636742,43.6115
2019-02-20,11.935709,11.93,93.84,93.76,96.16,2125911,-121.744
2019-02-21,11.894545,11.88,95.12,94.64,95.52,1654337,-11.8945
2019-02-22,11.957591,11.95,96.0,95.44,96.48,1635109,23.9152
2019-02-25,11.58754,11.57,93.84,92.0,94.16,3565645,0.0
2019-02-26,11.592329,11.63,92.88,92.32,93.6,2493223,-16.2293
2019-02-27,11.893679,11.89,94.6,94.08,95.92,2688472,0.0
2019-02-28,11.952744,11.95,95.36,94.8,95.944,1783633,0.0
2019-03-01,11.656688,11.66,95.6,92.88,96.24,3959204,0.0
2019-03-04,11.823516,11.8,94.72,93.44,95.28,2754205,0.0
2019-03-05,11.817739,11.82,95.28,94.08,95.44,2590208,-36.635
2019-03-06,11.747286,11.75,93.68,92.64,94.312,3225271,0.0
2019-03-07,11.837747,11.81,94.64,94.0128,94.88,2221279,14.2053
2019-03-08,11.714096,11.73,92.08,91.12,93.92,3694683,0.0
2019-03-11,11.860522,11.86,94.96,94.16,95.2,2811998,0.0
2019-03-12,11.877369,11.89,95.52,94.8,96.16,2052432,-26.1302
2019-03-13,12.166581,12.19,96.4,96.24,97.68,3626701,0.0
2019-03-14,12.233644,12.22,97.76,97.0856,98.16,2648074,-35.4776
2019-03-15,12.215575,12.2,96.64,96.48,97.92,2030775,-52.527
2019-03-18,12.33366,12.31,97.84,97.64,98.96,2304933,60.4349
2019-03-19,12.31555,12.28,99.04,97.8848,99.28,1948515,-12.3155
2019-03-20,12.511417,12.5,98.16,98.0,100.16,2446095,-11.2603
2019-03-21,12.460106,12.44,99.84,99.12,100.4,1866703,0.0
2019-03-22,12.265443,12.23,98.4,96.88,98.56,2842485,0.0
2019-03-25,12.221539,12.25,97.44,96.64,98.64,2457836,0.0
2019-03-26,12.454882,12.47,99.92,99.2,100.32,2047624,0.0
2019-03-27,12.345375,12.34,99.92,97.76,100.08,2391096,-37.0361
2019-03-28,12.323139,12.35,97.2,97.12,98.8,2587634,18.4847
2019-03-29,12.499555,12.5,100.48,99.36,100.48,2203940,-17.4994
2019-04-01,12.801575,12.82,100.96,100.64,102.64,2856934,0.0
2019-04-02,13.008064,13.01,103.04,102.8,104.32,2901423,-40.325
2019-04-03,12.983822,12.99,104.0,103.2,104.48,3037745,-24.6693
2019-04-04,12.909654,12.92,103.84,102.88,104.32,2172126,-40.0199
2019-04-05,13.114063,13.15,103.84,103.76,105.36,2344917,2.6228
2019-04-08,13.390386,13.4,105.84,105.84,107.28,2982435,33.476
2019-04-09,13.305939,13.33,106.8,105.92,107.0392,3424220,-37.2566
2019-04-10,13.443549,13.41,107.04,106.64,107.68,2108259,0.0
2019-04-11,13.237382,13.27,106.72,105.44,107.04,2359751,10.5899
2019-04-12,13.310456,13.3,106.88,106.24,107.16,2317663,13.3105
2019-04-15,13.216724,13.24,105.84,105.12,106.312,1979565,11.8951
2019-04-16,13.348403,13.37,105.84,105.04,107.04,1681164,-1.3348
2019-04-17,13.282516,13.28,107.04,106.08,107.12,1932466,-29.2215
2019-04-18,13.324792,13.32,106.4,105.84,106.72,1549136,-86.6111
2019-04-22,13.635342,13.67,108.88,108.8,109.76,2547716,0.0
2019-04-23,13.792024,13.79,109.76,109.64,110.84,2315431,17.9296
2019-04-24,13.7074,13.68,110.48,109.28,110.56,1879183,15.0781
2019-04-25,13.566595,13.53,109.52,108.0,109.8,2195307,0.0
2019-04-26,13.169891,13.09,107.04,103.68,107.12,5269260,-9.2189
2019-04-29,13.21333,13.23,105.2,104.4352,106.0,2926274,95.136
2019-04-30,13.299293,13.29,106.8,105.44,106.88,2096427,-13.2993
2019-05-01,13.235443,13.22,106.24,104.48,106.44,3221471,0.0
2019-05-02,12.863587,12.82,103.36,101.52,103.52,5288614,-32.159
2019-05-03,12.891307,12.87,102.96,102.8,104.08,3274225,21.9152
2019-05-06,12.957691,13.07,102.32,102.3144,104.84,4741503,25.9154
2019-05-07,12.781401,12.73,102.24,101.04,102.8,3743117,-33.2316
2019-05-08,12.931008,12.89,102.24,102.0,103.84,2893745,0.0
2019-05-09,12.844996,12.81,102.56,101.4752,102.96,2399019,-12.845
2019-05-10,12.841651,12.84,102.4,102.2992,103.4056,2353611,0.0
2019-05-13,12.720613,12.68,105.12,101.12,105.5288,4848842,-13.9927
2019-05-14,12.877137,12.87,102.72,102.48,103.56,2536021,0.0
2019-05-15,12.935962,12.97,102.16,102.08,104.04,2752536,0.0
2019-05-16,13.107026,13.14,104.8,104.64,105.92,2457741,32.7676
2019-05-17,13.078546,13.08,105.28,104.2528,106.04,2948458,15.6943
2019-05-20,13.140698,13.15,104.96,104.24,105.76,2682615,-19.711
2019-05-21,13.124742,13.13,104.88,104.4,105.36,1840012,-23.6245
2019-05-22,12.76986,12.74,103.92,101.52,104.432,3444327,0.0
2019-05-23,12.040678,12.09,98.96,95.36,98.96,5696452,21.6732
2019-05-24,12.19093,12.23,97.76,95.6288,97.92,2690882,76.8029
2019-05-28,12.299205,12.23,98.96,97.6,98.96,2925529,0.0
2019-05-29,12.231211,12.24,96.24,94.64,98.24,4513234,-33.0243
2019-05-30,11.77009,11.76,98.24,93.76,98.32,3688590,-9.4161
2019-05-31,11.127977,11.1,91.6,88.32,92.28,5039956,0.0
2019-06-03,11.077655,10.99,90.4,87.68,90.5632,4144102,0.0
2019-06-04,11.126039,11.16,88.56,87.6,89.52,2809361,36.7159
2019-06-05,10.752062,10.77,88.08,84.24,88.16,5199918,-32.2562
2019-06-06,10.941817,11.06,85.92,85.2,88.72,3949347,43.7673
2019-06-07,11.234629,11.23,87.76,87.6,90.4,3269396,-7.8642
2019-06-10,11.089304,11.11,89.84,88.3552,90.8,2936625,0.0
2019-06-11,11.096263,11.11,89.52,88.28,89.76,2360615,24.4118
2019-06-12,10.650647,10.64,87.04,84.56,87.2,4382647,0.0
2019-06-13,10.89374,10.88,88.56,86.48,88.64,4366046,2.1788
2019-06-14,10.941938,10.94,87.36,86.88,88.32,3216363,29.5432
2019-06-17,10.819052,10.81,86.8,86.0,87.56,3940363,0.0
2019-06-18,11.221926,11.25,87.92,87.68,90.48,4511600,-15.7107
2019-06-19,11.193411,11.33,89.12,88.8,90.72,5144683,-31.3416
2019-06-20,11.836918,11.85,93.52,93.04,95.2,5822444,18.9391
2019-06-21,11.912086,11.97,94.88,94.8,95.84,3071972,57.178
2019-06-24,12.01125,12.01,95.6,94.16,96.32,3329024,10.8101
2019-06-25,11.997293,12.0,96.28,95.52,96.88,2896216,-23.9946
2019-06-26,12.319422,12.29,98.32,98.0,99.44,4382434,0.0
2019-06-27,12.330411,12.29,98.32,98.096,99.12,3304889,-69.0503
2019-06-28,12.132819,12.04,98.64,95.8528,98.8,3607098,-26.6922
2019-07-01,12.262246,12.28,99.52,96.848,99.56,3918918,-11.036
2019-07-02,11.673451,11.7,97.68,93.12,97.68,6164291,-11.6735
2019-07-03,11.900472,11.77,94.48,93.1824,94.84,2461279,14.2806
2019-07-05,11.936672,11.95,94.88,94.56,95.92,2838280,48.9404
2019-07-08,11.969434,11.93,95.96,95.28,97.0408,3144796,-8.3786
2019-07-09,12.005478,12.04,95.84,95.3272,96.4,1831983,-43.2197
2019-07-10,12.542988,12.53,98.64,98.4,100.52,4188493,-38.8833
2019-07-11,12.494002,12.55,100.56,99.84,101.0008,2230186,-39.9808
2019-07-12,12.498412,12.52,100.08,99.52,100.64,1864222,-47.494
2019-07-15,12.371718,12.3,100.8,98.32,100.88,2717272,0.0
2019-07-16,11.97014,12.07,98.96,94.88,99.76,4500138,0.0
2019-07-17,11.800725,11.75,96.88,93.92,96.88,3774623,27.1417
2019-07-18,11.490288,11.56,94.32,90.96,94.4,4825066,0.0
2019-07-19,11.561326,11.67,92.56,91.44,93.5192,3138532,38.1524
2019-07-22,11.658295,11.68,92.96,92.64,93.6768,3000223,-9.3266
2019-07-23,11.772888,11.81,93.44,92.72,94.56,2235122,-65.9282
2019-07-24,11.58889,11.59,94.48,91.772,95.6,4365505,28.9722
2019-07-25,11.618471,11.6,93.8,92.64,94.16,2486520,27.8843
2019-07-26,11.656337,11.65,93.12,92.4,93.68,2157044,-17.4845
2019-07-29,11.796881,11.82,94.16,92.688,94.72,2837455,35.3906
2019-07-30,12.042235,12.08,94.72,94.56,96.76,2717495,-34.9225
2019-07-31,12.152758,12.04,97.2,96.0,97.6,3487515,-53.4721
2019-08-01,11.192738,11.31,94.96,88.96,95.04,7204322,33.5782
2019-08-02,11.548088,11.48,92.68,91.52,92.8264,4697245,35.7991
2019-08-05,11.348238,11.37,90.48,90.32,92.32,5893976,54.4715
2019-08-06,11.128723,11.14,91.44,88.72,91.52,3784239,-32.2733
2019-08-07,10.600683,10.84,86.48,83.92,87.12,6763022,-26.5017
2019-08-08,10.899724,10.96,86.88,86.32,87.92,2943329,65.3983
2019-08-09,11.299117,11.28,89.76,89.6,91.04,3621720,32.7674
2019-08-12,11.40006,11.36,90.96,90.08,91.52,3017348,-52.4403
2019-08-13,11.868235,11.87,90.64,90.48,95.44,5984431,23.7365
2019-08-14,11.484222,11.44,91.68,89.84,92.16,5230790,-22.9684
2019-08-15,11.312212,11.35,90.4,89.76,91.36,3768831,0.0
2019-08-16,11.393811,11.4,91.04,90.24,91.52,2934803,-11.3938
2019-08-19,11.671826,11.66,92.8,92.0,93.68,3050403,21.0093
2019-08-20,11.670253,11.63,92.72,91.76,93.9536,3081748,8.1692
2019-08-21,11.577202,11.61,94.72,92.4,94.96,3012189,8.104
2019-08-22,11.509083,11.53,93.28,91.28,93.6,2724057,-18.4145
2019-08-23,11.264229,11.19,89.84,88.6,91.12,4257204,-39.4248
2019-08-26,11.155472,11.18,91.52,89.12,91.92,3261006,22.3109
2019-08-27,11.424256,11.42,89.92,89.36,91.68,3071538,-34.2728
2019-08-28,11.601557,11.64,93.76,92.4,94.32,3798728,5.8008
2019-08-29,11.795504,11.78,93.2,93.16,94.6408,2845681,-80.2094
2019-08-30,11.46166,11.46,93.92,90.8,94.08,3818589,22.9233
2019-09-03,11.221823,11.22,88.72,87.92,90.16,3508324,32.5433
2019-09-04,11.704958,11.71,92.24,92.1584,94.16,3644308,-3.5115
2019-09-05,11.713788,11.7,94.4,93.2,96.08,3411113,-16.3993
2019-09-06,11.760063,11.77,91.68,91.28,94.8,2792520,-18.8161
2019-09-09,12.0365,12.08,95.36,95.16,96.8,2925376,37.3131
2019-09-10,11.943976,11.98,96.88,95.2,97.8,3195703,0.0
2019-09-11,11.604975,11.68,95.92,92.64,96.4,4790672,-13.926
2019-09-12,11.475871,11.47,90.56,90.24,92.16,4467405,0.0
2019-09-13,11.424187,11.44,91.92,91.0664,92.2,1759294,98.248
2019-09-16,13.066402,12.83,99.92,99.6,105.28,10127498,24.8262
2019-09-17,12.322546,12.29,103.44,97.2,103.44,12375256,-48.0579
2019-09-18,12.102046,12.1,97.04,96.08,98.144,4342795,1.2102
2019-09-19,12.133805,12.19,97.76,96.88,98.28,3822516,31.5479
2019-09-20,12.113434,12.2,97.84,96.64,98.5248,3016473,-36.3403
2019-09-23,12.229455,12.21,97.12,96.32,97.92,2698017,62.3702
2019-09-24,11.948417,11.9,96.96,94.88,97.1984,3699162,-57.3524
2019-09-25,11.782063,11.8,93.28,92.8,94.56,2705956,-17.6731
2019-09-26,11.765844,11.8,93.44,92.48,94.52,2632501,35.2975
2019-09-27,11.661968,11.66,92.56,92.4,94.7192,3222683,94.4619
2019-09-30,11.279418,11.34,92.08,90.08,92.8,3176761,-16.9191
2019-10-01,11.186053,11.19,91.12,88.56,91.44,3315106,-42.507
2019-10-02,10.982085,10.98,89.6,87.08,89.6,3566985,-3.2946
2019-10-03,10.94294,10.93,86.64,85.12,87.84,3676880,-14.2258
2019-10-04,11.018477,11.04,88.56,86.88,89.12,3501458,-5.5092
2019-10-07,11.00727,11.04,89.12,87.84,90.24,2515126,28.6189
2019-10-08,10.982669,10.89,86.92,86.56,88.16,3059399,-49.422
2019-10-09,10.975995,10.99,89.44,87.44,89.68,2999427,0.0
2019-10-10,11.175363,11.19,88.88,88.4,89.76,2662384,-13.4104
2019-10-11,11.426393,11.42,89.92,89.92,91.6808,4610519,-22.8528
2019-10-14,11.191673,11.18,89.28,88.24,89.72,2974474,-5.5958
2019-10-15,11.031507,11.06,89.2,88.08,89.84,3116883,8.8252
2019-10-16,11.150858,11.14,88.08,88.08,89.84,2560411,23.4168
2019-10-17,11.272283,11.28,88.52,88.048,90.48,2209639,34.9441
2019-10-18,11.239319,11.22,90.72,89.2,91.08,2495216,-26.9744
2019-10-21,11.165458,11.21,88.4,88.32,89.76,2206605,-11.1655
2019-10-22,11.368336,11.34,90.48,89.92,91.52,2782349,-5.6842
2019-10-23,11.679715,11.65,90.2,90.16,93.6,3237419,0.0
2019-10-24,11.73441,11.73,93.6,93.4392,94.32,2023332,0.0
2019-10-25,11.824594,11.83,93.68,92.8544,94.72,2064118,-52.0282
2019-10-28,11.64854,11.65,94.72,92.8,95.04,2371637,-13.9782
2019-10-29,11.592645,11.58,91.48,91.36,93.36,2198252,0.0
2019-10-30,11.49291,11.47,92.56,90.88,92.56,2995104,0.0
2019-10-31,11.309659,11.3,91.12,89.68,91.2,2764131,0.0
2019-11-01,11.731768,11.69,91.6,91.52,94.08,3279478,0.0
2019-11-04,11.804052,11.81,95.44,94.24,95.92,3043047,0.0
2019-11-05,11.948543,11.93,95.36,95.28,96.04,2096386,-35.8456
2019-11-06,11.765253,11.81,95.68,93.76,96.6192,4253383,0.0
2019-11-07,11.930781,11.88,95.84,94.88,96.64,3258344,-39.3716
2019-11-08,11.951754,11.99,93.84,93.12,96.0,3008853,15.5373
2019-11-11,11.876502,11.89,94.32,94.16,95.8,2231189,0.0
2019-11-12,11.866154,11.87,95.68,94.48,96.16,2174317,-9.4929
2019-11-13,11.939649,11.96,94.4,94.4,96.16,2815161,0.0
2019-11-14,11.939649,11.91,96.32,94.8,96.48,2548215,14.2479
2019-11-15,12.072009,12.08,94.96,94.96,97.04,2205185,-24.144
2019-11-18,11.929253,11.9,95.84,94.64,96.08,3133965,-3.5788
2019-11-19,11.555976,11.57,93.68,92.16,93.92,3606876,0.0
2019-11-20,11.903004,11.9,93.4,92.9616,95.84,4796600,24.9963
2019-11-21,12.231211,12.2,96.44,96.28,98.0,3373872,0.0
2019-11-22,12.062498,12.11,97.6,96.08,97.68,2237292,-92.8812
2019-11-25,12.113905,12.11,96.24,95.7592,97.12,2349316,25.4392
2019-11-26,12.197862,12.19,97.36,96.6024,97.84,2056807,0.0
2019-11-27,12.13563,12.14,97.28,96.12,97.76,1884605,0.0
2019-11-29,11.522774,11.62,95.44,92.34,95.52,3345292,41.482
2019-12-02,11.688557,11.67,94.24,92.96,94.48,1742016,0.0
2019-12-03,11.718203,11.76,93.36,92.72,94.88,2917850,17.5773
2019-12-04,12.205303,12.19,96.48,96.4,98.0,3671403,0.0
2019-12-05,12.205685,12.19,98.48,97.16,98.8,2976256,-56.1462
2019-12-06,12.364492,12.32,97.04,96.96,99.96,2626823,-56.8767
2019-12-09,12.327794,12.33,98.0,98.0,99.0,1718813,0.0
2019-12-10,12.373878,12.39,98.48,98.16,99.44,1284198,0.0
2019-12-11,12.271418,12.3,98.64,97.12,98.92,1918329,0.0
2019-12-12,12.357605,12.37,98.4,98.4,99.76,2787551,-21.0079
2019-12-13,12.550511,12.49,99.28,99.12,101.04,2137636,20.0808
2019-12-16,12.585119,12.59,100.64,100.48,100.944,801840,56.633
2019-12-17,12.738261,12.72,101.2,101.2,102.08,1494179,-26.7503
2019-12-18,12.734472,12.74,101.28,100.96,102.3168,1483655,0.0
2019-12-19,12.803926,12.78,102.0,101.6832,102.8,959589,0.0
2019-12-20,12.649455,12.63,101.76,100.48,101.76,1429481,-29.0937
2019-12-23,12.667392,12.7,100.88,100.72,101.76,931688,-12.6674
2019-12-24,12.791323,12.77,101.84,101.8,102.32,431742,-28.1409
2019-12-26,12.911418,12.89,102.56,102.56,103.52,881688,10.3291
2019-12-27,12.920208,12.91,103.36,102.56,103.68,1137992,0.0
2019-12-30,12.912989,12.89,104.08,102.32,104.16,1121459,40.0303
2019-12-31,12.783577,12.81,101.68,101.52,103.64,1450665,-52.4127
2020-01-02,12.809504,12.81,102.4,101.6,102.8,1562401,-25.619
2020-01-03,13.201431,13.18,106.16,104.24,106.5304,4326415,0.0
2020-01-06,13.248609,13.16,106.4,104.96,106.56,2599289,92.7403
2020-01-07,13.129623,13.13,104.8,104.08,105.44,1859810,0.0
2020-01-08,12.484212,12.66,104.48,99.12,104.56,6927560,0.0
2020-01-09,12.476918,12.49,99.6,98.32,100.32,3439673,0.0
2020-01-10,12.379059,12.41,99.44,98.68,99.84,2016753,198.065
2020-01-13,12.188735,12.2,98.48,97.28,98.48,2858833,-24.3775
2020-01-14,12.22688,12.28,98.16,97.6,98.56,2338576,11.0042
2020-01-15,12.139105,12.18,97.6,96.4,97.76,1881759,0.0
2020-01-16,12.284276,12.29,97.6,97.56,98.84,1960807,29.4823
2020-01-17,12.295115,12.33,98.64,97.92,98.96,2220763,24.5902
2020-01-21,12.254526,12.24,97.76,97.68,98.72,1709633,0.0
2020-01-22,11.910625,11.9,96.24,95.0,96.32,3196459,-82.1833
2020-01-23,11.669601,11.66,92.8,92.0,93.68,3858529,0.0
2020-01-24,11.37609,11.43,91.92,90.48,92.0,3051030,17.0641
2020-01-27,11.156623,11.1,88.88,88.16,89.92,3142594,35.7012
2020-01-28,11.228348,11.25,89.28,88.8912,90.56,3048704,-42.6677
2020-01-29,11.197195,11.16,90.24,88.72,90.28,2724537,0.0
2020-01-30,10.94762,11.08,87.44,86.8,88.72,3689645,54.7381
