Date,FUND_NET_ASSET_VAL,ALL_BROKERS_ADV_TOT_AGGR_VOL
11/27/20,18.0456,10659
11/25/20,17.9357,14550
11/24/20,18.0492,94462
11/23/20,18.0384,42590
11/20/20,17.8912,51923
11/19/20,17.842,41218
11/18/20,17.8372,35501
11/17/20,17.7463,90556
11/16/20,17.6069,19077
11/13/20,17.5103,28875
11/12/20,17.421,65011
11/11/20,17.4942,63162
11/10/20,17.3832,106069
11/09/20,16.9318,41087
11/06/20,16.8302,40274
11/05/20,16.8225,66108
11/04/20,16.5709,61661
11/03/20,16.2837,24169
11/02/20,16.1231,37444
10/30/20,16.153,28991
10/29/20,16.0542,175115
10/28/20,16.0829,110899
10/27/20,16.3635,57870
10/26/20,16.4675,33189
10/23/20,16.4479,110928
10/22/20,16.361,92840
10/21/20,16.3577,57816
10/20/20,16.2714,68569
10/19/20,16.1337,45393
10/16/20,16.0774,63849
10/15/20,16.1972,67916
10/14/20,16.1728,139017
10/13/20,16.0933,302671
10/12/20,15.9405,523422
10/09/20,16.2723,109292
10/08/20,15.9471,77930
10/07/20,16.0456,87806
10/06/20,16.0611,203185
10/05/20,15.863,51279
10/02/20,15.8589,26728
10/01/20,15.8633,33452
09/30/20,15.8653,231533
09/29/20,15.4659,158265
09/28/20,15.4855,69719
09/25/20,15.5562,56481
09/24/20,15.5113,199147
09/23/20,15.7275,62603
09/22/20,15.8023,132511
09/21/20,15.8571,396412
09/18/20,16.1142,316493
09/17/20,15.9353,229885
09/16/20,15.7856,175920
09/15/20,15.5447,117010
09/14/20,15.607,311522
09/11/20,15.5228,142364
09/10/20,15.3401,80483
09/09/20,15.381,88135
09/08/20,15.3193,77595
09/04/20,15.2545,156633
09/03/20,15.2328,76655
09/02/20,15.2106,74876
09/01/20,15.0949,92559
08/31/20,15.0632,315439
08/28/20,15.0112,150572
08/27/20,14.8902,169856
08/26/20,14.6659,67370
08/25/20,14.6467,109842
08/24/20,14.452,55290
08/21/20,14.4223,47361
08/20/20,14.4295,75721
08/19/20,14.543,72688
08/18/20,14.5411,80637
08/17/20,14.5492,91096
08/14/20,14.3111,40929
08/13/20,14.3323,193630
08/12/20,14.0893,88944
08/11/20,13.9581,538751
08/10/20,13.9627,107360
08/07/20,13.8829,115257
08/06/20,14.0477,158953
08/05/20,14.0605,345493
08/04/20,14.0855,507214
08/03/20,14.2615,58043
07/31/20,14.2183,243938
07/30/20,14.1506,65639
07/29/20,14.1134,77976
07/28/20,14.1257,545817
07/27/20,14.3004,25978
07/24/20,14.2782,11010
07/23/20,14.2782,26069
07/22/20,14.2234,67452
07/21/20,14.1929,73757
07/20/20,14.2639,16667
07/17/20,14.1968,8993
07/16/20,14.1411,19532
07/15/20,14.0385,49170
07/14/20,13.9803,50936
07/13/20,13.9523,101332
07/10/20,14.1623,76116
07/09/20,14.3251,26298
07/08/20,14.2684,35429
07/07/20,14.3103,64306
07/06/20,14.3531,116988
07/02/20,14.2156,27975
07/01/20,14.2562,99968
06/30/20,13.9841,462189
06/29/20,13.7386,21881
06/26/20,13.7033,43906
06/25/20,13.8275,221532
06/24/20,13.8743,341923
06/23/20,13.9422,167103
06/22/20,13.9958,69431
06/19/20,14.0157,296512
06/18/20,13.9519,53577
06/17/20,13.9674,159631
06/16/20,13.9157,431346
06/15/20,13.958,44403
06/12/20,13.998,26190
06/11/20,13.9779,8024
06/10/20,13.9979,7553
06/09/20,14.0092,17732
06/08/20,14.0649,17181
06/05/20,14.0821,48649
06/04/20,14.0346,91380
06/03/20,13.8466,14010
06/02/20,13.7687,27123
06/01/20,13.6553,4740
05/29/20,13.641,10736
05/28/20,13.6808,10062
05/27/20,13.6798,27720
05/26/20,13.662,18018
05/22/20,13.5178,5273
05/21/20,13.5306,24092
05/20/20,13.6222,13663
05/19/20,13.5773,7672
05/18/20,13.5936,12543
05/15/20,13.4738,14251
05/14/20,13.4418,23867
05/13/20,13.465,9714
05/12/20,13.6253,15255
05/11/20,13.6535,10070
05/08/20,13.6011,19505
05/07/20,13.4986,49082
05/06/20,13.3846,11200
05/05/20,13.5092,6953
05/04/20,13.5221,11293
05/01/20,13.6693,6026
04/30/20,13.7094,25104
04/29/20,13.5069,65412
04/28/20,13.4081,16745
04/27/20,13.4009,23308
04/24/20,13.4335,43251
04/23/20,13.5551,29738
04/22/20,13.5431,38517
04/21/20,13.5905,41347
04/20/20,13.5215,29402
04/17/20,13.597,22472
04/16/20,13.6522,18974
04/15/20,13.7319,11566
04/14/20,13.824,4022
04/13/20,13.911,18857
04/09/20,14.002,6231
04/08/20,13.8736,6726
04/07/20,13.8216,15944
04/06/20,13.7898,10251
04/03/20,13.736,14168
04/02/20,13.7843,23807
04/01/20,13.7828,19489
03/31/20,14.0012,10817
03/30/20,13.9811,16553
03/27/20,14.0218,15474
03/26/20,14.0928,13252
03/25/20,14.0606,16102
03/24/20,14.0215,13194
03/23/20,14.0007,12829
03/20/20,13.8388,18939
03/19/20,13.6402,62630
03/18/20,13.5459,67610
03/17/20,13.5431,8126
03/16/20,13.5825,30978
03/13/20,13.9157,27786
03/12/20,14.0314,17750
03/11/20,14.254,6300
03/10/20,14.3168,9199
03/09/20,14.2267,32317
03/06/20,14.5593,3979
03/05/20,14.6355,10301
03/04/20,14.7952,2708
03/03/20,14.7755,23545
03/02/20,14.74,33105
02/28/20,14.5953,7663
02/27/20,14.6546,14405
02/26/20,14.6255,20000
02/25/20,14.576,22867
02/24/20,14.4849,75058
02/21/20,14.727,5914
02/20/20,14.7464,75049
02/19/20,14.8256,23011
02/18/20,14.7905,9812
02/14/20,14.8111,16736
02/13/20,14.8483,46314
02/12/20,14.8047,14553
02/11/20,14.7362,8121
02/10/20,14.7368,10666
02/07/20,14.7093,7173
02/06/20,14.7168,9036
02/05/20,14.7091,4783
02/04/20,14.6907,26689
02/03/20,14.66,4406
01/31/20,14.5953,16081
01/30/20,14.6568,13968
01/29/20,14.9083,6612
01/28/20,14.9332,2824
01/27/20,14.9731,18035
01/24/20,15.0548,31866
01/23/20,15.1839,21765
01/22/20,15.2464,18925
01/21/20,15.2765,17026
01/17/20,15.4637,11833
01/16/20,15.3824,16503
01/15/20,15.445,30836
01/14/20,15.6467,41772
01/13/20,15.6497,18208
01/10/20,15.7176,11106
01/09/20,15.6742,25923
01/08/20,15.7377,6780
01/07/20,15.6933,4209
01/06/20,15.706,28221
01/03/20,15.6588,33536
01/02/20,15.8689,17975
12/31/19,15.8507,14084
12/30/19,15.8105,22192
12/27/19,15.6532,16483
12/26/19,15.7194,17419
12/24/19,15.6927,4601
12/23/19,15.6571,7367
12/20/19,15.5994,13302
12/19/19,15.5835,16865
12/18/19,15.64,9889
12/17/19,15.6335,18374
12/16/19,15.5629,57306
12/13/19,15.3415,24069
12/12/19,15.2017,21355
12/11/19,15.1425,9124
12/10/19,15.255,7204
12/09/19,15.201,11730
12/06/19,15.0826,11239
12/05/19,15.0067,3675
12/04/19,14.9177,11403
12/03/19,14.8256,21111
12/02/19,14.8181,19604
11/29/19,14.8941,9103
11/27/19,14.9719,15901
11/26/19,15.0184,18985
11/25/19,15.1477,6063
11/22/19,15.1971,5552
11/21/19,15.2553,732
11/20/19,15.3149,15824
11/19/19,15.3767,5421
11/18/19,15.343,5053
11/15/19,15.4614,44413
11/14/19,15.4441,7561
11/13/19,15.4564,11701
11/12/19,15.4875,11091
11/11/19,15.488,57161
11/08/19,15.6969,11658
11/07/19,15.7836,41921
11/06/19,15.6629,8001
11/05/19,15.7585,2042
11/04/19,15.8183,17347
11/01/19,15.7887,23270
10/31/19,15.7381,66875
10/30/19,15.7054,3396
10/29/19,15.7516,5821
10/28/19,15.7701,13553
10/25/19,15.7426,40436
10/24/19,15.9135,6103
10/23/19,15.915,3498
10/22/19,15.9226,11724
10/21/19,15.9107,9433
10/18/19,15.914,6094
10/17/19,15.8786,9301
10/16/19,15.8463,12499
10/15/19,15.9215,18317
10/14/19,15.9946,24251
10/11/19,15.9331,52532
10/10/19,15.7821,10441
10/09/19,15.7997,9827
10/08/19,15.7575,12800
10/07/19,15.6632,9100
10/04/19,15.6709,6473
10/03/19,15.6162,9310
10/02/19,15.6471,3409
10/01/19,15.6779,10120
09/30/19,15.5085,14550
09/27/19,15.2009,5921
09/26/19,15.2787,1800
09/25/19,15.2738,1928
09/24/19,15.3366,1650
09/23/19,15.311,7401
09/20/19,15.191,9780
09/19/19,15.3361,1986
09/18/19,15.3034,1301
09/17/19,15.3817,31605
09/16/19,15.4691,9613
09/13/19,15.4378,23568
09/12/19,15.4072,45804
09/11/19,14.9629,20633
09/10/19,15.0432,8728
09/09/19,14.8352,7258
09/06/19,14.8174,7329
09/05/19,14.8678,16639
09/04/19,15.0964,15930
09/03/19,14.9962,8516
08/30/19,14.9908,8502
08/29/19,14.9864,5479
08/28/19,14.9505,2301
08/27/19,14.8544,5460
08/26/19,14.9737,10011
08/23/19,14.8242,24302
08/22/19,14.9849,3755
08/21/19,15.0495,3561
08/20/19,14.9736,12598
08/19/19,14.9502,10385
08/16/19,15.1605,8451
08/15/19,15.0081,14398
08/14/19,15.1246,11151
08/13/19,15.3057,6108
08/12/19,15.172,8301
08/09/19,15.3457,7000
08/08/19,15.2059,4925
08/07/19,14.9475,5981
08/06/19,14.9396,7101
08/05/19,14.9863,20462
08/02/19,14.9851,15413
08/01/19,14.9473,61936
07/31/19,15.1974,30443
07/30/19,15.4167,32962
07/29/19,15.5158,16727
07/26/19,15.4517,3600
07/25/19,15.4276,8000
07/24/19,15.5453,5607
07/23/19,15.4718,9070
07/22/19,15.4915,4774
07/19/19,15.7001,11974
07/18/19,15.4019,24389
07/17/19,15.4104,17631
07/16/19,15.4986,13370
07/15/19,15.7128,15100
07/12/19,15.8953,17580
07/11/19,15.682,8071
07/10/19,15.6067,9465
07/09/19,15.4758,13086
07/08/19,15.3572,12320
07/05/19,15.3002,11810
07/03/19,15.5221,5938
07/02/19,15.3666,5430
07/01/19,15.5103,17458
06/28/19,15.7244,20763
06/27/19,15.5486,38595
06/26/19,15.6133,7602
06/25/19,15.7365,25275
06/24/19,15.8399,11480
06/21/19,15.7538,21226
06/20/19,15.967,23487
06/19/19,15.7705,13520
06/18/19,15.934,35831
06/17/19,15.9256,24847
06/14/19,15.7117,18842
06/13/19,15.618,5129
06/12/19,15.4872,14496
06/11/19,15.2264,12970
06/10/19,15.1946,4836
06/07/19,15.1446,16943
06/06/19,15.3339,16900
06/05/19,15.3597,32565
06/04/19,15.5469,11237
06/03/19,15.486,27299
05/31/19,15.4412,45721
05/30/19,15.617,18778
05/29/19,15.3769,60263
05/28/19,15.1605,75923
05/24/19,14.7435,27169
05/23/19,14.638,13370
05/22/19,14.7206,16517
05/21/19,14.6063,17825
05/20/19,14.758,13660
05/17/19,14.5958,16836
05/16/19,14.893,37317
05/15/19,14.8261,132045
05/14/19,14.7902,89765
05/13/19,14.3398,131951
05/10/19,14.4221,66904
05/09/19,14.4508,101958
05/08/19,14.6702,6750
05/07/19,14.7152,17635
05/06/19,14.7182,53832
05/03/19,14.891,9293
05/02/19,14.8967,17042
05/01/19,15.0399,11627
04/30/19,15.073,6100
04/29/19,15.1734,12415
04/26/19,15.289,4596
04/25/19,15.3845,13125
04/24/19,15.3206,28108
04/23/19,15.4351,26569
04/22/19,15.66,3727
04/18/19,15.7173,10660
04/17/19,15.6974,4650
04/16/19,15.8434,6488
04/15/19,16.0124,100
04/12/19,15.9614,1586
04/11/19,15.968,3100
04/10/19,16.0741,1407
04/09/19,16.0258,9070
04/08/19,16.0288,14827
04/05/19,16.042,5102
04/04/19,16.1491,6555
04/03/19,16.027,11416
04/02/19,16.0434,16490
04/01/19,15.9565,2555
03/29/19,15.7934,11034
03/28/19,15.8719,6250
03/27/19,15.8632,8095
03/26/19,16.051,6186
03/25/19,16.1344,3232
03/22/19,16.0947,11689
03/21/19,16.2258,4720
03/20/19,16.1534,4950
03/19/19,16.1254,10576
03/18/19,16.142,5000
03/15/19,16.1995,5621
03/14/19,16.0553,1200
03/13/19,16.0988,7738
03/12/19,16.0328,7142
03/11/19,15.9118,15712
03/08/19,16.0086,15800
03/07/19,16.1238,11168
03/06/19,16.1186,7243
03/05/19,16.3252,7807
03/04/19,16.3651,19413
03/01/19,16.2849,19061
02/28/19,16.2582,4288
02/27/19,16.3668,5100
02/26/19,16.3658,14554
02/25/19,16.4992,11710
02/22/19,16.4791,3560
02/21/19,16.4833,13800
02/20/19,16.3566,17202
02/19/19,16.3217,28623
02/15/19,16.4406,8448
02/14/19,16.3749,11210
02/13/19,16.5875,9570
02/12/19,16.6084,11200
02/11/19,16.4009,13908
02/08/19,16.5578,20565
02/07/19,16.5356,11854
02/06/19,16.6765,1086
02/05/19,16.6432,7726
02/04/19,16.6043,7820
02/01/19,16.5899,26910
01/31/19,16.5544,14832
01/30/19,16.647,5947
01/29/19,16.6094,9652
01/28/19,16.6858,9494
01/25/19,16.7214,12747
01/24/19,16.5691,2969
01/23/19,16.5578,2160
01/22/19,16.4528,46564
01/18/19,16.5677,10419
01/17/19,16.4234,16260
01/16/19,16.2077,5283
01/15/19,16.1951,2200
01/14/19,16.3695,7090
01/11/19,16.4767,10055
01/10/19,16.4129,27101
01/09/19,16.7013,4610
01/08/19,16.6072,8279
01/07/19,16.6918,11705
01/04/19,16.6387,28451
01/03/19,16.4849,7685
01/02/19,16.3881,10670
12/31/18,16.1982,11355
12/28/18,16.2067,4965
12/27/18,15.9913,8923
12/26/18,16.0011,20370
12/24/18,16.2297,12685
12/21/18,16.2347,52059
12/20/18,16.372,25284
12/19/18,16.4871,5820
12/18/18,16.6239,8117
12/17/18,16.5769,13945
12/14/18,16.5112,11305
12/13/18,16.619,18257
12/12/18,16.8277,30323
12/11/18,16.7453,18365
12/10/18,16.6527,18410
12/07/18,16.7518,29932
12/06/18,16.6291,58646
12/04/18,16.661,64590
12/03/18,16.5577,88338
11/30/18,16.3701,19776
11/29/18,16.2539,6941
11/28/18,16.327,15901
11/27/18,16.0841,6084
11/26/18,15.866,46080
11/23/18,16.1739,400
11/21/18,16.199,3750
11/20/18,16.1644,5901
11/19/18,16.0392,16961
11/16/18,16.3441,3800
11/15/18,16.3029,12113
11/14/18,16.2344,4672
11/13/18,16.1413,5701
11/12/18,16.2285,8573
11/09/18,16.2813,14944
11/08/18,16.1576,32618
11/07/18,16.1521,10201
11/06/18,16.2351,21040
11/05/18,16.2594,10466
11/02/18,16.2702,29003
11/01/18,16.1792,11000
10/31/18,15.6703,18336
10/30/18,15.5963,7728
10/29/18,15.6883,14464
10/26/18,15.7801,7160
10/25/18,15.7328,15595
10/24/18,15.8906,13422
10/23/18,16.0061,2917
10/22/18,16.0215,16511
10/19/18,15.9849,30577
10/18/18,16.1129,42848
10/17/18,16.4955,22557
10/16/18,16.4935,29684
10/15/18,16.6126,45592
10/12/18,16.2091,17589
10/11/18,16.0559,44937
10/10/18,15.9396,15350
10/09/18,16.1428,5872
10/08/18,16.2335,17366
10/05/18,16.2359,44574
10/04/18,16.0818,15754
10/03/18,16.1287,37976
10/02/18,16.1927,15817
10/01/18,16.0404,21870
09/28/18,15.8341,38451
09/27/18,15.998,27955
09/26/18,15.903,6020
09/25/18,15.8454,35150
09/24/18,15.7785,10340
09/21/18,15.8613,24973
09/20/18,15.8915,27325
09/19/18,15.5355,29431
09/18/18,15.2791,22125
09/17/18,15.4386,10746
09/14/18,15.5378,10300
09/13/18,15.5683,15912
09/12/18,15.6795,83770
09/11/18,15.5179,36000
09/10/18,15.7608,8405
09/07/18,15.7468,7100
09/06/18,15.6628,41809
09/05/18,15.6332,34100
09/04/18,15.7397,19458
08/31/18,15.7405,27853
08/30/18,15.5262,48490
08/29/18,15.6165,34330
08/28/18,15.5642,29816
08/27/18,15.7954,20078
08/24/18,15.8928,11923
08/23/18,15.8721,58113
08/22/18,16.1653,43019
08/21/18,16.4231,29999
08/20/18,16.5294,13718
08/17/18,16.5213,65149
08/16/18,16.6089,116581
08/15/18,16.138,49408
08/14/18,16.2921,33156
08/13/18,16.1146,29170
08/10/18,16.01,174342
08/09/18,16.7171,56658
08/08/18,16.8348,40882
08/07/18,16.7367,36973
08/06/18,16.5269,54293
08/03/18,16.6759,97592
08/02/18,16.5904,143620
08/01/18,16.65,56075
07/31/18,16.9255,133819
07/30/18,16.4528,49438
07/27/18,16.3508,92694
07/26/18,16.188,165384
07/25/18,16.2027,91035
07/24/18,16.1486,83690
07/23/18,15.9632,36019
07/20/18,15.9892,48308
07/19/18,15.9385,43625
07/18/18,15.8648,26355
07/17/18,15.8199,81312
07/16/18,15.6804,121857
07/13/18,15.4813,154549
07/12/18,15.7224,145878
07/11/18,15.7095,91731
07/10/18,16.1234,130549
07/09/18,16.1081,76906
07/06/18,16.4766,180436
07/05/18,15.8272,94097
07/03/18,15.9814,47066
07/02/18,16.0647,41086
06/29/18,16.2183,55498
06/28/18,16.2775,23713
06/27/18,16.3661,29125
06/26/18,16.3382,44638
06/25/18,16.4606,91465
06/22/18,16.8159,54618
06/21/18,16.5894,71939
06/20/18,16.7569,75011
06/19/18,16.7494,170526
06/18/18,17.0546,10530
06/15/18,17.0528,50228
06/14/18,17.3571,38036
06/13/18,17.5115,38934
06/12/18,17.7774,38886
06/11/18,17.7426,38338
06/08/18,18.0058,20155
06/07/18,18.1125,7682
06/06/18,18.3758,19529
06/05/18,18.4743,67807
06/04/18,18.433,1100
06/01/18,18.7187,28284
05/31/18,18.6508,5418
05/30/18,18.6593,27512
05/29/18,18.7111,26727
05/25/18,18.9006,13329
05/24/18,18.8171,25043
05/23/18,18.8442,27135
05/22/18,18.6781,23955
05/21/18,18.5949,49033
05/18/18,18.1797,26100
05/17/18,18.155,29042
05/16/18,18.2332,14220
05/15/18,18.4666,31833
05/14/18,18.4605,46496
05/11/18,18.3555,25477
05/10/18,18.6049,21033
05/09/18,18.4896,1202
05/08/18,18.5477,35467
05/07/18,18.4388,16506
05/04/18,18.7839,13486
05/03/18,18.9828,29567
05/02/18,18.8629,24907
05/01/18,19.0266,18726
04/30/18,18.9161,28609
04/27/18,18.9768,62337
04/26/18,18.7443,25450
04/25/18,18.7602,18054
04/24/18,18.7036,30117
04/23/18,18.7191,32806
04/20/18,18.8173,37200
04/19/18,18.953,130605
04/18/18,18.9886,1300
04/17/18,18.9804,2647
04/16/18,18.914,18566
04/13/18,19.0578,7228
04/12/18,19.1385,6808
04/11/18,19.036,2376
04/10/18,19.058,24711
04/09/18,18.9775,24118
04/06/18,18.8137,5045
04/05/18,18.8001,8338
04/04/18,18.57,51815
04/03/18,18.9178,9736
04/02/18,18.8884,7488
03/29/18,19.04,32149
03/28/18,18.5976,9691
03/27/18,18.6524,13700
03/26/18,18.7501,22480
03/23/18,18.7773,30082
03/22/18,18.7981,6377
03/21/18,18.7966,8750
03/20/18,18.7881,11135
03/19/18,18.729,16090
03/16/18,19.0515,3000
03/15/18,18.9223,8472
03/14/18,18.8339,27327
03/13/18,19.1034,60742
03/12/18,18.9628,31999
03/09/18,18.8992,60650
03/08/18,19.2909,19698
03/07/18,19.3023,31416
03/06/18,19.419,13658
03/05/18,19.4316,34413
03/02/18,19.324,24523
03/01/18,19.2984,44270
02/28/18,19.1165,26995
02/27/18,19.0467,21369
02/26/18,18.9984,12542
02/23/18,18.997,500
02/22/18,18.9529,5005
02/21/18,18.9835,11718
02/20/18,18.8712,88866
02/16/18,18.7953,10001
02/15/18,18.8407,18685
02/14/18,18.7321,1400
02/13/18,18.6633,37565
02/12/18,18.5156,5600
02/09/18,18.2034,6700
02/08/18,18.2947,3850
02/07/18,18.2182,3300
02/06/18,18.2928,5149
02/05/18,18.0102,10085
02/02/18,18.1632,19352
02/01/18,18.2758,38800
01/31/18,18.4428,7001
01/30/18,18.5114,19536
01/29/18,18.3767,5939
01/26/18,18.2747,3350
01/25/18,18.3854,23620
01/24/18,18.3911,27136
01/23/18,18.2873,36651
01/22/18,18.2551,19974
01/19/18,18.1399,17093
01/18/18,18.0816,5100
01/17/18,17.9958,3433
01/16/18,17.9926,5929
01/12/18,17.8681,7700
01/11/18,17.6683,20737
01/10/18,17.7423,4760
01/09/18,17.9066,1805
01/08/18,17.9501,4978
01/05/18,18.0089,5731
01/04/18,17.9682,3101
01/03/18,17.991,18451
01/02/18,17.9267,7260
12/29/17,17.8504,7041
12/28/17,17.7729,7680
12/27/17,17.9475,800
12/26/17,17.9927,16500
12/22/17,17.8177,3400
12/21/17,17.8,10273
12/20/17,17.8961,1111
12/19/17,17.9266,2200
12/18/17,18.0321,6936
12/15/17,18.1356,475410
12/14/17,18.1462,57739
12/13/17,18.3556,2573
12/12/17,18.2968,21813
12/11/17,18.4091,2738
12/08/17,18.5326,1326
12/07/17,18.5707,6200
12/06/17,18.7569,3588
12/05/17,18.8515,7705
12/04/17,18.6872,11800
12/01/17,18.6226,5201
11/30/17,18.4735,8726
11/29/17,18.5725,4128
11/28/17,18.5847,1500
11/27/17,18.6253,3594
11/24/17,18.5821,4234
11/22/17,18.6436,11740
11/21/17,18.5081,1838
11/20/17,18.5263,4900
11/17/17,18.524,33221
11/16/17,18.2081,7111
11/15/17,18.2718,800
11/14/17,18.129,2700
11/13/17,18.2565,19840
11/10/17,18.4802,400
11/09/17,18.461,31854
11/08/17,18.6855,250
11/07/17,18.6276,3642
11/06/17,18.6016,3680
11/03/17,18.4807,3168
11/02/17,18.6956,4314
11/01/17,18.5496,17663
10/31/17,18.4459,2857
10/30/17,18.447,6055
10/27/17,18.4758,3626
10/26/17,18.4094,7670
10/25/17,18.4753,6491
10/24/17,18.4707,9970
10/23/17,18.5664,7858
10/20/17,18.5203,51707
10/19/17,18.6535,10601
10/18/17,18.6063,10128
10/17/17,18.6104,16747
10/16/17,18.7155,1470
10/13/17,18.8588,30748
10/12/17,18.7449,46360
10/11/17,18.2896,760
10/10/17,18.2905,3145
10/09/17,18.3005,2914
10/06/17,18.4155,801
10/05/17,18.3477,2620
10/04/17,18.172,1400
10/03/17,18.1218,3500
10/02/17,18.1477,2513
09/29/17,18.3339,77822
09/28/17,18.2038,36102
09/27/17,18.3072,11066
09/26/17,18.2679,4290
09/25/17,18.3945,12596
09/22/17,18.6138,39495
09/21/17,18.392,9086
09/20/17,18.384,8000
09/19/17,18.308,3183
09/18/17,18.337,20426
09/15/17,18.3506,2675
09/14/17,18.4568,6796
09/13/17,18.2056,34002
09/12/17,18.0484,59425
09/11/17,18.2137,14000
09/08/17,18.2444,8678
09/07/17,18.3787,1271
09/06/17,18.4125,12534
09/05/17,18.3766,5671
09/01/17,18.042,2226
08/31/17,17.9557,16640
08/30/17,17.7313,15915
08/29/17,17.7834,40850
08/28/17,17.8519,5300
08/25/17,17.9012,2300
08/24/17,17.9423,38472
08/23/17,17.8051,15151
08/22/17,17.7941,3213
08/21/17,17.767,7909
08/18/17,17.7673,5627
08/17/17,17.7077,2101
08/16/17,17.5781,6450
08/15/17,17.5491,1969
08/14/17,17.8197,19248
08/11/17,17.9446,12579
08/10/17,17.8441,58774
08/09/17,18.4049,29785
08/08/17,18.4029,32940
08/07/17,18.3643,1457
08/04/17,18.1403,6683
08/03/17,18.2179,3467
08/02/17,18.4869,40081
08/01/17,18.3636,35285
07/31/17,18.9497,33100
07/28/17,19.0514,39068
07/27/17,18.9717,2700
07/26/17,18.8512,22562
07/25/17,18.7408,46360
07/24/17,19.0622,28394
07/21/17,19.2768,27994
07/20/17,19.3206,36750
07/19/17,19.0684,28920
07/18/17,18.8773,21141
07/17/17,18.8345,6732
07/14/17,18.9129,15513
07/13/17,18.6515,140023
07/12/17,19.497,31773
07/11/17,19.5753,35848
07/10/17,19.4714,45270
07/07/17,19.0911,43930
07/06/17,18.8299,18527
07/05/17,18.7538,35492
07/03/17,18.5128,54064
06/30/17,18.0961,13007
06/29/17,17.5779,3166
06/28/17,17.5194,11020
06/27/17,17.447,28700
06/26/17,17.3987,1500
06/23/17,17.353,13020
06/22/17,17.3921,21710
06/21/17,17.6505,5000
06/20/17,17.8514,6800
06/19/17,18.0109,4700
06/16/17,18.0322,17165
06/15/17,17.9138,4444
06/14/17,17.857,544
06/13/17,17.8317,10479
06/12/17,17.8052,16290
06/09/17,17.9809,27833
06/08/17,17.8942,12755
06/07/17,17.7656,5340
06/06/17,17.7196,3951
06/05/17,17.6499,3123
06/02/17,17.6105,8277
06/01/17,17.4994,2103
05/31/17,17.5108,8321
05/30/17,17.5354,13740
05/26/17,17.6685,5529
05/25/17,17.8312,15433
05/24/17,17.9834,3460
05/23/17,17.9858,8086
05/22/17,18.1073,69246
05/19/17,18.0399,12564
05/18/17,17.9313,16816
05/17/17,18.3193,33043
05/16/17,18.3291,9200
05/15/17,18.1996,5438
05/12/17,18.1706,7409
05/11/17,18.2431,2300
05/10/17,18.3017,21000
05/09/17,18.3304,4290
05/08/17,18.1932,8791
05/05/17,18.3007,6100
05/04/17,18.3015,2100
05/03/17,18.3778,33594
05/02/17,18.2728,10627
05/01/17,18.281,7983
04/28/17,18.0647,11063
04/27/17,18.0874,14066
04/26/17,18.0827,5340
04/25/17,18.2078,6906
04/24/17,18.3083,1168
04/21/17,18.1629,5310
04/20/17,18.0709,7320
04/19/17,18.1511,4231
04/18/17,18.1108,37742
04/17/17,18.2198,6793
04/13/17,18.2466,42992
04/12/17,18.1384,1873
04/11/17,18.0034,14317
04/10/17,18.0602,7297
04/07/17,18.0551,7043
04/06/17,18.0596,5408
04/05/17,18.1161,6193
04/04/17,18.0162,10430
04/03/17,18.0262,4941
03/31/17,18.115,47350
03/30/17,18.3213,15351
03/29/17,18.4126,3880
03/28/17,18.4764,2500
03/27/17,18.4808,45437
03/24/17,18.5795,7795
03/23/17,18.839,4660
03/22/17,18.9726,980
03/21/17,18.9776,2512
03/20/17,18.9085,30270
03/17/17,18.9133,40077
03/16/17,18.9473,57755
03/15/17,18.8987,24163
03/14/17,18.9238,11850
03/13/17,19.0142,7589
03/10/17,19.005,7477
03/09/17,19.0944,25521
03/08/17,19.265,17684
03/07/17,19.3308,3500
03/06/17,19.5291,16607
03/03/17,19.5339,870
03/02/17,19.5337,5432
03/01/17,19.7811,1773
02/28/17,19.4958,7223
02/27/17,19.2504,6692
02/24/17,19.2843,7468
02/23/17,19.2505,3288
02/22/17,19.4494,4410
02/21/17,19.5004,12573
02/17/17,19.6003,4217
02/16/17,19.7822,3560
02/15/17,20.0569,1354
02/14/17,19.7951,2065
02/13/17,19.9397,26720
02/10/17,20.0101,7525
02/09/17,19.8857,21510
02/08/17,19.9938,7160
02/07/17,19.7459,5700
02/06/17,19.6482,6110
02/03/17,19.4898,4845
02/02/17,19.6723,10314
02/01/17,19.6223,4285
01/31/17,19.3965,900
01/30/17,19.4001,6578
01/27/17,19.8561,1025
01/26/17,19.8501,2657
01/25/17,19.932,1385
01/24/17,19.9751,3114
01/23/17,19.9591,7150
01/20/17,20.0951,3609
01/19/17,20.1327,3078
01/18/17,20.1817,14062
01/17/17,20.0626,119300
01/13/17,19.7832,35281
01/12/17,19.6981,18706
01/11/17,19.2227,23300
01/10/17,19.2654,23691
01/09/17,19.1202,7744
01/06/17,18.9153,8900
01/05/17,19.2293,41825
01/04/17,19.2801,2889
01/03/17,18.9295,9989
12/30/16,19.0845,4166
12/29/16,19.2242,224
12/28/16,19.2888,4485
12/27/16,19.4269,15260
12/23/16,18.962,8523
12/22/16,19.0923,8436
12/21/16,19.3213,1000
12/20/16,19.303,15781
12/19/16,19.6041,2110
12/16/16,19.8342,6269
12/15/16,19.7221,5614
12/14/16,19.6682,#N/A N/A
12/13/16,19.7616,3475
12/12/16,19.8111,2800
12/09/16,19.9057,3703
12/08/16,19.696,41119
12/07/16,20.0932,2249
12/06/16,20.0415,3786
12/05/16,19.9648,9282
12/02/16,19.7098,2165
12/01/16,19.7225,5188
11/30/16,19.7896,71116
11/29/16,19.9539,9261
11/28/16,20.1783,63168
11/25/16,20.0048,4296
11/23/16,19.8024,92692
11/22/16,19.7563,8100
11/21/16,19.5905,3666
11/18/16,19.1573,3102
11/17/16,19.1208,339
11/16/16,19.0281,3963
11/15/16,19.0654,10251
11/14/16,18.9651,9159
11/11/16,19.0117,28501
11/10/16,19.2327,10910
11/09/16,19.0856,12770
11/08/16,19.4008,9164
11/07/16,19.1983,9800
11/04/16,19.0618,2221
11/03/16,19.048,950
11/02/16,18.9918,19985
11/01/16,19.1067,10341
10/31/16,19.4161,2139
10/28/16,19.418,4485
10/27/16,19.6476,8061
10/26/16,19.607,7449
10/25/16,19.3048,22656
10/24/16,19.2902,4110
10/21/16,19.1265,2069
10/20/16,19.0011,15329
10/19/16,19.1105,3022
10/18/16,18.9457,17736
10/17/16,19.0244,19188
10/14/16,18.7457,16390
10/13/16,18.6531,12094
10/12/16,18.4508,14736
10/11/16,18.607,1133
10/10/16,18.6008,3100
10/07/16,18.6065,2400
10/06/16,18.6486,30200
10/05/16,18.6461,2969
10/04/16,18.7449,8800
10/03/16,18.887,15211
09/30/16,18.5322,13250
09/29/16,18.4858,7263
09/28/16,18.4094,9592
09/27/16,18.5293,48111
09/26/16,18.3851,3700
09/23/16,18.5313,5525
09/22/16,18.8945,8825
09/21/16,18.8824,44104
09/20/16,19.1117,21500
09/19/16,18.8127,125
09/16/16,18.678,14356
09/15/16,18.3978,20402
09/14/16,18.2488,5610
09/13/16,18.2657,13671
09/12/16,18.5975,5500
09/09/16,18.8345,2300
09/08/16,18.7652,3580
09/07/16,18.7291,9550
09/06/16,18.4765,3375
09/02/16,18.3517,30040
09/01/16,18.2025,20841
08/31/16,18.1688,59236
08/30/16,18.3039,3062
08/29/16,18.5384,20726
08/26/16,18.581,10525
08/25/16,18.6784,23533
08/24/16,19.1638,18832
08/23/16,19.3033,4624
08/22/16,19.3487,29301
08/19/16,19.1409,40459
08/18/16,19.2744,33903
08/17/16,19.2742,33400
08/16/16,19.1196,6425
08/15/16,19.1875,25761
08/12/16,18.7629,7668
08/11/16,18.7976,2701
08/10/16,18.7545,7070
08/09/16,18.831,17279
08/08/16,18.8047,11092
08/05/16,18.6456,26434
08/04/16,18.3646,5826
08/03/16,18.3441,4374
08/02/16,18.2918,6386
08/01/16,18.4055,33668
07/29/16,19.0785,12064
07/28/16,18.6666,6768
07/27/16,18.8265,12075
07/26/16,18.6472,6407
07/25/16,18.508,39870
07/22/16,18.9172,59010
07/21/16,19.2857,7900
07/20/16,19.2427,4018
07/19/16,19.4859,11745
07/18/16,20.0968,10566
07/15/16,19.9155,2569
07/14/16,20.017,11643
07/13/16,20.6979,4521
07/12/16,20.4457,3643
07/11/16,19.8888,14382
07/08/16,19.9596,19626
07/07/16,19.4203,6167
07/06/16,20.1797,28490
07/05/16,20.1916,12507
07/01/16,21.0921,27544
06/30/16,21.3654,21713
06/29/16,20.7877,7247
06/28/16,20.9186,13588
06/27/16,20.6387,8775
06/24/16,20.2527,10978
06/23/16,20.5891,8170
06/22/16,20.7783,3589
06/21/16,20.7218,3902
06/20/16,21.0971,13660
06/17/16,21.329,2420
06/16/16,20.9229,8503
06/15/16,21.2643,9150
06/14/16,21.4278,14034
06/13/16,21.6071,10065
06/10/16,21.6011,23174
06/09/16,21.4755,19688
06/08/16,21.4578,23512
06/07/16,20.9891,25624
06/06/16,20.8171,24083
06/03/16,20.4789,17421
06/02/16,20.3963,16543
06/01/16,20.2341,13580
05/31/16,20.0779,3283
05/27/16,20.0797,19561
05/26/16,19.9547,14200
05/25/16,19.9475,3742
05/24/16,19.5668,11781
05/23/16,19.7096,30720
05/20/16,19.9359,8500
05/19/16,20.0296,12490
05/18/16,20.099,5422
05/17/16,20.2443,3905
05/16/16,20.0289,13920
05/13/16,19.998,3350
05/12/16,20.1178,6156
05/11/16,20.2722,5890
05/10/16,20.3513,26157
05/09/16,19.5795,7613
05/06/16,19.7154,18671
05/05/16,19.3327,16270
05/04/16,19.609,11240
05/03/16,19.5164,15914
05/02/16,19.7281,12566
04/29/16,19.5111,12110
04/28/16,19.4935,9478
04/27/16,19.48,22027
04/26/16,19.5725,9849
04/25/16,19.3299,12571
04/22/16,19.1271,16995
04/21/16,19.4657,56160
04/20/16,19.3982,16592
04/19/16,19.2577,8284
04/18/16,18.7963,3197
04/15/16,18.8282,2382
04/14/16,18.7006,7965
04/13/16,18.8428,2960
04/12/16,18.5005,13017
04/11/16,18.3753,14417
04/08/16,18.176,6900
04/07/16,17.9761,5100
04/06/16,18.0317,7100
04/05/16,17.9813,10430
04/04/16,18.1386,1000
04/01/16,18.1981,2611
03/31/16,18.0249,5395
03/30/16,17.996,4731
03/29/16,18.104,27749
03/28/16,17.9798,16975
03/24/16,18.0049,3114
03/23/16,17.9157,2219
03/22/16,18.0095,18061
03/21/16,17.8659,1852
03/18/16,17.794,5280
03/17/16,17.8047,21339
03/16/16,17.7196,15304
03/15/16,17.6873,4255
03/14/16,17.7586,36009
03/11/16,17.7556,21389
03/10/16,17.6345,9934
03/09/16,17.5676,60986
03/08/16,17.5447,29290
03/07/16,17.4904,12213
03/04/16,17.4396,19582
03/03/16,17.1687,1000
03/02/16,17.1194,21000
03/01/16,17.0386,6275
02/29/16,17.1072,214
02/26/16,17.1582,1886
02/25/16,17.1924,1515
02/24/16,17.322,6982
02/23/16,17.3284,1501
02/22/16,17.5306,2022
02/19/16,17.465,3716
02/18/16,17.511,16732
02/17/16,17.5575,74902
02/16/16,17.5147,5809
02/12/16,17.4075,1727
02/11/16,17.4423,4480
02/10/16,17.2379,3700
02/09/16,17.246,7282
02/08/16,17.2343,9155
02/05/16,17.3416,5980
02/04/16,17.4601,5400
02/03/16,17.4973,3893
02/02/16,17.6672,2500
02/01/16,17.5356,1200
01/29/16,17.5854,3300
01/28/16,17.3217,2355
01/27/16,17.6118,3300
01/26/16,17.4784,1370
01/25/16,17.5345,10376
01/22/16,17.4352,2300
01/21/16,17.4899,1287
01/20/16,17.4022,5700
01/19/16,17.5518,820
01/15/16,17.4763,200
01/14/16,17.5754,1632
01/13/16,17.5469,700
01/12/16,17.4626,7500
01/11/16,17.2064,14565
01/08/16,17.2927,12840
01/07/16,17.2827,3934
01/06/16,17.2944,3650
01/05/16,17.183,3000
01/04/16,17.1543,34948
12/31/15,17.3399,1730
12/30/15,17.4588,1300
12/29/15,17.3829,2375
12/28/15,17.2834,1085
12/24/15,17.5053,630
12/23/15,17.6454,400
12/22/15,17.7561,2003
12/21/15,17.8687,4048
12/18/15,17.8972,2250
12/17/15,17.6191,11249
12/16/15,17.3309,3130
12/15/15,17.4237,400
12/14/15,17.5806,210
12/11/15,17.5511,1060
12/10/15,17.7121,902
12/09/15,17.6705,3052
12/08/15,17.6705,1900
12/07/15,17.7914,1508
12/04/15,18.2389,4050
12/03/15,18.0935,13830
12/02/15,17.9924,9811
12/01/15,17.9162,4711
11/30/15,17.7561,20602
11/27/15,17.6133,1500
11/25/15,17.6581,5698
11/24/15,17.4352,800
11/23/15,17.4504,3619
11/20/15,17.3303,4300
11/19/15,17.3733,3636
11/18/15,17.3267,250
11/17/15,17.4153,830
11/16/15,17.3475,3690
11/13/15,17.2539,500
11/12/15,17.3946,200
11/11/15,17.3281,37001
11/10/15,17.2052,29650
11/09/15,17.4069,3050
11/06/15,17.4658,295
11/05/15,17.3918,3066
11/04/15,17.76,1308
11/03/15,17.6497,1360
11/02/15,17.6529,3390
10/30/15,17.7995,1640
10/29/15,17.6929,8500
10/28/15,17.7508,3300
10/27/15,17.8838,4132
10/26/15,17.7627,3350
10/23/15,17.9874,5130
10/22/15,18.0671,2148
10/21/15,18.2396,1900
10/20/15,18.1083,1115
10/19/15,18.0047,451
10/16/15,18.1242,2600
10/15/15,18.2599,4584
10/14/15,18.3447,2239
10/13/15,18.4302,2600
10/12/15,17.9577,4075
10/09/15,17.9349,12840
10/08/15,17.8669,1619
10/07/15,18.0305,4300
10/06/15,17.9652,1200
10/05/15,17.8882,1250
10/02/15,17.7003,3618
10/01/15,17.7447,6904
09/30/15,17.9836,4132
09/29/15,17.858,4160
09/28/15,17.7563,1172
09/25/15,17.9831,2183
09/24/15,17.5925,10800
09/23/15,17.4997,1957
09/22/15,17.4677,3194
09/21/15,17.6921,570
09/18/15,17.5392,1574
09/17/15,17.8629,2140
09/16/15,17.8968,1950
09/15/15,17.8945,5293
09/14/15,17.7965,1100
09/11/15,17.5956,5450
09/10/15,17.5917,3205
09/09/15,17.5683,4134
09/08/15,17.693,5542
09/04/15,17.4575,2021
09/03/15,17.533,8700
09/02/15,17.6222,7200
09/01/15,17.6498,11567
08/31/15,17.9248,18311
08/28/15,17.8747,100
08/27/15,17.7433,8569
08/26/15,17.4663,3200
08/25/15,17.7158,5962
08/24/15,17.6305,4191
08/21/15,17.9383,2225
08/20/15,18.2863,2719
08/19/15,18.0299,5545
08/18/15,18.2198,3883
08/17/15,18.4624,3184
08/14/15,18.4392,4990
08/13/15,18.6445,7778
08/12/15,18.2683,11993
08/11/15,19.3534,811
08/10/15,19.7699,6879
08/07/15,19.1861,5131
08/06/15,18.8209,6386
08/05/15,19.023,4893
08/04/15,18.8776,5708
08/03/15,18.7536,4634
07/31/15,18.8226,8930
07/30/15,18.9913,1700
07/29/15,18.8888,7083
07/28/15,18.9313,4194
07/27/15,18.7127,9058
07/24/15,19.29,13361
07/23/15,19.5726,11441
07/22/15,19.8233,7988
07/21/15,20.0154,8396
07/20/15,19.9386,25980
07/17/15,20.0689,16906
07/16/15,20.1493,15367
07/15/15,20.2488,3000
07/14/15,20.4367,1502
07/13/15,20.4896,5610
07/10/15,20.4075,3821
07/09/15,20.324,19174
07/08/15,19.8208,17536
07/07/15,19.7698,19556
07/06/15,20.3096,13098
07/02/15,20.5286,11935
07/01/15,20.4948,58107
06/30/15,20.6035,19593
06/29/15,19.6887,10080
06/26/15,19.8049,11403
06/25/15,19.7299,9119
06/24/15,19.3816,6138
06/23/15,19.4716,8637
06/22/15,19.4498,26812
06/19/15,19.0873,6032
06/18/15,19.1435,4320
06/17/15,19.1014,14674
06/16/15,18.8739,3160
06/15/15,18.4734,2006
06/12/15,18.5015,1506
06/11/15,18.5903,4639
06/10/15,18.8561,6132
06/09/15,18.9213,2190
06/08/15,18.852,1319
06/05/15,18.7344,9300
06/04/15,18.9415,11230
06/03/15,18.7644,13755
06/02/15,18.7953,1460
06/01/15,18.4853,10023
05/29/15,18.5703,3150
05/28/15,18.4986,4232
05/27/15,18.5938,6220
05/26/15,18.5683,8394
05/22/15,18.6211,13082
05/21/15,18.8532,17135
05/20/15,18.8856,20900
05/19/15,18.9573,16795
05/18/15,19.1958,16364
05/15/15,19.1755,3411
05/14/15,19.2177,13759
05/13/15,19.1899,6384
05/12/15,19.1313,7967
05/11/15,19.4715,2189
05/08/15,19.517,990
05/07/15,19.5093,2113
05/06/15,19.6003,2247
05/05/15,19.6089,2834
05/04/15,19.4941,1674
05/01/15,19.3142,1833
04/30/15,19.5409,11775
04/29/15,19.742,6112
04/28/15,19.5547,3350
04/27/15,19.539,1600
04/24/15,19.5183,162
04/23/15,19.7043,9500
04/22/15,19.5497,4021
04/21/15,19.6276,6213
04/20/15,19.6573,2238
04/17/15,19.5343,403
04/16/15,19.5286,1000
04/15/15,19.5192,1550
04/14/15,19.4516,3650
04/13/15,19.2593,2317
04/10/15,19.3086,4178
04/09/15,19.3639,2688
04/08/15,19.6764,1400
04/07/15,19.7174,384
04/06/15,19.8377,106
04/02/15,19.9663,1900
04/01/15,19.9783,2051
03/31/15,19.6165,3000
03/30/15,19.499,3076
03/27/15,19.4935,3200
03/26/15,19.6231,1400
03/25/15,19.6588,4732
03/24/15,19.7506,1800
03/23/15,19.8017,13800
03/20/15,19.6224,11264
03/19/15,19.4213,1150
03/18/15,19.4984,6130
03/17/15,19.3154,14553
03/16/15,19.5528,6998
03/13/15,19.5952,1900
03/12/15,19.9136,2305
03/11/15,19.9776,1900
03/10/15,19.8288,950
03/09/15,19.9958,1900
03/06/15,19.8419,5500
03/05/15,19.857,21546
03/04/15,20.0192,12700
03/03/15,20.3632,5615
03/02/15,20.3595,23127
02/27/15,20.6779,9744
02/26/15,20.6159,4700
02/25/15,20.3435,1528
02/24/15,20.4871,21948
02/23/15,20.1707,15893
02/20/15,20.1834,23974
02/19/15,20.3446,5740
02/18/15,20.1246,1740
02/17/15,20.36,12966
02/13/15,20.0322,18662
02/12/15,19.8806,12559
02/11/15,19.7718,2210
02/10/15,19.6473,17162
02/09/15,19.869,22501
02/06/15,19.7705,69352
02/05/15,19.9063,1000
02/04/15,19.7191,11504
02/03/15,19.9888,10763
02/02/15,19.4911,3045
01/30/15,19.5124,9802
01/29/15,19.6468,2140
01/28/15,19.7358,13091
01/27/15,19.8217,5702
01/26/15,20.0056,350
01/23/15,19.7792,5281
01/22/15,19.8373,3515
01/21/15,19.953,8531
01/20/15,19.9404,37732
01/16/15,20.1318,10946
01/15/15,20.1448,13561
01/14/15,20.4761,25106
01/13/15,20.3802,16399
01/12/15,20.5878,24918
01/09/15,21.2477,24243
01/08/15,21.182,10674
01/07/15,21.345,720
01/06/15,21.3695,10570
01/05/15,21.2125,11700
01/02/15,20.4918,19516
12/31/14,20.7932,4526
12/30/14,21.1741,4900
12/29/14,21.2656,3920
12/26/14,21.3666,1492
12/24/14,21.0187,#N/A N/A
12/23/14,21.2253,3686
12/22/14,21.2333,5776
12/19/14,21.0913,5566
12/18/14,21.1704,5925
12/17/14,20.9842,11890
12/16/14,20.8749,1960
12/15/14,21.1372,3418
12/12/14,21.3047,14931
12/11/14,21.2313,4675
12/10/14,21.0389,7580
12/09/14,21.3417,6100
12/08/14,21.2381,5631
12/05/14,21.1174,22398
12/04/14,20.6311,9601
12/03/14,20.41,27675
12/02/14,20.375,16758
12/01/14,20.7708,11930
11/28/14,20.7504,8755
11/26/14,21.3254,1677
11/25/14,21.384,7384
11/24/14,21.072,21979
11/21/14,21.215,11860
11/20/14,20.8863,8133
11/19/14,20.5878,5697
11/18/14,20.9735,5406
11/17/14,21.2475,21266
11/14/14,20.9916,20965
11/13/14,21.5471,22584
11/12/14,21.4026,23252
11/11/14,21.6894,11988
11/10/14,20.9908,26144
11/07/14,21.193,62352
11/06/14,20.9992,20996
11/05/14,20.8691,28162
11/04/14,20.7014,35540
11/03/14,21.081,28738
10/31/14,21.4381,27918
10/30/14,21.0862,13822
10/29/14,21.4108,40478
10/28/14,20.7366,26851
10/27/14,20.7691,27386
10/24/14,20.2243,72053
10/23/14,20.5426,202196
10/22/14,20.0321,13862
10/21/14,20.0714,2479
10/20/14,19.7141,6537
10/17/14,19.8619,4954
10/16/14,20.1449,9400
10/15/14,19.9002,5850
10/14/14,20.1517,24870
10/13/14,19.7472,7672
10/10/14,19.3092,6974
10/09/14,19.7225,2652
10/08/14,19.6041,6555
10/07/14,19.7104,9265
10/06/14,19.7031,3200
10/03/14,19.113,2369
10/02/14,19.4015,1500
10/01/14,19.2448,6560
09/30/14,19.1601,962
09/29/14,19.3594,1989
09/26/14,19.0874,1033
09/25/14,19.3433,2852
09/24/14,19.6024,1300
09/23/14,19.5697,2537
09/22/14,19.588,5046
09/19/14,19.9919,2395
09/18/14,20.2929,1246
09/17/14,20.5301,338
09/16/14,20.487,2199
09/15/14,20.6229,7922
09/12/14,20.5332,800
09/11/14,20.4667,3718
09/10/14,20.7284,2768
09/09/14,20.7221,3196
09/08/14,21.0412,770
09/05/14,21.04,955
09/04/14,21.34,3615
09/03/14,20.98,3409
09/02/14,21.29,1804
08/29/14,21.53,685
08/28/14,21.4,5094
08/27/14,21.48,1651
08/26/14,21.4,4630
08/25/14,21.48,21716
08/22/14,21.49,1675
08/21/14,21.73,5928
08/20/14,21.67,4065
08/19/14,21.68,2000
08/18/14,21.97,2985
08/15/14,22.09,2136
08/14/14,21.98,1148
08/13/14,22.05,1425
08/12/14,21.85,3342
08/11/14,22.11,2437
08/08/14,22.39,100
08/07/14,22.62,4500
08/06/14,22.53,200
08/05/14,22.57,7200
08/04/14,22.29,2755
08/01/14,22.56,5225
07/31/14,22.14,1400
07/30/14,22.56,4000
07/29/14,22.55,3900
07/28/14,22.8,5200
07/25/14,23.04,3075
07/24/14,22.58,3593
07/23/14,22.61,353
07/22/14,22.49,7989
07/21/14,22.18,4200
07/18/14,22.46,500
07/17/14,22.73,5947
07/16/14,22.91,10489
07/15/14,23.08,6029
07/14/14,22.79,4681
07/11/14,22.81,4133
07/10/14,22.58,4169
07/09/14,22.9,2782
07/08/14,23.13,2582
07/07/14,23.4,3754
07/03/14,23.6,14120
07/02/14,23.75,4293
07/01/14,23.95,4940
06/30/14,24.04,10543
06/27/14,24.15,1723
06/26/14,25.43,800
06/25/14,25.75,645
06/24/14,25.51,2422
06/23/14,25.42,927
06/20/14,25.59,410
06/19/14,25.59,1300
06/18/14,25.53,1850
06/17/14,25.26,6710
06/16/14,25.24,2187
06/13/14,25.31,2672
06/12/14,25.41,3833
06/11/14,25.22,1612
06/10/14,25.4,1401
06/09/14,25.56,3561
06/06/14,25.48,4961
06/05/14,25.38,24113
06/04/14,25.22,400
06/03/14,25.37,3459
06/02/14,25.41,2792
05/30/14,25.55,3300
05/29/14,25.63,600
05/28/14,25.83,830
05/27/14,25.84,15141
05/23/14,25.75,1092
05/22/14,26.26,6139
05/21/14,26.33,2036
05/20/14,26.06,1758
05/19/14,25.67,4062
05/16/14,25.82,3098
05/15/14,25.48,800
05/14/14,25.4,2020
05/13/14,25.53,3167
05/12/14,25.46,6445
05/09/14,25.25,3103
05/08/14,25.57,700
05/07/14,25.44,2079
05/06/14,25.22,1843
05/05/14,25.41,605
05/02/14,25.46,2510
05/01/14,25.45,4300
04/30/14,25.43,4053
04/29/14,26.02,7906
04/28/14,26.04,3895
04/25/14,25.83,11473
04/24/14,25.79,1988
04/23/14,25.55,3372
04/22/14,25.5,5747
04/21/14,25.33,3170
04/17/14,25.53,8107
04/16/14,25.83,10129
04/15/14,25.86,14553
04/14/14,25.62,1378
04/11/14,25.34,3240
04/10/14,25.17,2450
04/09/14,25.42,10970
04/08/14,25.51,7100
04/07/14,25.31,10085
04/04/14,25.12,1000
04/03/14,25.18,8811
04/02/14,25.06,3645
04/01/14,24.95,8101
03/31/14,25.08,1560
03/28/14,24.67,700
03/27/14,24.57,650
03/26/14,24.58,5774
03/25/14,24.61,2625
03/24/14,24.52,2220
03/21/14,24.46,1689
03/20/14,24.27,2780
03/19/14,24.58,1500
03/18/14,24.6,9303
03/17/14,24.46,2800
03/14/14,24.23,5300
03/13/14,24.2,1601
03/12/14,24.33,29832
03/11/14,24.2,6488
03/10/14,24.58,3013
03/07/14,24.54,2098
03/06/14,25.02,2655
03/05/14,24.82,3612
03/04/14,24.6,9205
03/03/14,24.64,15536
02/28/14,24.41,1000
02/27/14,24.45,3100
02/26/14,24.12,684
02/25/14,24.3,100
02/24/14,24.21,10941
02/21/14,24.03,696
02/20/14,23.82,234
02/19/14,23.63,3299
02/18/14,23.5,11801
02/14/14,23.58,4183
02/13/14,23.27,2051
02/12/14,23.37,1061
02/11/14,23.03,600
02/10/14,23.19,1750
02/07/14,23.06,2100
02/06/14,23.15,5361
02/05/14,23.07,2525
02/04/14,22.89,3968
02/03/14,22.87,1000
01/31/14,22.64,400
01/30/14,22.5,4419
01/29/14,22.39,2200
01/28/14,22.35,1002
01/27/14,22.57,#N/A N/A
01/24/14,22.55,1900
01/23/14,22.61,51
01/22/14,22.53,870
01/21/14,22.6,3962
01/17/14,22.55,#N/A N/A
01/16/14,23.05,1200
01/15/14,23.04,1471
01/14/14,23.02,#N/A N/A
01/13/14,22.93,2400
01/10/14,22.74,1258
01/09/14,22.47,700
01/08/14,22.43,4225
01/07/14,22.41,3079
01/06/14,22.59,1304
01/03/14,22.68,1620
01/02/14,22.66,2124
12/31/13,22.65,1500
12/30/13,22.95,240
12/27/13,23.22,350
12/26/13,23.35,655
12/24/13,23.25,#N/A N/A
12/23/13,23.54,1300
12/20/13,23.53,13441
12/19/13,23.69,1085
12/18/13,23.54,1258
12/17/13,23.44,180
12/16/13,23.71,5358
12/13/13,23.58,800
12/12/13,23.43,8751
12/11/13,23.42,450
12/10/13,23.67,10773
12/09/13,23.61,2496
12/06/13,23.72,914
12/05/13,23.48,1000
12/04/13,23.5,501
12/03/13,23.5,3399
12/02/13,23.37,23649
11/29/13,23.33,700
11/27/13,23.44,1150
11/26/13,23.34,250
11/25/13,23.47,2163
11/22/13,23.55,7439
11/21/13,23.51,3476
11/20/13,23.17,2297
11/19/13,22.97,2000
11/18/13,22.94,300
11/15/13,23.05,7643
11/14/13,22.97,2603
11/13/13,23.52,1200
11/12/13,23.54,1600
11/11/13,23.52,3004
11/08/13,23.3,2764
11/07/13,23.2,1383
11/06/13,22.78,300
11/05/13,22.69,3008
11/04/13,22.6,50
11/01/13,22.7,5507
10/31/13,22.63,850
10/30/13,22.89,2600
10/29/13,23.1,1900
10/28/13,23,4783
10/25/13,22.92,3777
10/24/13,23.25,300
10/23/13,23.46,2074
10/22/13,23.49,8200
10/21/13,23.41,600
10/18/13,23.47,#N/A N/A
10/17/13,23.32,2250
10/16/13,23.36,1410
10/15/13,23.17,15717
10/14/13,23.05,2230
10/11/13,23.11,7730
10/10/13,23.01,1606
10/09/13,23.35,6550
10/08/13,23.36,1614
10/07/13,23.44,3450
10/04/13,23.55,3200
10/03/13,23.49,7701
10/02/13,23.39,600
10/01/13,23.16,6884
09/30/13,23.04,8750
09/27/13,23.25,#N/A N/A
09/26/13,23.8,5447
09/25/13,23.82,1025
09/24/13,23.91,5650
09/23/13,23.83,823
09/20/13,23.76,4350
09/19/13,23.8,3604
09/18/13,24.2,1550
09/17/13,24.33,2040
09/16/13,24.19,5361
09/13/13,24.17,15346
09/12/13,24.47,8640
09/11/13,24.84,1650
09/10/13,24.43,778
09/09/13,24.37,15496
09/06/13,24.3,3980
09/05/13,24.44,9970
09/04/13,24.51,3815
09/03/13,24.37,6889
08/30/13,24.89,1091
08/29/13,24.55,3360
08/28/13,24.69,8945
08/27/13,24.81,11758
08/26/13,24.72,8160
08/23/13,25,9100
08/22/13,24.19,2145
08/21/13,23.58,3577
08/20/13,23.79,9476
08/19/13,23.59,7994
08/16/13,23.84,840
08/15/13,23.22,3737
08/14/13,23.41,6089
08/13/13,23.09,12277
08/12/13,22.95,4143
08/09/13,22.97,814
08/08/13,22.24,7811
08/07/13,22.3,5634
08/06/13,22.01,4329
08/05/13,22.07,#N/A N/A
08/02/13,22.37,3201
08/01/13,22.3,3610
07/31/13,22.53,975
07/30/13,22.75,5648
07/29/13,22.69,400
07/26/13,23.03,5596
07/25/13,23.15,2600
07/24/13,23.06,1721
07/23/13,23.65,2300
07/22/13,23.68,650
07/19/13,24.14,#N/A N/A
07/18/13,23.96,2521
07/17/13,23.85,650
07/16/13,24.11,683
07/15/13,24.17,800
07/12/13,23.84,4812
07/11/13,23.68,12700
07/10/13,24.26,1600
07/09/13,24.21,2410
07/08/13,24.1,100
07/05/13,23.71,300
07/03/13,23.3,#N/A N/A
07/02/13,23.74,1316
07/01/13,23.6,200
06/28/13,23.61,7617
06/27/13,23.72,100
06/26/13,24.11,522
06/25/13,24.12,8894
06/24/13,24.2,10097
06/21/13,24.13,600
06/20/13,24.13,3100
06/19/13,24.36,3688
06/18/13,24.84,6250
06/17/13,24.468,19060
06/14/13,24.47,2100
06/13/13,24.66,9200
06/12/13,24.74,7586
06/11/13,24.93,2482
06/10/13,25.15,6457
06/07/13,25.02,6300
06/06/13,25.18,8620
06/05/13,24.81,19707
06/04/13,24.72,5040
06/03/13,25.05,18165
05/31/13,25.18,9500
05/30/13,24.84,5575
05/29/13,24.61,10978
05/28/13,24.59,20752
05/24/13,24.54,3000
05/23/13,23.91,5600
05/22/13,23.83,6013
05/21/13,23.75,4800
05/20/13,23.42,4762
05/17/13,23.53,8550
05/16/13,23.58,29380
05/15/13,23.4,2157
05/14/13,23.27,520
05/13/13,23.36,1000
05/10/13,23.33,4610
05/09/13,23.17,3650
05/08/13,23.35,2020
05/07/13,23.22,750
05/06/13,23.18,4800
05/03/13,23.05,2941
05/02/13,23.32,400
05/01/13,23.04,2600
04/30/13,23.1,5987
04/29/13,23.41,4800
04/26/13,23.57,1700
04/25/13,23.17,3200
04/24/13,23.09,4400
04/23/13,22.78,4026
04/22/13,22.9,645
04/19/13,23.01,200
04/18/13,23.24,5100
04/17/13,23.42,7100
04/16/13,23.29,1400
04/15/13,23.27,1725
04/12/13,23.01,4900
04/11/13,23.44,350
04/10/13,23.31,#N/A N/A
04/09/13,23.41,2000
04/08/13,23.46,12200
04/05/13,23.32,1400
04/04/13,23.2,15400
04/03/13,23.28,2325
04/02/13,23.31,4210
04/01/13,23.56,1750
03/28/13,23.57,11805
03/27/13,23.65,1857
03/26/13,24.19,500
03/25/13,24.18,4689
03/22/13,24.02,1950
03/21/13,24,4100
03/20/13,24.19,2550
03/19/13,23.85,1400
03/18/13,23.71,2431
03/15/13,23.79,3400
03/14/13,23.91,3516
03/13/13,23.94,5109
03/12/13,24.08,1200
03/11/13,24.36,100
03/08/13,24.47,5100
03/07/13,24.38,4500
03/06/13,24.5,12850
03/05/13,24.44,1900
03/04/13,24.42,#N/A N/A
03/01/13,24.33,10647
02/28/13,24.1,5578
02/27/13,24.19,2600
02/26/13,24.05,1525
02/25/13,23.97,2674
02/22/13,24.07,2154
02/21/13,24.16,800
02/20/13,24.53,4014
02/19/13,24.6,5200
02/15/13,24.4,2300
02/14/13,23.86,2240
02/13/13,23.82,1200
02/12/13,23.94,26700
02/11/13,23.92,2500
02/08/13,23.95,2900
02/07/13,24.25,7960
02/06/13,24.95,3485
02/05/13,25.09,2669
02/04/13,25.26,44187
02/01/13,25.17,8042
01/31/13,24.93,4891
01/30/13,24.85,7275
01/29/13,24.97,5020
01/28/13,24.54,2225
01/25/13,24.45,5725
01/24/13,24.34,2200
01/23/13,24.35,1000
01/22/13,24.38,16167
01/18/13,24.56,3000
01/17/13,24.19,19146
01/16/13,24.13,12564
01/15/13,24.28,3000
01/14/13,23.97,5832
01/11/13,24.05,8550
01/10/13,23.45,10200
01/09/13,23.64,3150
01/08/13,23.74,11310
01/07/13,23.73,7200
01/04/13,23.75,6600
01/03/13,23.48,8162
01/02/13,23.8,4311
12/31/12,23.89,3027
12/28/12,24.13,2300
12/27/12,24.29,1800
12/26/12,24.21,1400
12/24/12,24.25,1220
12/21/12,24.51,6214
12/20/12,24.38,18089
12/19/12,24.04,4020
12/18/12,24.42,13508
12/17/12,24.79,2900
12/14/12,25.14,4753
12/13/12,25.17,1500
12/12/12,24.95,200
12/11/12,24.99,2275
12/10/12,25.04,5518
12/07/12,25.18,4395
12/06/12,25.08,10600
12/05/12,25.27,300
12/04/12,25.12,1800
12/03/12,24.74,4384
11/30/12,24.75,4051
11/29/12,24.49,16472
11/28/12,24.63,5306
11/27/12,24.53,2312
11/26/12,24.61,16821
11/23/12,24.25,200
11/21/12,24.08,2640
11/20/12,24,1700
11/19/12,24.1,2800
11/16/12,23.85,11270
11/15/12,23.6,14327
11/14/12,23.83,3950
11/13/12,24.03,9148
11/12/12,23.95,14296
11/09/12,23.97,15900
11/08/12,24.72,6677
11/07/12,25.33,18397
11/06/12,25.5,200
11/05/12,25.57,5200
11/02/12,25.39,1509
11/01/12,25.66,1621
10/31/12,26.1,4545
10/26/12,25.96,11620
10/25/12,26.1,2200
10/24/12,26.09,5551
10/23/12,26.13,3500
10/22/12,25.96,4787
10/19/12,25.92,17974
10/18/12,25.81,7400
10/17/12,26.05,6291
10/16/12,25.53,4700
10/15/12,25.31,7651
10/12/12,25.27,1425
10/11/12,25.68,5500
10/10/12,26.1,17238
10/09/12,25.66,3508
10/08/12,25.92,4852
10/05/12,25.84,6300
10/04/12,25.87,9495
10/03/12,26,49859
10/02/12,25.83,19597
10/01/12,25.76,22400
09/28/12,26.11,14531
09/27/12,26.58,10823
09/26/12,26.05,36130
09/25/12,26.15,20040
09/24/12,26.83,20143
09/21/12,26.79,22207
09/20/12,26.91,23399
09/19/12,26.77,6353
09/18/12,27.52,37754
09/17/12,27.07,64564
09/14/12,27.38,6629
09/13/12,28.55,21593
09/12/12,28.59,17911
09/11/12,28.45,24324
09/10/12,27.79,31467
09/07/12,28.03,15074
09/06/12,28.32,33450
09/05/12,28.51,22410
09/04/12,28.51,30963
08/31/12,28.77,27268
08/30/12,28.43,28257
08/29/12,28.49,9648
08/28/12,28.34,21048
08/27/12,27.96,50847
08/24/12,27.81,26763
08/23/12,27.96,49280
08/22/12,27.73,63922
08/21/12,27.94,40225
08/20/12,27.97,13102
08/17/12,27.27,12515
08/16/12,26.77,25401
08/15/12,26.5,21614
08/14/12,26.69,31474
08/13/12,26.25,25073
08/10/12,26.25,61621
08/09/12,26.91,99589
08/08/12,26.62,22769
08/07/12,26.03,35709
08/06/12,25.84,64333
08/03/12,26.11,44358
08/02/12,26.7,45546
08/01/12,26.42,30817
07/31/12,26.57,36999
07/30/12,26.77,57364
07/27/12,26.83,36829
07/26/12,26.2,30786
07/25/12,25.67,69031
07/24/12,26.35,170093
07/23/12,25.7,102403
07/20/12,26.41,71746
07/19/12,27.33,113181
07/18/12,26.93,58768
07/17/12,26.82,64973
07/16/12,26.58,108958
07/13/12,26.66,62919
07/12/12,26.08,16094
07/11/12,25.68,22512
07/10/12,25.59,20301
07/09/12,25.94,67530
07/06/12,26.07,18026
07/05/12,25.47,63124
07/03/12,25.82,15402
07/02/12,25.13,20567
06/29/12,24.62,44350
06/28/12,24.4,17405
06/27/12,24.02,7807
06/26/12,24.16,5790
06/25/12,24.22,16123
06/22/12,24.43,21775
06/21/12,23.68,68602
06/20/12,23.66,41550
06/19/12,24.09,39675
06/18/12,23.91,19700
06/15/12,23.22,2392
06/14/12,22.85,13700
06/13/12,22.8,40600
06/12/12,22.98,2800
06/11/12,23.24,600
06/08/12,23.19,500
06/07/12,23.23,1801
06/06/12,23.43,1700
06/05/12,22.75,100
06/04/12,22.44,100
06/01/12,22.29,5650
05/31/12,22.11,13250
05/30/12,22.33,600
05/29/12,22.69,1000
05/25/12,22.7,1250
05/24/12,22.62,600
05/23/12,22.47,200
05/22/12,22.13,1200
05/21/12,22.54,1300
05/18/12,22.9,700
05/17/12,22.57,500
05/16/12,22.87,8900
05/15/12,22.8,770
05/14/12,22.88,8270
05/11/12,22.7,3800
05/10/12,23.08,5240
05/09/12,23.8,200
05/08/12,23.48,450
05/07/12,23.64,1674
05/04/12,23.97,7670
05/03/12,24.21,1873
05/02/12,24.21,8725
05/01/12,24.21,3802
04/30/12,24.62,1515
04/27/12,24.56,7560
04/26/12,24.31,5820
04/25/12,24.23,423
04/24/12,24.34,1456
04/23/12,24.13,300
04/20/12,23.92,4040
04/19/12,24.16,2300
04/18/12,23.88,2100
04/17/12,23.77,103
04/16/12,24.08,1760
04/13/12,23.97,5605
04/12/12,24.16,4150
04/11/12,24.35,2590
04/10/12,24.07,4089
04/09/12,24.15,8732
04/05/12,24.4,450
04/04/12,24.42,198
04/03/12,24.34,1219
04/02/12,24.36,2159
03/30/12,24.41,1666
03/29/12,24.06,1270
03/28/12,23.33,400
03/27/12,23.58,5072
03/26/12,23.68,8316
03/23/12,23.74,3700
03/22/12,23.61,3900
03/21/12,23.44,#N/A N/A
03/20/12,23.54,2922
03/19/12,23.38,600
03/16/12,23.72,3900
03/15/12,23.82,1300
03/14/12,23.78,2500
03/13/12,23.52,423
03/12/12,23.51,1911
03/09/12,23.28,4822
03/08/12,23.37,1340
03/07/12,23.35,1050
03/06/12,23.18,1604
03/05/12,23.29,3399
03/02/12,23.16,1200
03/01/12,23.31,5291
02/29/12,23.19,2800
02/28/12,23.14,9942
02/27/12,23.06,744
02/24/12,22.91,700
02/23/12,22.68,4400
02/22/12,22.64,200
02/21/12,22.57,1395
02/17/12,22.55,396
02/16/12,22.52,810
02/15/12,22.4,1050
02/14/12,22.49,1187
02/13/12,22.4,1550
02/10/12,22.39,#N/A N/A
02/09/12,22.03,3230
02/08/12,22.03,5530
02/07/12,22.09,4940
02/06/12,22.11,2000
02/03/12,22.12,400
02/02/12,22.1,45
02/01/12,21.86,#N/A N/A
01/31/12,21.81,50
01/30/12,21.53,200
01/27/12,21.34,#N/A N/A
01/26/12,21.91,200
01/25/12,21.97,1250
01/24/12,21.81,1
01/23/12,21.88,#N/A N/A
01/20/12,21.81,#N/A N/A
01/19/12,21.32,1000
01/18/12,21.51,1953
01/17/12,21.33,300
01/13/12,21.36,#N/A N/A
01/12/12,20.96,725
01/11/12,21.39,1006
01/10/12,21.73,546
01/09/12,22.19,1150
01/06/12,22.2,946
01/05/12,21.59,1220
01/04/12,21.84,1160
01/03/12,22.19,3270
12/30/11,22.17,1300
