Business Date,CL-002,CL-003
2012-01-03,5350,5350
2012-01-04,5350,5350
2012-01-05,5350,5350
2012-01-06,5350,5350
2012-01-09,5350,5350
2012-01-10,5350,5350
2012-01-11,5350,5350
2012-01-12,5350,5350
2012-01-13,5350,5350
2012-01-16,5350,5350
2012-01-17,5350,5350
2012-01-18,5350,5350
2012-01-19,5350,5350
2012-01-20,5600,5350
2012-01-23,5350,5350
2012-01-24,5350,5350
2012-01-25,5350,5350
2012-01-26,5350,5350
2012-01-27,5350,5350
2012-01-30,5350,5350
2012-01-31,5350,5350
2012-02-01,5350,5350
2012-02-02,5350,5350
2012-02-03,5350,5350
2012-02-06,5350,5350
2012-02-07,5350,5350
2012-02-08,5350,5350
2012-02-09,5350,5350
2012-02-10,5350,5350
2012-02-13,4850,4850
2012-02-14,4850,4850
2012-02-15,4850,4850
2012-02-16,4850,4850
2012-02-17,4850,4850
2012-02-20,4850,4850
2012-02-21,5100,4850
2012-02-22,4850,4850
2012-02-23,4850,4850
2012-02-24,4850,4850
2012-02-27,4850,4850
2012-02-28,4850,4850
2012-02-29,4850,4850
2012-03-01,4850,4850
2012-03-02,4850,4850
2012-03-05,4850,4850
2012-03-06,4850,4850
2012-03-07,4850,4850
2012-03-08,4850,4850
2012-03-09,4850,4850
2012-03-12,4850,4850
2012-03-13,4850,4850
2012-03-14,4850,4850
2012-03-15,4850,4850
2012-03-16,4850,4850
2012-03-19,4850,4850
2012-03-20,5100,4850
2012-03-21,4850,4850
2012-03-22,4850,4850
2012-03-23,4850,4850
2012-03-26,4850,4850
2012-03-27,4850,4850
2012-03-28,4850,4850
2012-03-29,4850,4850
2012-03-30,4850,4850
2012-04-02,4850,4850
2012-04-03,4850,4850
2012-04-04,4850,4850
2012-04-05,4850,4850
2012-04-06,4850,4850
2012-04-09,4850,4850
2012-04-10,4850,4850
2012-04-11,4850,4850
2012-04-12,4850,4850
2012-04-13,4850,4850
2012-04-16,4850,4850
2012-04-17,4850,4850
2012-04-18,4850,4850
2012-04-19,4850,4850
2012-04-20,5100,4850
2012-04-23,4850,4850
2012-04-24,4850,4850
2012-04-25,4850,4850
2012-04-26,4850,4850
2012-04-27,4850,4850
2012-04-30,4850,4850
2012-05-01,4850,4850
2012-05-02,4850,4850
2012-05-03,4850,4850
2012-05-04,4850,4850
2012-05-07,4850,4850
2012-05-08,4850,4850
2012-05-09,4850,4850
2012-05-10,4850,4850
2012-05-11,4850,4850
2012-05-14,4850,4850
2012-05-15,4850,4850
2012-05-16,4850,4850
2012-05-17,4850,4850
2012-05-18,4850,4850
2012-05-21,4850,4850
2012-05-22,5100,4850
2012-05-23,4850,4850
2012-05-24,4850,4850
2012-05-25,4850,4850
2012-05-28,4850,4850
2012-05-29,4350,4350
2012-05-30,4350,4350
2012-05-31,4350,4350
2012-06-01,4350,4350
2012-06-04,4350,4350
2012-06-05,4350,4350
2012-06-06,4350,4350
2012-06-07,4350,4350
2012-06-08,4350,4350
2012-06-11,4350,4350
2012-06-12,4350,4350
2012-06-13,4350,4350
2012-06-14,4350,4350
2012-06-15,4350,4350
2012-06-18,4350,4350
2012-06-19,4350,4350
2012-06-20,4600,4350
2012-06-21,4350,4350
2012-06-22,4350,4350
2012-06-25,4350,4350
2012-06-26,4350,4350
2012-06-27,4350,4350
2012-06-28,4350,4350
2012-06-29,4350,4350
2012-07-02,4350,4350
2012-07-03,4350,4350
2012-07-04,4350,4350
2012-07-05,4350,4350
2012-07-06,4350,4350
2012-07-09,4850,4850
2012-07-10,4850,4850
2012-07-11,4850,4850
2012-07-12,4850,4850
2012-07-13,4850,4850
2012-07-16,4850,4850
2012-07-17,4850,4850
2012-07-18,4850,4850
2012-07-19,4850,4850
2012-07-20,5100,4850
2012-07-23,4850,4850
2012-07-24,4850,4850
2012-07-25,4850,4850
2012-07-26,4850,4850
2012-07-27,4850,4850
2012-07-30,4850,4850
2012-07-31,4850,4850
2012-08-01,4850,4850
2012-08-02,4850,4850
2012-08-03,4850,4850
2012-08-06,4850,4850
2012-08-07,4850,4850
2012-08-08,4850,4850
2012-08-09,4850,4850
2012-08-10,4850,4850
2012-08-13,4850,4850
2012-08-14,4850,4850
2012-08-15,4850,4850
2012-08-16,4850,4850
2012-08-17,4850,4850
2012-08-20,4850,4850
2012-08-21,5100,4850
2012-08-22,4850,4850
2012-08-23,4850,4850
2012-08-24,4850,4850
2012-08-27,4850,4850
2012-08-28,4850,4850
2012-08-29,4850,4850
2012-08-30,4850,4850
2012-08-31,4850,4850
2012-09-03,4850,4850
2012-09-04,4850,4850
2012-09-05,4850,4850
2012-09-06,4850,4850
2012-09-07,4850,4850
2012-09-10,4850,4850
2012-09-11,4850,4850
2012-09-12,4850,4850
2012-09-13,4850,4850
2012-09-14,4850,4850
2012-09-17,4850,4850
2012-09-18,4850,4850
2012-09-19,4850,4850
2012-09-20,5100,4850
2012-09-21,4850,4850
2012-09-24,4850,4850
2012-09-25,4850,4850
2012-09-26,4850,4850
2012-09-27,4850,4850
2012-09-28,4850,4850
2012-10-01,4850,4850
2012-10-02,4850,4850
2012-10-03,4850,4850
2012-10-04,4850,4850
2012-10-05,4850,4850
2012-10-08,4850,4850
2012-10-09,4850,4850
2012-10-10,4850,4850
2012-10-11,4850,4850
2012-10-12,4850,4850
2012-10-15,4850,4850
2012-10-16,4850,4850
2012-10-17,4850,4850
2012-10-18,4850,4850
2012-10-19,4850,4850
2012-10-22,5100,4850
2012-10-23,4850,4850
2012-10-24,4850,4850
2012-10-25,4850,4850
2012-10-26,4850,4850
2012-10-29,4850,4850
2012-10-30,4850,4850
2012-10-31,4850,4850
2012-11-01,4850,4850
2012-11-02,4850,4850
2012-11-05,4850,4850
2012-11-06,4850,4850
2012-11-07,4850,4850
2012-11-08,4850,4850
2012-11-09,4850,4850
2012-11-12,4850,4850
2012-11-13,4850,4850
2012-11-14,4850,4850
2012-11-15,4850,4850
2012-11-16,5100,4850
2012-11-19,4850,4850
2012-11-20,4850,4850
2012-11-21,4850,4850
2012-11-22,4850,4850
2012-11-23,4850,4850
2012-11-26,4850,4850
2012-11-27,4850,4850
2012-11-28,4850,4850
2012-11-29,4850,4850
2012-11-30,4850,4850
2012-12-03,4850,4850
2012-12-04,4850,4850
2012-12-05,4850,4850
2012-12-06,4850,4850
2012-12-07,4850,4850
2012-12-10,4850,4850
2012-12-11,4850,4850
2012-12-12,4850,4850
2012-12-13,4850,4850
2012-12-14,4850,4850
2012-12-17,4850,4850
2012-12-18,4850,4850
2012-12-19,5100,4850
2012-12-20,4850,4850
2012-12-21,4850,4850
2012-12-24,4850,4850
2012-12-26,4850,4850
2012-12-27,4850,4850
2012-12-28,4850,4850
2012-12-31,4850,4850
2013-01-02,4850,4850
2013-01-03,4850,4850
2013-01-04,4850,4850
2013-01-07,4850,4850
2013-01-08,4850,4850
2013-01-09,4850,4850
2013-01-10,4850,4850
2013-01-11,4850,4850
2013-01-14,4850,4850
2013-01-15,4850,4850
2013-01-16,4850,4850
2013-01-17,4850,4850
2013-01-18,4850,4850
2013-01-21,4850,4850
2013-01-22,5100,4850
2013-01-23,4850,4850
2013-01-24,4850,4850
2013-01-25,4850,4850
2013-01-28,4850,4850
2013-01-29,4250,4250
2013-01-30,4250,4250
2013-01-31,4250,4250
2013-02-01,4250,4250
2013-02-04,4250,4250
2013-02-05,4250,4250
2013-02-06,4250,4250
2013-02-07,4250,4250
2013-02-08,4250,4250
2013-02-11,4250,4250
2013-02-12,4250,4250
2013-02-13,4250,4250
2013-02-14,4250,4250
2013-02-15,4250,4250
2013-02-18,4250,4250
2013-02-19,4250,4250
2013-02-20,4500,4250
2013-02-21,4250,4250
2013-02-22,4250,4250
2013-02-25,4250,4250
2013-02-26,4250,4250
2013-02-27,4250,4250
2013-02-28,4250,4250
2013-03-01,4250,4250
2013-03-04,4250,4250
2013-03-05,4250,4250
2013-03-06,4250,4250
2013-03-07,4250,4250
2013-03-08,4250,4250
2013-03-11,4250,4250
2013-03-12,4250,4250
2013-03-13,4250,4250
2013-03-14,4250,4250
2013-03-15,4250,4250
2013-03-18,4250,4250
2013-03-19,4250,4250
2013-03-20,4500,4250
2013-03-21,4250,4250
2013-03-22,4250,4250
2013-03-25,4250,4250
2013-03-26,4250,4250
2013-03-27,4250,4250
2013-03-28,4250,4250
2013-03-29,4250,4250
2013-04-01,4250,4250
2013-04-02,4250,4250
2013-04-03,4250,4250
2013-04-04,4250,4250
2013-04-05,4250,4250
2013-04-08,4250,4250
2013-04-09,4250,4250
2013-04-10,4250,4250
2013-04-11,4250,4250
2013-04-12,4250,4250
2013-04-15,4250,4250
2013-04-16,4250,4250
2013-04-17,4250,4250
2013-04-18,4250,4250
2013-04-19,4250,4250
2013-04-22,4500,4250
2013-04-23,4250,4250
2013-04-24,4250,4250
2013-04-25,4250,4250
2013-04-26,4250,4250
2013-04-29,4250,4250
2013-04-30,3850,3850
2013-05-01,3850,3850
2013-05-02,3850,3850
2013-05-03,3850,3850
2013-05-06,3850,3850
2013-05-07,3850,3850
2013-05-08,3850,3850
2013-05-09,3850,3850
2013-05-10,3850,3850
2013-05-13,3850,3850
2013-05-14,3850,3850
2013-05-15,3850,3850
2013-05-16,3850,3850
2013-05-17,3850,3850
2013-05-20,3850,3850
2013-05-21,4100,3850
2013-05-22,3850,3850
2013-05-23,3850,3850
2013-05-24,3850,3850
2013-05-27,3850,3850
2013-05-28,3850,3850
2013-05-29,3850,3850
2013-05-30,3850,3850
2013-05-31,3850,3850
2013-06-03,3850,3850
2013-06-04,3850,3850
2013-06-05,3850,3850
2013-06-06,3850,3850
2013-06-07,3850,3850
2013-06-10,3850,3850
2013-06-11,3850,3850
2013-06-12,3850,3850
2013-06-13,3850,3850
2013-06-14,3850,3850
2013-06-17,3850,3850
2013-06-18,3850,3850
2013-06-19,3850,3850
2013-06-20,4100,3850
2013-06-21,3850,3850
2013-06-24,3850,3850
2013-06-25,3850,3850
2013-06-26,3850,3850
2013-06-27,3850,3850
2013-06-28,3850,3850
2013-07-01,3850,3850
2013-07-02,3850,3850
2013-07-03,3850,3850
2013-07-04,3850,3850
2013-07-05,3850,3850
2013-07-08,3850,3850
2013-07-09,3850,3850
2013-07-10,3850,3850
2013-07-11,3850,3850
2013-07-12,3850,3850
2013-07-15,3850,3850
2013-07-16,3850,3850
2013-07-17,3850,3850
2013-07-18,3850,3850
2013-07-19,3850,3850
2013-07-22,4100,3850
2013-07-23,3850,3850
2013-07-24,3850,3850
2013-07-25,3850,3850
2013-07-26,3850,3850
2013-07-29,3850,3850
2013-07-30,3850,3850
2013-07-31,3850,3850
2013-08-01,3850,3850
2013-08-02,3850,3850
2013-08-05,3850,3850
2013-08-06,3850,3850
2013-08-07,3850,3850
2013-08-08,3850,3850
2013-08-09,3850,3850
2013-08-12,3850,3850
2013-08-13,3850,3850
2013-08-14,3850,3850
2013-08-15,3850,3850
2013-08-16,3850,3850
2013-08-19,3850,3850
2013-08-20,4100,3850
2013-08-21,3850,3850
2013-08-22,3850,3850
2013-08-23,3850,3850
2013-08-26,3850,3850
2013-08-27,3850,3850
2013-08-28,3850,3850
2013-08-29,3850,3850
2013-08-30,3850,3850
2013-09-02,3850,3850
2013-09-03,3850,3850
2013-09-04,3850,3850
2013-09-05,3850,3850
2013-09-06,3850,3850
2013-09-09,3850,3850
2013-09-10,3850,3850
2013-09-11,3850,3850
2013-09-12,3850,3850
2013-09-13,3850,3850
2013-09-16,3850,3850
2013-09-17,3850,3850
2013-09-18,3850,3850
2013-09-19,3850,3850
2013-09-20,4100,3850
2013-09-23,3850,3850
2013-09-24,3850,3850
2013-09-25,3850,3850
2013-09-26,3850,3850
2013-09-27,3850,3850
2013-09-30,3850,3850
2013-10-01,3850,3850
2013-10-02,3850,3850
2013-10-03,3850,3850
2013-10-04,3850,3850
2013-10-07,3850,3850
2013-10-08,3850,3850
2013-10-09,3850,3850
2013-10-10,3850,3850
2013-10-11,3850,3850
2013-10-14,3850,3850
2013-10-15,3850,3850
2013-10-16,3850,3850
2013-10-17,3850,3850
2013-10-18,3850,3850
2013-10-21,3850,3850
2013-10-22,4100,3850
2013-10-23,3850,3850
2013-10-24,3850,3850
2013-10-25,3850,3850
2013-10-28,3850,3850
2013-10-29,3850,3850
2013-10-30,3850,3850
2013-10-31,3850,3850
2013-11-01,3850,3850
2013-11-04,3850,3850
2013-11-05,3450,3450
2013-11-06,3450,3450
2013-11-07,3450,3450
2013-11-08,3450,3450
2013-11-11,3450,3450
2013-11-12,3450,3450
2013-11-13,3450,3450
2013-11-14,3450,3450
2013-11-15,3450,3450
2013-11-18,3450,3450
2013-11-19,3450,3450
2013-11-20,3700,3450
2013-11-21,3450,3450
2013-11-22,3150,3150
2013-11-25,3150,3150
2013-11-26,3150,3150
2013-11-27,3150,3150
2013-11-28,3150,3150
2013-11-29,3150,3150
2013-12-02,3150,3150
2013-12-03,3150,3150
2013-12-04,3150,3150
2013-12-05,3150,3150
2013-12-06,3150,3150
2013-12-09,3150,3150
2013-12-10,3150,3150
2013-12-11,3150,3150
2013-12-12,3150,3150
2013-12-13,3150,3150
2013-12-16,3150,3150
2013-12-17,3150,3150
2013-12-18,3150,3150
2013-12-19,3400,3150
2013-12-20,3150,3150
2013-12-23,3150,3150
2013-12-24,3150,3150
2013-12-25,3150,3150
2013-12-26,3150,3150
2013-12-27,3150,3150
2013-12-30,3150,3150
2013-12-31,3150,3150
2014-01-02,3150.0,3150.0
2014-01-03,3150.0,3150.0
2014-01-06,3150.0,3150.0
2014-01-07,3150.0,3150.0
2014-01-08,3150.0,3150.0
2014-01-09,3150.0,3150.0
2014-01-10,3150.0,3150.0
2014-01-13,3150.0,3150.0
2014-01-14,3150.0,3150.0
2014-01-15,3150.0,3150.0
2014-01-16,3150.0,3150.0
2014-01-17,3150.0,3150.0
2014-01-20,3150.0,3150.0
2014-01-21,3400.0,3150.0
2014-01-22,3150.0,3150.0
2014-01-23,3150.0,3150.0
2014-01-24,3150.0,3150.0
2014-01-27,3150.0,3150.0
2014-01-28,3150.0,3150.0
2014-01-29,3150.0,3150.0
2014-01-30,3150.0,3150.0
2014-01-31,3150.0,3150.0
2014-02-03,3150.0,3150.0
2014-02-04,3150.0,3150.0
2014-02-05,3150.0,3150.0
2014-02-06,3150.0,3150.0
2014-02-07,3150.0,3150.0
2014-02-10,3150.0,3150.0
2014-02-11,3150.0,3150.0
2014-02-12,3150.0,3150.0
2014-02-13,3150.0,3150.0
2014-02-14,3150.0,3150.0
2014-02-17,3150.0,3150.0
2014-02-18,3150.0,3150.0
2014-02-19,3150.0,3150.0
2014-02-20,3400.0,3150.0
2014-02-21,3150.0,3150.0
2014-02-24,3150.0,3150.0
2014-02-25,3150.0,3150.0
2014-02-26,3150.0,3150.0
2014-02-27,3150.0,3150.0
2014-02-28,2850.0,2850.0
2014-03-03,2850.0,2850.0
2014-03-04,2850.0,2850.0
2014-03-05,2850.0,2850.0
2014-03-06,2850.0,2850.0
2014-03-07,2850.0,2850.0
2014-03-10,2850.0,2850.0
2014-03-11,2850.0,2850.0
2014-03-12,2850.0,2850.0
2014-03-13,2850.0,2850.0
2014-03-14,2850.0,2850.0
2014-03-17,2850.0,2850.0
2014-03-18,2850.0,2850.0
2014-03-19,2850.0,2850.0
2014-03-20,3100.0,2850.0
2014-03-21,2850.0,2850.0
2014-03-24,2850.0,2850.0
2014-03-25,2850.0,2850.0
2014-03-26,2850.0,2850.0
2014-03-27,2850.0,2850.0
2014-03-28,2850.0,2850.0
2014-03-31,2850.0,2850.0
2014-04-01,2850.0,2850.0
2014-04-02,2850.0,2850.0
2014-04-03,2850.0,2850.0
2014-04-04,2850.0,2800.0
2014-04-07,2850.0,2800.0
2014-04-08,2850.0,2800.0
2014-04-09,2850.0,2800.0
2014-04-10,2850.0,2800.0
2014-04-11,2850.0,2800.0
2014-04-14,2850.0,2800.0
2014-04-15,2850.0,2800.0
2014-04-16,2850.0,2800.0
2014-04-17,2850.0,2800.0
2014-04-18,2850.0,2800.0
2014-04-21,2850.0,2800.0
2014-04-22,2900.0,2850.0
2014-04-23,2850.0,2800.0
2014-04-24,2850.0,2800.0
2014-04-25,2850.0,2800.0
2014-04-28,2850.0,2800.0
2014-04-29,2850.0,2800.0
2014-04-30,2850.0,2800.0
2014-05-01,2850.0,2800.0
2014-05-02,2850.0,2800.0
2014-05-05,2850.0,2800.0
2014-05-06,2850.0,2800.0
2014-05-07,2850.0,2800.0
2014-05-08,2850.0,2800.0
2014-05-09,2850.0,2800.0
2014-05-12,2850.0,2800.0
2014-05-13,2850.0,2800.0
2014-05-14,2850.0,2800.0
2014-05-15,2850.0,2800.0
2014-05-16,2850.0,2800.0
2014-05-19,2850.0,2800.0
2014-05-20,2900.0,2850.0
2014-05-21,2850.0,2800.0
2014-05-22,2850.0,2800.0
2014-05-23,2850.0,2800.0
2014-05-26,2850.0,2800.0
2014-05-27,2850.0,2800.0
2014-05-28,2850.0,2800.0
2014-05-29,2850.0,2800.0
2014-05-30,2850.0,2800.0
2014-06-02,2850.0,2800.0
2014-06-03,2850.0,2800.0
2014-06-04,2850.0,2800.0
2014-06-05,2850.0,2800.0
2014-06-06,2850.0,2800.0
2014-06-09,2850.0,2800.0
2014-06-10,2850.0,2800.0
2014-06-11,2850.0,2800.0
2014-06-12,2850.0,2800.0
2014-06-13,2850.0,2800.0
2014-06-16,2850.0,2800.0
2014-06-17,2850.0,2800.0
2014-06-18,2850.0,2800.0
2014-06-19,2850.0,2800.0
2014-06-20,2900.0,2850.0
2014-06-23,2850.0,2800.0
2014-06-24,2850.0,2800.0
2014-06-25,2850.0,2800.0
2014-06-26,2850.0,2800.0
2014-06-27,2850.0,2800.0
2014-06-30,2850.0,2800.0
2014-07-01,2850.0,2800.0
2014-07-02,2850.0,2800.0
2014-07-03,2850.0,2800.0
2014-07-04,2850.0,2800.0
2014-07-07,2850.0,2800.0
2014-07-08,2850.0,2800.0
2014-07-09,2850.0,2800.0
2014-07-10,2850.0,2800.0
2014-07-11,2850.0,2800.0
2014-07-14,2850.0,2800.0
2014-07-15,2850.0,2800.0
2014-07-16,2850.0,2800.0
2014-07-17,2850.0,2800.0
2014-07-18,2850.0,2800.0
2014-07-21,2850.0,2800.0
2014-07-22,2900.0,2850.0
2014-07-23,2850.0,2800.0
2014-07-24,2850.0,2800.0
2014-07-25,2850.0,2800.0
2014-07-28,2850.0,2800.0
2014-07-29,2850.0,2800.0
2014-07-30,2850.0,2800.0
2014-07-31,2850.0,2800.0
2014-08-01,2850.0,2800.0
2014-08-04,2850.0,2800.0
2014-08-05,2850.0,2800.0
2014-08-06,2850.0,2800.0
2014-08-07,2850.0,2800.0
2014-08-08,2850.0,2800.0
2014-08-11,2650.0,2600.0
2014-08-12,2650.0,2600.0
2014-08-13,2650.0,2600.0
2014-08-14,2650.0,2600.0
2014-08-15,2650.0,2600.0
2014-08-18,2650.0,2600.0
2014-08-19,2650.0,2600.0
2014-08-20,2700.0,2650.0
2014-08-21,2650.0,2600.0
2014-08-22,2650.0,2600.0
2014-08-25,2650.0,2600.0
2014-08-26,2650.0,2600.0
2014-08-27,2650.0,2600.0
2014-08-28,2650.0,2600.0
2014-08-29,2650.0,2600.0
2014-09-01,2650.0,2600.0
2014-09-02,2650.0,2600.0
2014-09-03,2650.0,2600.0
2014-09-04,2650.0,2600.0
2014-09-05,2650.0,2600.0
2014-09-08,2650.0,2600.0
2014-09-09,2650.0,2600.0
2014-09-10,2650.0,2600.0
2014-09-11,2650.0,2600.0
2014-09-12,2650.0,2600.0
2014-09-15,2650.0,2600.0
2014-09-16,2650.0,2600.0
2014-09-17,2650.0,2600.0
2014-09-18,2650.0,2600.0
2014-09-19,2650.0,2600.0
2014-09-22,2700.0,2650.0
2014-09-23,2650.0,2600.0
2014-09-24,2650.0,2600.0
2014-09-25,2650.0,2600.0
2014-09-26,2650.0,2600.0
2014-09-29,2650.0,2600.0
2014-09-30,2650.0,2600.0
2014-10-01,2650.0,2600.0
2014-10-02,2650.0,2600.0
2014-10-03,2900.0,2850.0
2014-10-06,2900.0,2850.0
2014-10-07,2900.0,2850.0
2014-10-08,2900.0,2850.0
2014-10-09,2900.0,2850.0
2014-10-10,2900.0,2850.0
2014-10-13,2900.0,2850.0
2014-10-14,2900.0,2850.0
2014-10-15,2900.0,2850.0
2014-10-16,2900.0,2850.0
2014-10-17,3300.0,3200.0
2014-10-20,3300.0,3200.0
2014-10-21,3400.0,3300.0
2014-10-22,3300.0,3200.0
2014-10-23,3300.0,3200.0
2014-10-24,3300.0,3200.0
2014-10-27,3300.0,3200.0
2014-10-28,3300.0,3200.0
2014-10-29,3300.0,3200.0
2014-10-30,3300.0,3200.0
2014-10-31,3300.0,3200.0
2014-11-03,3300.0,3200.0
2014-11-04,3300.0,3200.0
2014-11-05,3300.0,3200.0
2014-11-06,3300.0,3200.0
2014-11-07,3300.0,3200.0
2014-11-10,3300.0,3200.0
2014-11-11,3300.0,3200.0
2014-11-12,3300.0,3200.0
2014-11-13,3300.0,3200.0
2014-11-14,3300.0,3200.0
2014-11-17,3600.0,3500.0
2014-11-18,3600.0,3500.0
2014-11-19,3600.0,3500.0
2014-11-20,3700.0,3600.0
2014-11-21,3600.0,3500.0
2014-11-24,3600.0,3500.0
2014-11-25,3600.0,3500.0
2014-11-26,3750.0,3650.0
2014-11-27,3750.0,3650.0
2014-11-28,3750.0,3650.0
2014-12-01,3750.0,3650.0
2014-12-02,4350.0,4250.0
2014-12-03,4350.0,4250.0
2014-12-04,4350.0,4250.0
2014-12-05,4350.0,4250.0
2014-12-08,4350.0,4250.0
2014-12-09,4350.0,4250.0
2014-12-10,4350.0,4250.0
2014-12-11,4350.0,4250.0
2014-12-12,4350.0,4250.0
2014-12-15,4350.0,4250.0
2014-12-16,4350.0,4250.0
2014-12-17,4350.0,4250.0
2014-12-18,4350.0,4250.0
2014-12-19,4450.0,4350.0
2014-12-22,4350.0,4250.0
2014-12-23,4350.0,4250.0
2014-12-24,4350.0,4250.0
2014-12-25,4350.0,4250.0
2014-12-26,4350.0,4250.0
2014-12-29,4350.0,4250.0
2014-12-30,4350.0,4250.0
2014-12-31,4350.0,4250.0
2015-01-02,4350.0,4250.0
2015-01-05,4350.0,4250.0
2015-01-06,4350.0,4250.0
2015-01-07,4350.0,4250.0
2015-01-08,4350.0,4250.0
2015-01-09,4350.0,4250.0
2015-01-12,4350.0,4250.0
2015-01-13,4350.0,4250.0
2015-01-14,4350.0,4250.0
2015-01-15,4350.0,4250.0
2015-01-16,4350.0,4250.0
2015-01-19,4350.0,4250.0
2015-01-20,4450.0,4350.0
2015-01-21,4350.0,4250.0
2015-01-22,4350.0,4250.0
2015-01-23,4350.0,4250.0
2015-01-26,4350.0,4250.0
2015-01-27,4350.0,4250.0
2015-01-28,4350.0,4250.0
2015-01-29,4350.0,4250.0
2015-01-30,4350.0,4250.0
2015-02-02,4350.0,4250.0
2015-02-03,4350.0,4250.0
2015-02-04,4350.0,4250.0
2015-02-05,4350.0,4250.0
2015-02-06,4800.0,4700.0
2015-02-09,4800.0,4700.0
2015-02-10,4800.0,4700.0
2015-02-11,4800.0,4700.0
2015-02-12,4800.0,4700.0
2015-02-13,4800.0,4700.0
2015-02-16,4800.0,4700.0
2015-02-17,4800.0,4700.0
2015-02-18,4800.0,4700.0
2015-02-19,4800.0,4700.0
2015-02-20,4900.0,4800.0
2015-02-23,4800.0,4700.0
2015-02-24,4800.0,4700.0
2015-02-25,4800.0,4700.0
2015-02-26,4800.0,4700.0
2015-02-27,4800.0,4700.0
2015-03-02,4800.0,4700.0
2015-03-03,4800.0,4700.0
2015-03-04,4800.0,4700.0
2015-03-05,4800.0,4700.0
2015-03-06,4800.0,4700.0
2015-03-09,4800.0,4700.0
2015-03-10,4800.0,4700.0
2015-03-11,4800.0,4700.0
2015-03-12,4800.0,4700.0
2015-03-13,4800.0,4700.0
2015-03-16,4800.0,4700.0
2015-03-17,4800.0,4700.0
2015-03-18,4800.0,4700.0
2015-03-19,4800.0,4700.0
2015-03-20,4900.0,4800.0
2015-03-23,4800.0,4700.0
2015-03-24,4800.0,4700.0
2015-03-25,4800.0,4700.0
2015-03-26,4800.0,4700.0
2015-03-27,4800.0,4700.0
2015-03-30,4800.0,4700.0
2015-03-31,4800.0,4700.0
2015-04-01,4800.0,4700.0
2015-04-02,4800.0,4700.0
2015-04-03,4800.0,4700.0
2015-04-06,4800.0,4700.0
2015-04-07,4800.0,4700.0
2015-04-08,4800.0,4700.0
2015-04-09,4800.0,4700.0
2015-04-10,4800.0,4700.0
2015-04-13,4800.0,4700.0
2015-04-14,4800.0,4700.0
2015-04-15,4800.0,4700.0
2015-04-16,4800.0,4700.0
2015-04-17,4800.0,4700.0
2015-04-20,4800.0,4700.0
2015-04-21,4900.0,4800.0
2015-04-22,4800.0,4700.0
2015-04-23,4800.0,4700.0
2015-04-24,4800.0,4700.0
2015-04-27,4800.0,4700.0
2015-04-28,4800.0,4700.0
2015-04-29,4800.0,4700.0
2015-04-30,4800.0,4700.0
2015-05-01,4150.0,4050.0
2015-05-04,4150.0,4050.0
2015-05-05,4150.0,4050.0
2015-05-06,4150.0,4050.0
2015-05-07,4150.0,4050.0
2015-05-08,4150.0,4050.0
2015-05-11,4150.0,4050.0
2015-05-12,4150.0,4050.0
2015-05-13,4150.0,4050.0
2015-05-14,4150.0,4050.0
2015-05-15,4150.0,4050.0
2015-05-18,4150.0,4050.0
2015-05-19,4250.0,4150.0
2015-05-20,4150.0,4050.0
2015-05-21,4150.0,4050.0
2015-05-22,4150.0,4050.0
2015-05-25,4150.0,4050.0
2015-05-26,4150.0,4050.0
2015-05-27,4150.0,4050.0
2015-05-28,4150.0,4050.0
2015-05-29,4150.0,4050.0
2015-06-01,4150.0,4050.0
2015-06-02,4150.0,4050.0
2015-06-03,4150.0,4050.0
2015-06-04,4150.0,4050.0
2015-06-05,4150.0,4050.0
2015-06-08,4150.0,4050.0
2015-06-09,4150.0,4050.0
2015-06-10,4150.0,4050.0
2015-06-11,4150.0,4050.0
2015-06-12,4150.0,4050.0
2015-06-15,4150.0,4050.0
2015-06-16,4150.0,4050.0
2015-06-17,4150.0,4050.0
2015-06-18,4150.0,4050.0
2015-06-19,4150.0,4050.0
2015-06-22,4250.0,4150.0
2015-06-23,4150.0,4050.0
2015-06-24,4150.0,4050.0
2015-06-25,4150.0,4050.0
2015-06-26,4150.0,4050.0
2015-06-29,4150.0,4050.0
2015-06-30,4150.0,4050.0
2015-07-01,4150.0,4050.0
2015-07-02,4150.0,4050.0
2015-07-03,4150.0,4050.0
2015-07-06,4150.0,4050.0
2015-07-07,4150.0,4050.0
2015-07-08,4500.0,4400.0
2015-07-09,4500.0,4400.0
2015-07-10,4500.0,4400.0
2015-07-13,4500.0,4400.0
2015-07-14,4500.0,4400.0
2015-07-15,4500.0,4400.0
2015-07-16,4500.0,4400.0
2015-07-17,4500.0,4400.0
2015-07-20,4500.0,4400.0
2015-07-21,4600.0,4500.0
2015-07-22,4500.0,4400.0
2015-07-23,4500.0,4400.0
2015-07-24,4500.0,4400.0
2015-07-27,4500.0,4400.0
2015-07-28,4500.0,4400.0
2015-07-29,4500.0,4400.0
2015-07-30,4500.0,4400.0
2015-07-31,4500.0,4400.0
2015-08-03,4500.0,4400.0
2015-08-04,4500.0,4400.0
2015-08-05,4500.0,4400.0
2015-08-06,4500.0,4400.0
2015-08-07,4500.0,4400.0
2015-08-10,4500.0,4400.0
2015-08-11,4500.0,4400.0
2015-08-12,4500.0,4400.0
2015-08-13,4500.0,4400.0
2015-08-14,4500.0,4400.0
2015-08-17,4500.0,4400.0
2015-08-18,4500.0,4400.0
2015-08-19,4500.0,4400.0
2015-08-20,4600.0,4500.0
2015-08-21,4500.0,4400.0
2015-08-24,4500.0,4400.0
2015-08-25,4500.0,4400.0
2015-08-26,4500.0,4400.0
2015-08-27,4500.0,4400.0
2015-08-28,4500.0,4400.0
2015-08-31,4500.0,4400.0
2015-09-01,4500.0,4400.0
2015-09-02,4500.0,4400.0
2015-09-03,4500.0,4400.0
2015-09-04,4500.0,4400.0
2015-09-07,4500.0,4400.0
2015-09-08,4500.0,4400.0
2015-09-09,4500.0,4400.0
2015-09-10,4500.0,4400.0
2015-09-11,4500.0,4400.0
2015-09-14,4500.0,4400.0
2015-09-15,4500.0,4400.0
2015-09-16,4500.0,4400.0
2015-09-17,4500.0,4400.0
2015-09-18,4500.0,4400.0
2015-09-21,4500.0,4400.0
2015-09-22,4600.0,4500.0
2015-09-23,4500.0,4400.0
2015-09-24,4500.0,4400.0
2015-09-25,4500.0,4400.0
2015-09-28,4500.0,4400.0
2015-09-29,4500.0,4400.0
2015-09-30,4500.0,4400.0
2015-10-01,4500.0,4400.0
2015-10-02,4500.0,4400.0
2015-10-05,4500.0,4400.0
2015-10-06,4500.0,4400.0
2015-10-07,4500.0,4400.0
2015-10-08,4500.0,4400.0
2015-10-09,4500.0,4400.0
2015-10-12,4500.0,4400.0
2015-10-13,4500.0,4400.0
2015-10-14,4500.0,4400.0
2015-10-15,4500.0,4400.0
2015-10-16,4500.0,4400.0
2015-10-19,4600.0,4500.0
2015-10-20,4600.0,4500.0
2015-10-21,4500.0,4400.0
2015-10-22,4500.0,4400.0
2015-10-23,4500.0,4400.0
2015-10-26,4500.0,4400.0
2015-10-27,4500.0,4400.0
2015-10-28,4500.0,4400.0
2015-10-29,4500.0,4400.0
2015-10-30,4500.0,4400.0
2015-11-02,4500.0,4400.0
2015-11-03,4500.0,4400.0
2015-11-04,4500.0,4400.0
2015-11-05,4500.0,4400.0
2015-11-06,4500.0,4400.0
2015-11-09,4500.0,4400.0
2015-11-10,4500.0,4400.0
2015-11-11,4500.0,4400.0
2015-11-12,4500.0,4400.0
2015-11-13,4500.0,4400.0
2015-11-16,4500.0,4400.0
2015-11-17,4500.0,4400.0
2015-11-18,4500.0,4400.0
2015-11-19,4600.0,4500.0
2015-11-20,4600.0,4500.0
2015-11-23,4500.0,4400.0
2015-11-24,4500.0,4400.0
2015-11-25,4500.0,4400.0
2015-11-26,4500.0,4400.0
2015-11-27,4500.0,4400.0
2015-11-30,4500.0,4400.0
2015-12-01,4500.0,4400.0
2015-12-02,4500.0,4400.0
2015-12-03,4500.0,4400.0
2015-12-04,4500.0,4400.0
2015-12-07,4500.0,4400.0
2015-12-08,4500.0,4400.0
2015-12-09,4500.0,4400.0
2015-12-10,4500.0,4400.0
2015-12-11,4500.0,4400.0
2015-12-14,3900.0,3800.0
2015-12-15,3900.0,3800.0
2015-12-16,3900.0,3800.0
2015-12-17,3900.0,3800.0
2015-12-18,3900.0,3800.0
2015-12-21,4000.0,3900.0
2015-12-22,3900.0,3800.0
2015-12-23,3900.0,3800.0
2015-12-24,3900.0,3800.0
2015-12-25,3900.0,3800.0
2015-12-28,3900.0,3800.0
2015-12-29,3900.0,3800.0
2015-12-30,3900.0,3800.0
2015-12-31,3900.0,3800.0
2016-01-04,3900.0,3800.0
2016-01-05,3900.0,3800.0
2016-01-06,3900.0,3800.0
2016-01-07,3900.0,3800.0
2016-01-08,3900.0,3800.0
2016-01-11,3900.0,3800.0
2016-01-12,3900.0,3800.0
2016-01-13,3900.0,3800.0
2016-01-14,3900.0,3800.0
2016-01-15,3900.0,3800.0
2016-01-18,3900.0,3800.0
2016-01-19,3900.0,3800.0
2016-01-20,4000.0,3900.0
2016-01-21,3900.0,3800.0
2016-01-22,3900.0,3800.0
2016-01-25,3900.0,3800.0
2016-01-26,3900.0,3800.0
2016-01-27,3900.0,3800.0
2016-01-28,3900.0,3800.0
2016-01-29,3900.0,3800.0
2016-02-01,3900.0,3800.0
2016-02-02,3900.0,3800.0
2016-02-03,3900.0,3800.0
2016-02-04,3900.0,3800.0
2016-02-05,3900.0,3800.0
2016-02-08,3900.0,3800.0
2016-02-09,3900.0,3800.0
2016-02-10,3400.0,3350.0
2016-02-11,3400.0,3350.0
2016-02-12,3400.0,3350.0
2016-02-15,3400.0,3350.0
2016-02-16,3400.0,3350.0
2016-02-17,3400.0,3350.0
2016-02-18,3400.0,3350.0
2016-02-19,3400.0,3350.0
2016-02-22,3500.0,3400.0
2016-02-23,3400.0,3350.0
2016-02-24,3400.0,3350.0
2016-02-25,3400.0,3350.0
2016-02-26,3400.0,3350.0
2016-02-29,3400.0,3350.0
2016-03-01,3400.0,3350.0
2016-03-02,3400.0,3350.0
2016-03-03,3400.0,3350.0
2016-03-04,3400.0,3350.0
2016-03-07,3400.0,3350.0
2016-03-08,3400.0,3350.0
2016-03-09,3400.0,3350.0
2016-03-10,3400.0,3350.0
2016-03-11,3400.0,3350.0
2016-03-14,3400.0,3350.0
2016-03-15,3400.0,3350.0
2016-03-16,3400.0,3350.0
2016-03-17,3400.0,3350.0
2016-03-18,3400.0,3350.0
2016-03-21,3500.0,3400.0
2016-03-22,3400.0,3350.0
2016-03-23,3400.0,3350.0
2016-03-24,3400.0,3350.0
2016-03-25,3400.0,3350.0
2016-03-28,3400.0,3350.0
2016-03-29,3400.0,3350.0
2016-03-30,3400.0,3350.0
2016-03-31,3400.0,3350.0
2016-04-01,3400.0,3350.0
2016-04-04,3400.0,3350.0
2016-04-05,3400.0,3350.0
2016-04-06,3400.0,3350.0
2016-04-07,3400.0,3350.0
2016-04-08,3400.0,3350.0
2016-04-11,3400.0,3350.0
2016-04-12,3400.0,3350.0
2016-04-13,3400.0,3350.0
2016-04-14,3400.0,3350.0
2016-04-15,3400.0,3350.0
2016-04-18,3400.0,3350.0
2016-04-19,3400.0,3350.0
2016-04-20,3400.0,3400.0
2016-04-21,3400.0,3350.0
2016-04-22,3400.0,3350.0
2016-04-25,3400.0,3350.0
2016-04-26,3400.0,3350.0
2016-04-27,3400.0,3350.0
2016-04-28,3400.0,3350.0
2016-04-29,3400.0,3350.0
2016-05-02,3400.0,3350.0
2016-05-03,3400.0,3350.0
2016-05-04,3400.0,3350.0
2016-05-05,3400.0,3350.0
2016-05-06,3400.0,3350.0
2016-05-09,3400.0,3350.0
2016-05-10,3400.0,3350.0
2016-05-11,3400.0,3350.0
2016-05-12,3400.0,3350.0
2016-05-13,3400.0,3350.0
2016-05-16,3400.0,3350.0
2016-05-17,3400.0,3350.0
2016-05-18,3400.0,3350.0
2016-05-19,3400.0,3350.0
2016-05-20,3400.0,3400.0
2016-05-23,3400.0,3350.0
2016-05-24,3400.0,3350.0
2016-05-25,3400.0,3350.0
2016-05-26,3400.0,3350.0
2016-05-27,3400.0,3350.0
2016-05-30,3400.0,3350.0
2016-05-31,3400.0,3350.0
2016-06-01,3400.0,3350.0
2016-06-02,3400.0,3350.0
2016-06-03,3400.0,3350.0
2016-06-06,3400.0,3350.0
2016-06-07,3400.0,3350.0
2016-06-08,3400.0,3350.0
2016-06-09,3400.0,3350.0
2016-06-10,3400.0,3350.0
2016-06-13,3400.0,3350.0
2016-06-14,3400.0,3350.0
2016-06-15,3400.0,3350.0
2016-06-16,3400.0,3350.0
2016-06-17,3400.0,3350.0
2016-06-20,3400.0,3350.0
2016-06-21,3400.0,3400.0
2016-06-22,3400.0,3350.0
2016-06-23,3400.0,3350.0
2016-06-24,3400.0,3350.0
2016-06-27,3400.0,3350.0
2016-06-28,3400.0,3350.0
2016-06-29,3400.0,3350.0
2016-06-30,3400.0,3350.0
2016-07-01,3400.0,3350.0
2016-07-04,3400.0,3350.0
2016-07-05,3400.0,3350.0
2016-07-06,3400.0,3350.0
2016-07-07,3400.0,3350.0
2016-07-08,3400.0,3350.0
2016-07-11,3400.0,3350.0
2016-07-12,3400.0,3350.0
2016-07-13,3400.0,3350.0
2016-07-14,3400.0,3350.0
2016-07-15,3400.0,3350.0
2016-07-18,3400.0,3350.0
2016-07-19,3400.0,3350.0
2016-07-20,3400.0,3400.0
2016-07-21,3400.0,3350.0
2016-07-22,3400.0,3350.0
2016-07-25,3400.0,3350.0
2016-07-26,3400.0,3350.0
2016-07-27,3400.0,3350.0
2016-07-28,3400.0,3350.0
2016-07-29,3400.0,3350.0
2016-08-01,3400.0,3350.0
2016-08-02,3400.0,3350.0
2016-08-03,3400.0,3350.0
2016-08-04,3200.0,3150.0
2016-08-05,3200.0,3150.0
2016-08-08,3200.0,3150.0
2016-08-09,3200.0,3150.0
2016-08-10,3200.0,3150.0
2016-08-11,3200.0,3150.0
2016-08-12,3200.0,3150.0
2016-08-15,3200.0,3150.0
2016-08-16,3200.0,3150.0
2016-08-17,3200.0,3150.0
2016-08-18,3200.0,3150.0
2016-08-19,3200.0,3150.0
2016-08-22,3200.0,3200.0
2016-08-23,3200.0,3150.0
2016-08-24,3200.0,3150.0
2016-08-25,3200.0,3150.0
2016-08-26,3200.0,3150.0
2016-08-29,3200.0,3150.0
2016-08-30,3200.0,3150.0
2016-08-31,2900.0,2850.0
2016-09-01,2900.0,2850.0
2016-09-02,2900.0,2850.0
2016-09-05,2900.0,2850.0
2016-09-06,2900.0,2850.0
2016-09-07,2900.0,2850.0
2016-09-08,2900.0,2850.0
2016-09-09,2900.0,2850.0
2016-09-12,2900.0,2850.0
2016-09-13,2900.0,2850.0
2016-09-14,2900.0,2850.0
2016-09-15,2900.0,2850.0
2016-09-16,2900.0,2850.0
2016-09-19,2900.0,2850.0
2016-09-20,2900.0,2900.0
2016-09-21,2900.0,2850.0
2016-09-22,2900.0,2850.0
2016-09-23,2900.0,2850.0
2016-09-26,2900.0,2850.0
2016-09-27,2900.0,2850.0
2016-09-28,2900.0,2850.0
2016-09-29,2900.0,2850.0
2016-09-30,2900.0,2850.0
2016-10-03,2900.0,2850.0
2016-10-04,2900.0,2850.0
2016-10-05,2900.0,2850.0
2016-10-06,2900.0,2850.0
2016-10-07,2900.0,2850.0
2016-10-10,2900.0,2850.0
2016-10-11,2900.0,2850.0
2016-10-12,2900.0,2850.0
2016-10-13,2900.0,2850.0
2016-10-14,2900.0,2850.0
2016-10-17,2900.0,2850.0
2016-10-18,2900.0,2850.0
2016-10-19,2900.0,2850.0
2016-10-20,2900.0,2900.0
2016-10-21,2900.0,2850.0
2016-10-24,2900.0,2850.0
2016-10-25,2900.0,2850.0
2016-10-26,2900.0,2850.0
2016-10-27,2900.0,2850.0
2016-10-28,2900.0,2850.0
2016-10-31,2900.0,2850.0
2016-11-01,2900.0,2850.0
2016-11-02,2900.0,2850.0
2016-11-03,2900.0,2850.0
2016-11-04,2900.0,2850.0
2016-11-07,2900.0,2850.0
2016-11-08,2900.0,2850.0
2016-11-09,2900.0,2850.0
2016-11-10,2900.0,2850.0
2016-11-11,2900.0,2850.0
2016-11-14,2900.0,2850.0
2016-11-15,2900.0,2850.0
2016-11-16,2900.0,2850.0
2016-11-17,2900.0,2850.0
2016-11-18,2900.0,2850.0
2016-11-21,2900.0,2900.0
2016-11-22,2900.0,2850.0
2016-11-23,2900.0,2850.0
2016-11-24,2900.0,2850.0
2016-11-25,2900.0,2850.0
2016-11-28,2900.0,2850.0
2016-11-29,2900.0,2850.0
2016-11-30,2900.0,2850.0
2016-12-01,2900.0,2850.0
2016-12-02,2900.0,2850.0
2016-12-05,3200.0,3150.0
2016-12-06,3200.0,3150.0
2016-12-07,3200.0,3150.0
2016-12-08,3200.0,3150.0
2016-12-09,3200.0,3150.0
2016-12-12,3200.0,3150.0
2016-12-13,3200.0,3150.0
2016-12-14,3200.0,3150.0
2016-12-15,3200.0,3150.0
2016-12-16,3200.0,3150.0
2016-12-19,3200.0,3150.0
2016-12-20,3200.0,3200.0
2016-12-21,3200.0,3150.0
2016-12-22,3200.0,3150.0
2016-12-23,3200.0,3150.0
2016-12-26,3200.0,3150.0
2016-12-27,3200.0,3150.0
2016-12-28,3200.0,3150.0
2016-12-29,3200.0,3150.0
2016-12-30,3200.0,3150.0
2017-01-02,3200.0,3150.0
2017-01-03,3200.0,3150.0
2017-01-04,3200.0,3150.0
2017-01-05,3200.0,3150.0
2017-01-06,3200.0,3150.0
2017-01-09,3200.0,3150.0
2017-01-10,3200.0,3150.0
2017-01-11,3200.0,3150.0
2017-01-12,3200.0,3150.0
2017-01-13,3200.0,3150.0
2017-01-16,3200.0,3150.0
2017-01-17,3200.0,3150.0
2017-01-18,3200.0,3150.0
2017-01-19,3200.0,3150.0
2017-01-20,3200.0,3200.0
2017-01-23,3200.0,3150.0
2017-01-24,3200.0,3150.0
2017-01-25,3200.0,3150.0
2017-01-26,3200.0,3150.0
2017-01-27,3200.0,3150.0
2017-01-30,3200.0,3150.0
2017-01-31,3200.0,3150.0
2017-02-01,3200.0,3150.0
2017-02-02,3200.0,3150.0
2017-02-03,3200.0,3150.0
2017-02-06,3200.0,3150.0
2017-02-07,3200.0,3150.0
2017-02-08,3200.0,3150.0
2017-02-09,3200.0,3150.0
2017-02-10,3200.0,3150.0
2017-02-13,3200.0,3150.0
2017-02-14,3200.0,3150.0
2017-02-15,3200.0,3150.0
2017-02-16,2900.0,2850.0
2017-02-17,2900.0,2850.0
2017-02-20,2900.0,2850.0
2017-02-21,2900.0,2900.0
2017-02-22,2900.0,2850.0
2017-02-23,2900.0,2850.0
2017-02-24,2900.0,2850.0
2017-02-27,2900.0,2850.0
2017-02-28,2900.0,2850.0
2017-03-01,2900.0,2850.0
2017-03-02,2900.0,2850.0
2017-03-03,2900.0,2850.0
2017-03-06,2900.0,2850.0
2017-03-07,2900.0,2850.0
2017-03-08,2900.0,2850.0
2017-03-09,2900.0,2850.0
2017-03-10,2900.0,2850.0
2017-03-13,2900.0,2850.0
2017-03-14,2900.0,2850.0
2017-03-15,2900.0,2850.0
2017-03-16,2900.0,2850.0
2017-03-17,2900.0,2850.0
2017-03-20,2900.0,2850.0
2017-03-21,2900.0,2900.0
2017-03-22,2900.0,2850.0
2017-03-23,2900.0,2850.0
2017-03-24,2900.0,2850.0
2017-03-27,2900.0,2850.0
2017-03-28,2900.0,2850.0
2017-03-29,2900.0,2850.0
2017-03-30,2900.0,2850.0
2017-03-31,2900.0,2850.0
2017-04-03,2900.0,2850.0
2017-04-04,2900.0,2850.0
2017-04-05,2700.0,2650.0
2017-04-06,2700.0,2650.0
2017-04-07,2700.0,2650.0
2017-04-10,2700.0,2650.0
2017-04-11,2700.0,2650.0
2017-04-12,2700.0,2650.0
2017-04-13,2700.0,2650.0
2017-04-14,2700.0,2650.0
2017-04-17,2700.0,2650.0
2017-04-18,2700.0,2650.0
2017-04-19,2700.0,2650.0
2017-04-20,2700.0,2700.0
2017-04-21,2700.0,2650.0
2017-04-24,2700.0,2650.0
2017-04-25,2700.0,2650.0
2017-04-26,2700.0,2650.0
2017-04-27,2700.0,2650.0
2017-04-28,2700.0,2650.0
2017-05-01,2700.0,2650.0
2017-05-02,2700.0,2650.0
2017-05-03,2700.0,2650.0
2017-05-04,2700.0,2650.0
2017-05-05,2700.0,2650.0
2017-05-08,2700.0,2650.0
2017-05-09,2700.0,2650.0
2017-05-10,2700.0,2650.0
2017-05-11,2700.0,2650.0
2017-05-12,2700.0,2650.0
2017-05-15,2700.0,2650.0
2017-05-16,2700.0,2650.0
2017-05-17,2700.0,2650.0
2017-05-18,2700.0,2650.0
2017-05-19,2700.0,2650.0
2017-05-22,2700.0,2700.0
2017-05-23,2700.0,2650.0
2017-05-24,2700.0,2650.0
2017-05-25,2700.0,2650.0
2017-05-26,2700.0,2650.0
2017-05-29,2700.0,2650.0
2017-05-30,2700.0,2650.0
2017-05-31,2700.0,2650.0
2017-06-01,2700.0,2650.0
2017-06-02,2700.0,2650.0
2017-06-05,2700.0,2650.0
2017-06-06,2700.0,2650.0
2017-06-07,2700.0,2650.0
2017-06-08,2700.0,2650.0
2017-06-09,2700.0,2650.0
2017-06-12,2700.0,2650.0
2017-06-13,2700.0,2650.0
2017-06-14,2700.0,2650.0
2017-06-15,2700.0,2650.0
2017-06-16,2700.0,2650.0
2017-06-19,2700.0,2650.0
2017-06-20,2700.0,2700.0
2017-06-21,2700.0,2650.0
2017-06-22,2500.0,2450.0
2017-06-23,2500.0,2450.0
2017-06-26,2500.0,2450.0
2017-06-27,2500.0,2450.0
2017-06-28,2500.0,2450.0
2017-06-29,2500.0,2450.0
2017-06-30,2500.0,2450.0
2017-07-03,2500.0,2450.0
2017-07-04,2500.0,2450.0
2017-07-05,2500.0,2450.0
2017-07-06,2500.0,2450.0
2017-07-07,2500.0,2450.0
2017-07-10,2500.0,2450.0
2017-07-11,2500.0,2450.0
2017-07-12,2500.0,2450.0
2017-07-13,2500.0,2450.0
2017-07-14,2500.0,2450.0
2017-07-17,2500.0,2450.0
2017-07-18,2500.0,2450.0
2017-07-19,2500.0,2450.0
2017-07-20,2500.0,2500.0
2017-07-21,2500.0,2450.0
2017-07-24,2500.0,2450.0
2017-07-25,2375.0,2350.0
2017-07-26,2375.0,2350.0
2017-07-27,2375.0,2350.0
2017-07-28,2375.0,2350.0
2017-07-31,2375.0,2350.0
2017-08-01,2375.0,2350.0
2017-08-02,2375.0,2350.0
2017-08-03,2375.0,2350.0
2017-08-04,2375.0,2350.0
2017-08-07,2375.0,2350.0
2017-08-08,2375.0,2350.0
2017-08-09,2375.0,2350.0
2017-08-10,2375.0,2350.0
2017-08-11,2375.0,2350.0
2017-08-14,2375.0,2350.0
2017-08-15,2375.0,2350.0
2017-08-16,2375.0,2350.0
2017-08-17,2375.0,2350.0
2017-08-18,2375.0,2350.0
2017-08-21,2375.0,2350.0
2017-08-22,2400.0,2375.0
2017-08-23,2375.0,2350.0
2017-08-24,2375.0,2350.0
2017-08-25,2375.0,2350.0
2017-08-28,2375.0,2350.0
2017-08-29,2375.0,2350.0
2017-08-30,2375.0,2350.0
2017-08-31,2375.0,2350.0
2017-09-01,2375.0,2350.0
2017-09-04,2375.0,2350.0
2017-09-05,2375.0,2350.0
2017-09-06,2375.0,2350.0
2017-09-07,2375.0,2350.0
2017-09-08,2375.0,2350.0
2017-09-11,2375.0,2350.0
2017-09-12,2375.0,2350.0
2017-09-13,2375.0,2350.0
2017-09-14,2375.0,2350.0
2017-09-15,2375.0,2350.0
2017-09-18,2375.0,2350.0
2017-09-19,2375.0,2350.0
2017-09-20,2400.0,2375.0
2017-09-21,2375.0,2350.0
2017-09-22,2375.0,2350.0
2017-09-25,2375.0,2350.0
2017-09-26,2375.0,2350.0
2017-09-27,2375.0,2350.0
2017-09-28,2375.0,2350.0
2017-09-29,2375.0,2350.0
2017-10-02,2225.0,2225.0
2017-10-03,2225.0,2225.0
2017-10-04,2225.0,2225.0
2017-10-05,2225.0,2225.0
2017-10-06,2225.0,2225.0
2017-10-09,2225.0,2225.0
2017-10-10,2225.0,2225.0
2017-10-11,2225.0,2225.0
2017-10-12,2225.0,2225.0
2017-10-13,2225.0,2225.0
2017-10-16,2225.0,2225.0
2017-10-17,2225.0,2225.0
2017-10-18,2225.0,2225.0
2017-10-19,2225.0,2225.0
2017-10-20,2250.0,2225.0
2017-10-23,2225.0,2225.0
2017-10-24,2225.0,2225.0
2017-10-25,2225.0,2225.0
2017-10-26,2225.0,2225.0
2017-10-27,2225.0,2225.0
2017-10-30,2225.0,2225.0
2017-10-31,2225.0,2225.0
2017-11-01,2225.0,2225.0
2017-11-02,2225.0,2225.0
2017-11-03,2225.0,2225.0
2017-11-06,2225.0,2225.0
2017-11-07,2225.0,2225.0
2017-11-08,2225.0,2225.0
2017-11-09,2225.0,2225.0
2017-11-10,2225.0,2225.0
2017-11-13,2225.0,2225.0
2017-11-14,2225.0,2225.0
2017-11-15,2225.0,2225.0
2017-11-16,2225.0,2225.0
2017-11-17,2225.0,2225.0
2017-11-20,2250.0,2225.0
2017-11-21,2225.0,2225.0
2017-11-22,2225.0,2225.0
2017-11-23,2225.0,2225.0
2017-11-24,2225.0,2225.0
2017-11-27,2225.0,2225.0
2017-11-28,2225.0,2225.0
2017-11-29,2225.0,2225.0
2017-11-30,2225.0,2225.0
2017-12-01,2225.0,2225.0
2017-12-04,2225.0,2225.0
2017-12-05,2075.0,2075.0
2017-12-06,2075.0,2075.0
2017-12-07,2075.0,2075.0
2017-12-08,2075.0,2075.0
2017-12-11,2075.0,2075.0
2017-12-12,2075.0,2075.0
2017-12-13,2075.0,2075.0
2017-12-14,2075.0,2075.0
2017-12-15,2075.0,2075.0
2017-12-18,2075.0,2075.0
2017-12-19,2100.0,2075.0
2017-12-20,2075.0,2075.0
2017-12-21,2075.0,2075.0
2017-12-22,2075.0,2075.0
2017-12-25,2075.0,2075.0
2017-12-26,2075.0,2075.0
2017-12-27,2075.0,2075.0
2017-12-28,2075.0,2075.0
2017-12-29,2075.0,2075.0
2018-01-02,2075.0,2075.0
2018-01-03,2075.0,2075.0
2018-01-04,2075.0,2075.0
2018-01-05,1925.0,1925.0
2018-01-08,1925.0,1925.0
2018-01-09,1925.0,1925.0
2018-01-10,1925.0,1925.0
2018-01-11,1925.0,1925.0
2018-01-12,1925.0,1925.0
2018-01-15,1925.0,1925.0
2018-01-16,1925.0,1925.0
2018-01-17,1925.0,1925.0
2018-01-18,1925.0,1925.0
2018-01-19,1925.0,1925.0
2018-01-22,1950.0,1925.0
2018-01-23,1925.0,1925.0
2018-01-24,1925.0,1925.0
2018-01-25,1925.0,1925.0
2018-01-26,1925.0,1925.0
2018-01-29,1925.0,1925.0
2018-01-30,1925.0,1925.0
2018-01-31,1925.0,1925.0
2018-02-01,1925.0,1925.0
2018-02-02,1925.0,1925.0
2018-02-05,1925.0,1925.0
2018-02-06,1925.0,1925.0
2018-02-07,1925.0,1925.0
2018-02-08,1925.0,1925.0
2018-02-09,1925.0,1925.0
2018-02-12,1925.0,1925.0
2018-02-13,1925.0,1925.0
2018-02-14,2075.0,2075.0
2018-02-15,2075.0,2075.0
2018-02-16,2075.0,2075.0
2018-02-19,2075.0,2075.0
2018-02-20,2100.0,2075.0
2018-02-21,2075.0,2075.0
2018-02-22,2075.0,2075.0
2018-02-23,2075.0,2075.0
2018-02-26,2075.0,2075.0
2018-02-27,2075.0,2075.0
2018-02-28,2075.0,2075.0
2018-03-01,2075.0,2075.0
2018-03-02,2075.0,2075.0
2018-03-05,2075.0,2075.0
2018-03-06,2075.0,2075.0
2018-03-07,2075.0,2075.0
2018-03-08,2075.0,2075.0
2018-03-09,2075.0,2075.0
2018-03-12,2075.0,2075.0
2018-03-13,2075.0,2075.0
2018-03-14,2075.0,2075.0
2018-03-15,2075.0,2075.0
2018-03-16,2075.0,2075.0
2018-03-19,2075.0,2075.0
2018-03-20,2100.0,2075.0
2018-03-21,2075.0,2075.0
2018-03-22,2075.0,2075.0
2018-03-23,2075.0,2075.0
2018-03-26,2075.0,2075.0
2018-03-27,2075.0,2075.0
2018-03-28,2075.0,2075.0
2018-03-29,2075.0,2075.0
2018-03-30,2075.0,2075.0
2018-04-02,2075.0,2075.0
2018-04-03,2075.0,2075.0
2018-04-04,2075.0,2075.0
2018-04-05,2075.0,2075.0
2018-04-06,2075.0,2075.0
2018-04-09,2075.0,2075.0
2018-04-10,2075.0,2075.0
2018-04-11,2075.0,2075.0
2018-04-12,2075.0,2075.0
2018-04-13,2075.0,2075.0
2018-04-16,2075.0,2075.0
2018-04-17,2075.0,2075.0
2018-04-18,2175.0,2175.0
2018-04-19,2175.0,2175.0
2018-04-20,2200.0,2175.0
2018-04-23,2250.0,2250.0
2018-04-24,2250.0,2250.0
2018-04-25,2250.0,2250.0
2018-04-26,2250.0,2250.0
2018-04-27,2250.0,2250.0
2018-04-30,2250.0,2250.0
2018-05-01,2250.0,2250.0
2018-05-02,2250.0,2250.0
2018-05-03,2250.0,2250.0
2018-05-04,2250.0,2250.0
2018-05-07,2250.0,2250.0
2018-05-08,2250.0,2250.0
2018-05-09,2250.0,2250.0
2018-05-10,2250.0,2250.0
2018-05-11,2400.0,2400.0
2018-05-14,2400.0,2400.0
2018-05-15,2400.0,2400.0
2018-05-16,2400.0,2400.0
2018-05-17,2400.0,2400.0
2018-05-18,2400.0,2400.0
2018-05-21,2400.0,2400.0
2018-05-22,2450.0,2400.0
2018-05-23,2400.0,2400.0
2018-05-24,2400.0,2400.0
2018-05-25,2400.0,2400.0
2018-05-28,2400.0,2400.0
2018-05-29,2400.0,2400.0
2018-05-30,2500.0,2500.0
2018-05-31,2500.0,2500.0
2018-06-01,2500.0,2500.0
2018-06-04,2500.0,2500.0
2018-06-05,2500.0,2500.0
2018-06-06,2500.0,2500.0
2018-06-07,2500.0,2500.0
2018-06-08,2500.0,2500.0
2018-06-11,2500.0,2500.0
2018-06-12,2500.0,2500.0
2018-06-13,2500.0,2500.0
2018-06-14,2500.0,2500.0
2018-06-15,2500.0,2500.0
2018-06-18,2500.0,2500.0
2018-06-19,2500.0,2500.0
2018-06-20,2550.0,2500.0
2018-06-21,2500.0,2500.0
2018-06-22,2500.0,2500.0
2018-06-25,2500.0,2500.0
2018-06-26,2700.0,2700.0
2018-06-27,2700.0,2700.0
2018-06-28,2700.0,2700.0
2018-06-29,2900.0,2900.0
2018-07-02,2900.0,2900.0
2018-07-03,2900.0,2900.0
2018-07-04,2900.0,2900.0
2018-07-05,2900.0,2900.0
2018-07-06,2900.0,2900.0
2018-07-09,2900.0,2900.0
2018-07-10,2900.0,2900.0
2018-07-11,2900.0,2900.0
2018-07-12,2900.0,2900.0
2018-07-13,3200.0,3200.0
2018-07-16,3200.0,3200.0
2018-07-17,3200.0,3200.0
2018-07-18,3400.0,3300.0
2018-07-19,3400.0,3300.0
2018-07-20,3450.0,3400.0
2018-07-23,3400.0,3300.0
2018-07-24,3400.0,3300.0
2018-07-25,3400.0,3300.0
2018-07-26,3400.0,3300.0
2018-07-27,3400.0,3300.0
2018-07-30,3400.0,3300.0
2018-07-31,3400.0,3300.0
2018-08-01,3400.0,3300.0
2018-08-02,3400.0,3300.0
2018-08-03,3400.0,3300.0
2018-08-06,3400.0,3300.0
2018-08-07,3400.0,3300.0
2018-08-08,3400.0,3300.0
2018-08-09,3400.0,3300.0
2018-08-10,3400.0,3300.0
2018-08-13,3400.0,3300.0
2018-08-14,3400.0,3300.0
2018-08-15,3400.0,3300.0
2018-08-16,3400.0,3300.0
2018-08-17,3400.0,3300.0
2018-08-20,3400.0,3300.0
2018-08-21,3450.0,3400.0
2018-08-22,3400.0,3300.0
2018-08-23,3400.0,3300.0
2018-08-24,3400.0,3300.0
2018-08-27,3400.0,3300.0
2018-08-28,3000.0,2950.0
2018-08-29,3000.0,2950.0
2018-08-30,3000.0,2950.0
2018-08-31,3000.0,2950.0
2018-09-03,3000.0,2950.0
2018-09-04,3000.0,2950.0
2018-09-05,3000.0,2950.0
2018-09-06,3000.0,2950.0
2018-09-07,3000.0,2950.0
2018-09-10,3000.0,2950.0
2018-09-11,3000.0,2950.0
2018-09-12,3000.0,2950.0
2018-09-13,3000.0,2950.0
2018-09-14,3000.0,2950.0
2018-09-17,3000.0,2950.0
2018-09-18,3000.0,2950.0
2018-09-19,3000.0,2950.0
2018-09-20,3100.0,3000.0
2018-09-21,3000.0,2950.0
2018-09-24,3000.0,2950.0
2018-09-25,3000.0,2950.0
2018-09-26,3000.0,2950.0
2018-09-27,3000.0,2950.0
2018-09-28,3000.0,2950.0
2018-10-01,3000.0,2950.0
2018-10-02,3000.0,2950.0
2018-10-03,3000.0,2950.0
2018-10-04,3000.0,2950.0
2018-10-05,3000.0,2950.0
2018-10-08,3000.0,2950.0
2018-10-09,3000.0,2950.0
2018-10-10,3000.0,2950.0
2018-10-11,3000.0,2950.0
2018-10-12,3000.0,2950.0
2018-10-15,3000.0,2950.0
2018-10-16,3000.0,2950.0
2018-10-17,3000.0,2950.0
2018-10-18,3000.0,2950.0
2018-10-19,3000.0,2950.0
2018-10-22,3100.0,3000.0
2018-10-23,3000.0,2950.0
2018-10-24,3000.0,2950.0
2018-10-25,3000.0,2950.0
2018-10-26,3000.0,2950.0
2018-10-29,3000.0,2950.0
2018-10-30,3000.0,2950.0
2018-10-31,3000.0,2950.0
2018-11-01,3000.0,2950.0
2018-11-02,3000.0,2950.0
2018-11-05,3000.0,2950.0
2018-11-06,3000.0,2950.0
2018-11-07,3000.0,2950.0
2018-11-08,3000.0,2950.0
2018-11-09,3000.0,2950.0
2018-11-12,3000.0,2950.0
2018-11-13,3000.0,2950.0
2018-11-14,3000.0,2950.0
2018-11-15,3450.0,3400.0
2018-11-16,3450.0,3400.0
2018-11-19,3550.0,3450.0
2018-11-20,3450.0,3400.0
2018-11-21,3450.0,3400.0
2018-11-22,3450.0,3400.0
2018-11-23,3550.0,3500.0
2018-11-26,3550.0,3500.0
2018-11-27,4000.0,3950.0
2018-11-28,4000.0,3950.0
2018-11-29,4000.0,3950.0
2018-11-30,3550.0,3500.0
2018-12-03,3550.0,3500.0
2018-12-04,4100.0,4050.0
2018-12-05,4100.0,4050.0
2018-12-06,4100.0,4050.0
2018-12-07,4100.0,4050.0
2018-12-10,4100.0,4050.0
2018-12-11,4100.0,4050.0
2018-12-12,4100.0,4050.0
2018-12-13,4100.0,4050.0
2018-12-14,4100.0,4050.0
2018-12-17,4100.0,4050.0
2018-12-18,4100.0,4050.0
2018-12-19,4275.0,4100.0
2018-12-20,4100.0,4050.0
2018-12-21,4100.0,4050.0
2018-12-24,4100.0,4050.0
2018-12-25,4100.0,4050.0
2018-12-26,4100.0,4050.0
2018-12-27,4100.0,4050.0
2018-12-28,4100.0,4050.0
2018-12-31,4100.0,4050.0
2019-01-02,4100.0,4050.0
2019-01-03,4100.0,4050.0
2019-01-04,4100.0,4050.0
2019-01-07,4100.0,4050.0
2019-01-08,4100.0,4050.0
2019-01-09,4100.0,4050.0
2019-01-10,4100.0,4050.0
2019-01-11,4100.0,4050.0
2019-01-14,4100.0,4050.0
2019-01-15,4100.0,4050.0
2019-01-16,4100.0,4050.0
2019-01-17,4100.0,4050.0
2019-01-18,4100.0,4050.0
2019-01-21,4100.0,4050.0
2019-01-22,4275.0,4100.0
2019-01-23,4100.0,4050.0
2019-01-24,4100.0,4050.0
2019-01-25,4100.0,4050.0
2019-01-28,4100.0,4050.0
2019-01-29,4100.0,4050.0
2019-01-30,4100.0,4050.0
2019-01-31,4100.0,4050.0
2019-02-01,4100.0,4050.0
2019-02-04,4100.0,4050.0
2019-02-05,4100.0,4050.0
2019-02-06,4100.0,4050.0
2019-02-07,3850.0,3850.0
2019-02-08,3850.0,3850.0
2019-02-11,3850.0,3850.0
2019-02-12,3850.0,3850.0
2019-02-13,3850.0,3850.0
2019-02-14,3850.0,3850.0
2019-02-15,3850.0,3850.0
2019-02-18,3850.0,3850.0
2019-02-19,3850.0,3850.0
2019-02-20,3900.0,3850.0
2019-02-21,3850.0,3850.0
2019-02-22,3850.0,3850.0
2019-02-25,3850.0,3850.0
2019-02-26,3850.0,3850.0
2019-02-27,3850.0,3850.0
2019-02-28,3850.0,3850.0
2019-03-01,3850.0,3850.0
2019-03-04,3850.0,3850.0
2019-03-05,3850.0,3850.0
2019-03-06,3850.0,3850.0
2019-03-07,3650.0,3650.0
2019-03-08,3650.0,3650.0
2019-03-11,3650.0,3650.0
2019-03-12,3650.0,3650.0
2019-03-13,3650.0,3650.0
2019-03-14,3650.0,3650.0
2019-03-15,3650.0,3650.0
2019-03-18,3650.0,3650.0
2019-03-19,3650.0,3650.0
2019-03-20,3700.0,3650.0
2019-03-21,3650.0,3650.0
2019-03-22,3650.0,3650.0
2019-03-25,3650.0,3650.0
2019-03-26,3650.0,3650.0
2019-03-27,3650.0,3650.0
2019-03-28,3650.0,3650.0
2019-03-29,3350.0,3350.0
2019-04-01,3350.0,3350.0
2019-04-02,3350.0,3350.0
2019-04-03,3350.0,3350.0
2019-04-04,3350.0,3350.0
2019-04-05,3350.0,3350.0
2019-04-08,3350.0,3350.0
2019-04-09,3350.0,3350.0
2019-04-10,3350.0,3350.0
2019-04-11,3350.0,3350.0
2019-04-12,3350.0,3350.0
2019-04-15,3350.0,3350.0
2019-04-16,3350.0,3350.0
2019-04-17,3350.0,3350.0
2019-04-18,3350.0,3350.0
2019-04-19,3350.0,3350.0
2019-04-22,3400.0,3350.0
2019-04-23,3350.0,3350.0
2019-04-24,3350.0,3350.0
2019-04-25,3350.0,3350.0
2019-04-26,3350.0,3350.0
2019-04-29,3350.0,3350.0
2019-04-30,3350.0,3350.0
2019-05-01,3100.0,3100.0
2019-05-02,3100.0,3100.0
2019-05-03,3100.0,3100.0
2019-05-06,3100.0,3100.0
2019-05-07,3100.0,3100.0
2019-05-08,3100.0,3100.0
2019-05-09,3100.0,3100.0
2019-05-10,3100.0,3100.0
2019-05-13,3100.0,3100.0
2019-05-14,3100.0,3100.0
2019-05-15,3100.0,3100.0
2019-05-16,3100.0,3100.0
2019-05-17,3100.0,3100.0
2019-05-20,3100.0,3100.0
2019-05-21,3150.0,3100.0
2019-05-22,3100.0,3100.0
2019-05-23,3100.0,3100.0
2019-05-24,3100.0,3100.0
2019-05-27,3100.0,3100.0
2019-05-28,3100.0,3100.0
2019-05-29,3100.0,3100.0
2019-05-30,3100.0,3100.0
2019-05-31,3100.0,3100.0
2019-06-03,3100.0,3100.0
2019-06-04,3100.0,3100.0
2019-06-05,3100.0,3100.0
2019-06-06,3100.0,3100.0
2019-06-07,3100.0,3100.0
2019-06-10,3100.0,3100.0
2019-06-11,3100.0,3100.0
2019-06-12,3400.0,3400.0
2019-06-13,3400.0,3400.0
2019-06-14,3400.0,3400.0
2019-06-17,3400.0,3400.0
2019-06-18,3400.0,3400.0
2019-06-19,3400.0,3400.0
2019-06-20,3450.0,3400.0
2019-06-21,3600.0,3600.0
2019-06-24,3600.0,3600.0
2019-06-25,3600.0,3600.0
2019-06-26,3600.0,3600.0
2019-06-27,3600.0,3600.0
2019-06-28,3600.0,3600.0
2019-07-01,3600.0,3600.0
2019-07-02,3600.0,3600.0
2019-07-03,3600.0,3600.0
2019-07-04,3600.0,3600.0
2019-07-05,3600.0,3600.0
2019-07-08,3600.0,3600.0
2019-07-09,3600.0,3600.0
2019-07-10,3600.0,3600.0
2019-07-11,3600.0,3600.0
2019-07-12,3600.0,3600.0
2019-07-15,3600.0,3600.0
2019-07-16,3600.0,3600.0
2019-07-17,3600.0,3600.0
2019-07-18,3600.0,3600.0
2019-07-19,3600.0,3600.0
2019-07-22,3650.0,3600.0
2019-07-23,3600.0,3600.0
2019-07-24,3600.0,3600.0
2019-07-25,3600.0,3600.0
2019-07-26,3600.0,3600.0
2019-07-29,3600.0,3600.0
2019-07-30,3600.0,3600.0
2019-07-31,3600.0,3600.0
2019-08-01,3600.0,3600.0
2019-08-02,3600.0,3600.0
2019-08-05,3600.0,3600.0
2019-08-06,3600.0,3600.0
2019-08-07,3600.0,3600.0
2019-08-08,3600.0,3600.0
2019-08-09,3600.0,3600.0
2019-08-12,3600.0,3600.0
2019-08-13,3600.0,3600.0
2019-08-14,3600.0,3600.0
2019-08-15,3600.0,3600.0
2019-08-16,3600.0,3600.0
2019-08-19,3600.0,3600.0
2019-08-20,3650.0,3600.0
2019-08-21,3600.0,3600.0
2019-08-22,3600.0,3600.0
2019-08-23,3600.0,3600.0
2019-08-26,3600.0,3600.0
2019-08-27,3600.0,3600.0
2019-08-28,3600.0,3600.0
2019-08-29,3600.0,3600.0
2019-08-30,3600.0,3600.0
2019-09-02,3600.0,3600.0
2019-09-03,3600.0,3600.0
2019-09-04,3600.0,3600.0
2019-09-05,3600.0,3600.0
2019-09-06,3600.0,3600.0
2019-09-09,3600.0,3600.0
2019-09-10,3600.0,3600.0
2019-09-11,3600.0,3600.0
2019-09-12,3600.0,3600.0
2019-09-13,3600.0,3600.0
2019-09-16,3600.0,3600.0
2019-09-17,4250.0,4150.0
2019-09-18,4250.0,4150.0
2019-09-19,4450.0,4400.0
2019-09-20,4500.0,4450.0
2019-09-23,4450.0,4400.0
2019-09-24,4450.0,4400.0
2019-09-25,4450.0,4400.0
2019-09-26,4450.0,4400.0
2019-09-27,4450.0,4400.0
2019-09-30,4450.0,4400.0
2019-10-01,4450.0,4400.0
2019-10-02,4450.0,4400.0
2019-10-03,4450.0,4400.0
2019-10-04,4450.0,4400.0
2019-10-07,4450.0,4400.0
2019-10-08,4450.0,4400.0
2019-10-09,4450.0,4400.0
2019-10-10,4450.0,4400.0
2019-10-11,4450.0,4400.0
2019-10-14,4450.0,4400.0
2019-10-15,4450.0,4400.0
2019-10-16,4450.0,4400.0
2019-10-17,4450.0,4400.0
2019-10-18,4450.0,4400.0
2019-10-21,4450.0,4400.0
2019-10-22,4500.0,4450.0
2019-10-23,4200.0,4175.0
2019-10-24,4200.0,4175.0
2019-10-25,4200.0,4175.0
2019-10-28,4200.0,4175.0
2019-10-29,4200.0,4175.0
2019-10-30,4200.0,4175.0
2019-10-31,4200.0,4175.0
2019-11-01,4200.0,4175.0
2019-11-04,4200.0,4175.0
2019-11-05,4200.0,4175.0
2019-11-06,4200.0,4175.0
2019-11-07,4200.0,4175.0
2019-11-08,4200.0,4175.0
2019-11-11,4200.0,4175.0
2019-11-12,4200.0,4175.0
2019-11-13,3975.0,3925.0
2019-11-14,3975.0,3925.0
2019-11-15,3975.0,3925.0
2019-11-18,3975.0,3925.0
2019-11-19,3975.0,3925.0
2019-11-20,4000.0,3975.0
2019-11-21,3975.0,3925.0
2019-11-22,3975.0,3925.0
2019-11-25,3975.0,3925.0
2019-11-26,3975.0,3925.0
2019-11-27,3975.0,3925.0
2019-11-28,3975.0,3925.0
2019-11-29,3975.0,3925.0
2019-12-02,3975.0,3925.0
2019-12-03,3975.0,3925.0
2019-12-04,3975.0,3925.0
2019-12-05,3975.0,3925.0
2019-12-06,3975.0,3925.0
2019-12-09,3975.0,3925.0
2019-12-10,3975.0,3925.0
2019-12-11,3700.0,3650.0
2019-12-12,3700.0,3650.0
2019-12-13,3700.0,3650.0
2019-12-16,3700.0,3650.0
2019-12-17,3700.0,3650.0
2019-12-18,3700.0,3650.0
2019-12-19,3750.0,3700.0
2019-12-20,3700.0,3650.0
2019-12-23,3700.0,3650.0
2019-12-24,3700.0,3650.0
2019-12-25,3700.0,3650.0
2019-12-26,3700.0,3650.0
2019-12-27,3700.0,3650.0
2019-12-30,3700.0,3650.0
2019-12-31,3700.0,3650.0
2020-01-02,3700,3650
2020-01-03,3700,3650
2020-01-06,3700,3650
2020-01-07,3700,3650
2020-01-08,3700,3650
2020-01-09,3700,3650
2020-01-10,3700,3650
2020-01-13,3700,3650
2020-01-14,3700,3650
2020-01-15,3700,3650
2020-01-16,3700,3650
2020-01-17,3700,3650
2020-01-20,3700,3650
2020-01-21,3750,3700
2020-01-22,3700,3650
2020-01-23,3700,3650
2020-01-24,3700,3650
2020-01-27,3700,3650
2020-01-28,3700,3650
2020-01-29,3450,3400
2020-01-30,3450,3400
2020-01-31,3450,3400
